state,quarter,hpi,hpi_g4,hpi_g1,unemp,unemp_chg12,permits_g,gdp_g,mortgage,mortgage_chg12,fed_funds,cpi_infl,target
AK,2014Q2,297.31,2.6516590132237727,2.175407244484151,6.8,-0.10000000000000053,2.7389812299339455,-4.308831721185413,4.1625,0.09249999999999936,0.1,2.0589816945944195,2.7311560324240647
AK,2014Q3,300.39,2.9473251310874193,1.0359557364367111,6.7,-0.20000000000000018,15.205400887167642,-4.308831721185413,4.1625,-0.32750000000000057,0.09,1.6840509711232077,2.8729318552548344
AK,2014Q4,299.69,2.203048801282259,-0.23303039382136514,6.3,-0.6000000000000005,39.98980621825905,-4.308831721185413,3.864,-0.5934999999999997,0.12,0.6531213919623191,3.1866261803864093
AK,2015Q1,302.54,3.9727816344766076,0.9509826821048506,6.3,-0.6000000000000005,-18.31708639310914,-4.308831721185413,3.77,-0.5725000000000002,0.11,-0.022031284423873476,2.5087591723408353
AK,2015Q2,305.43,2.7311560324240647,0.9552455873603538,6.2,-0.5999999999999996,6.6671307973670935,-2.424232439279772,3.9825,-0.17999999999999972,0.13,0.1795718097550525,2.386798939200485
AK,2015Q3,309.02,2.8729318552548344,1.1753920701961018,6.3,-0.40000000000000036,6.279391871037765,-2.424232439279772,3.89,-0.2724999999999995,0.14,0.008842961634170088,1.9027894634651377
AK,2015Q4,309.24,3.1866261803864093,0.07119280305483144,6.4,0.10000000000000053,12.427762735564807,-2.424232439279772,3.964,0.10000000000000009,0.24,0.6387247515364791,1.1382744793687616
AK,2016Q1,310.13,2.5087591723408353,0.2878023541585728,6.5,0.20000000000000018,60.39156514332766,-2.424232439279772,3.694,-0.07600000000000007,0.36,0.8916160965521946,1.157579079740767
AK,2016Q2,312.72,2.386798939200485,0.8351336536291276,6.7,0.5,16.944345604916066,0.7087741284310667,3.568,-0.41449999999999987,0.38,1.0792865347959424,0.732284471731881
AK,2016Q3,314.9,1.9027894634651377,0.6971092350984698,6.7,0.40000000000000036,15.947947488593229,0.7087741284310667,3.46,-0.43000000000000016,0.4,1.5486446201652182,1.025722451571931
AK,2016Q4,312.76,1.1382744793687616,-0.6795808193077124,6.7,0.2999999999999998,-1.867468676602213,0.7087741284310667,4.198,0.23400000000000043,0.54,2.0507989115119862,2.0111267425501955
AK,2017Q1,313.72,1.157579079740767,0.3069446220744565,6.6,0.09999999999999964,-19.55977288540468,0.7087741284310667,4.196,0.5019999999999998,0.79,2.44119623655914,1.5714650006374953
AK,2017Q2,315.01,0.732284471731881,0.41119469590715774,6.6,-0.10000000000000053,16.149567059937088,-0.40461167897080097,3.904,0.33599999999999985,1.04,1.640565809959127,1.6316942319291483
AK,2017Q3,318.13,1.025722451571931,0.9904447477857792,6.6,-0.10000000000000053,-0.5967585615781257,-0.40461167897080097,3.805,0.3450000000000002,1.15,2.1805652303711787,0.889573444818148
AK,2017Q4,319.05,2.0111267425501955,0.28918995379247914,6.6,-0.10000000000000053,9.768673133001027,-0.40461167897080097,3.95,-0.24800000000000022,1.3,2.129930719552253,0.2695502272371142
AK,2018Q1,318.65,1.5714650006374953,-0.12537219871494587,6.3,-0.2999999999999998,33.23567854200795,-0.40461167897080097,4.444,0.24800000000000022,1.51,2.3309497646499366,1.5063549348815375
AK,2018Q2,320.15,1.6316942319291483,0.4707359171504777,6.0,-0.5999999999999996,2.7894703953449396,0.16272662488145961,4.57,0.6660000000000004,1.82,2.8075506935940187,2.155239731375924
AK,2018Q3,320.96,0.889573444818148,0.2530064032484791,5.9,-0.6999999999999993,2.9459712035879715,0.16272662488145961,4.6275,0.8225000000000002,1.95,2.332055105808828,2.7885094715852654
AK,2018Q4,319.91,0.2695502272371142,-0.32714356929210986,6.1,-0.5,4.463506596987599,0.16272662488145961,4.6375,0.6875,2.27,2.0023809043401064,3.0321027789065536
AK,2019Q1,323.45,1.5063549348815375,1.1065612203432051,5.8,-0.5,-20.704425560480068,0.16272662488145961,4.265,-0.17900000000000027,2.41,1.8831863513063984,2.9463595609831694
AK,2019Q2,327.05,2.155239731375924,1.1130004637502022,5.6,-0.40000000000000036,-4.9350146221529005,-2.0005266017938172,3.8025,-0.7675000000000001,2.38,1.671194894390049,2.7977373490291946
AK,2019Q3,329.91,2.7885094715852654,0.8744840238495755,5.5,-0.40000000000000036,30.509575761627406,-2.0005266017938172,3.605,-1.0225000000000004,2.04,1.6844977040391562,3.2705889485010964
AK,2019Q4,329.61,3.0321027789065536,-0.09093389106120675,5.2,-0.8999999999999995,-2.970580249520982,-2.0005266017938172,3.72,-0.9175,1.55,2.3195274699624457,4.259579503049049
AK,2020Q1,332.98,2.9463595609831694,1.0224204362731637,5.4,-0.39999999999999947,-8.449845807910627,-2.0005266017938172,3.45,-0.8149999999999995,0.65,1.4940399642909163,4.252507658117599
AK,2020Q2,336.2,2.7977373490291946,0.9670250465493302,11.2,5.6,-24.51617511734415,-0.19455178774228088,3.1625,-0.6400000000000001,0.08,0.7166562831830481,7.257584770969672
AK,2020Q3,340.7,3.2705889485010964,1.3384889946460365,7.8,2.3,-23.057721684511833,-0.19455178774228088,2.89,-0.7149999999999999,0.09,1.3910228912373812,10.319929556794838
AK,2020Q4,343.65,4.259579503049049,0.8658643968300517,7.1,1.8999999999999995,12.900129817032745,-0.19455178774228088,2.684,-1.036,0.09,1.3204191315779434,10.621271642659691
AK,2021Q1,347.14,4.252507658117599,1.0155681652844528,7.0,1.5999999999999996,31.06174900237948,-0.19455178774228088,3.0825,-0.36750000000000016,0.07,2.623645747764214,12.643313936740208
AK,2021Q2,360.6,7.257584770969672,3.87739816788617,6.8,-4.3999999999999995,32.633677987862875,-2.8183857572430804,2.975,-0.1875,0.08,5.317418943207719,14.93067110371602
AK,2021Q3,375.86,10.319929556794838,4.231835829173591,5.9,-1.8999999999999995,-2.9422327979079954,-2.8183857572430804,2.9,0.009999999999999787,0.08,5.363523425270289,11.054648007236745
AK,2021Q4,380.15,10.621271642659691,1.1413824296280461,5.4,-1.6999999999999993,-16.060971992814665,-2.8183857572430804,3.098,0.4139999999999997,0.08,7.159457345112474,8.985926607917927
AK,2022Q1,391.03,12.643313936740208,2.862028146784157,4.6,-2.4000000000000004,5.512960171835712,-2.8183857572430804,4.172,1.0894999999999997,0.2,8.540780148538584,8.178400634222438
AK,2022Q2,414.44,14.93067110371602,5.98675293455746,4.1,-2.7,-8.227058699150936,1.6948486580892874,5.522,2.547,1.21,8.999298141923106,4.444551684200371
AK,2022Q3,417.41,11.054648007236745,0.7166296689508744,3.9,-2.0000000000000004,-10.055327662744917,1.6948486580892874,6.112,3.212,2.56,8.205751582451759,6.602620924271108
AK,2022Q4,414.31,8.985926607917927,-0.7426750676792659,4.0,-1.4000000000000004,-34.87947031903585,1.6948486580892874,6.364,3.266,4.1,6.410831677385809,4.458014530182708
AK,2023Q1,423.01,8.178400634222438,2.0998769037677167,4.0,-0.5999999999999996,-19.329435823994125,1.6948486580892874,6.544,2.372,4.65,4.931348641757127,5.103898252996397
AK,2023Q2,432.86,4.444551684200371,2.328550152478681,4.2,0.10000000000000053,-57.78156498469659,-2.424271694614022,6.714,1.1920000000000002,5.08,3.0592533347792994,4.9715843459779085
AK,2023Q3,444.97,6.602620924271108,2.7976713024996602,4.4,0.5000000000000004,-39.58437750412431,-2.424271694614022,7.2,1.088,5.33,3.6950823322234427,3.7013731262781624
AK,2023Q4,432.78,4.458014530182708,-2.7395105287997046,4.5,0.5,-35.69684878720643,-2.424271694614022,6.815,0.4510000000000005,5.33,3.322200208829762,5.4369425574194885
AK,2024Q1,444.6,5.103898252996397,2.731179814224327,4.4,0.40000000000000036,-64.22111715761142,-2.424271694614022,6.82,0.2760000000000007,5.33,3.4690014354717524,3.8956365272154736
AK,2024Q2,454.38,4.9715843459779085,2.199730094466923,4.6,0.39999999999999947,75.59955279776098,7.275322664628758,6.9175,0.20350000000000001,5.33,2.9700853998204435,4.663497513094761
AK,2024Q3,461.44,3.7013731262781624,1.5537655706677311,4.8,0.39999999999999947,-16.664338882957086,7.275322664628758,6.18,-1.0200000000000005,5.13,2.432541464144644,3.335211511789171
AK,2024Q4,456.31,5.4369425574194885,-1.111737170596394,4.7,0.20000000000000018,73.29877127000017,7.275322664628758,6.715,-0.10000000000000053,4.48,2.872366268806581,6.335605180688564
AK,2025Q1,461.92,3.8956365272154736,1.2294273629769314,4.7,0.2999999999999998,63.9028254815587,7.275322664628758,6.65,-0.16999999999999993,4.33,2.4055852640280317,6.999047454104601
AK,2025Q2,475.57,4.663497513094761,2.955057152753726,4.7,0.10000000000000053,-16.382817404612894,3.2517099206773814,6.8175,-0.10000000000000053,4.33,2.6726833178446263,3.9026851988140487
AK,2025Q3,476.83,3.335211511789171,0.2649452236263894,4.7,0.0,20.73788373281069,3.2517099206773814,6.3525,0.17250000000000032,4.22,2.9392196249335534,
AL,2014Q2,274.14,0.2449994514937437,0.22667446621820186,6.9,-0.39999999999999947,-2.0194426726716452,1.6140380163544465,4.1625,0.09249999999999936,0.1,2.0589816945944195,2.936455825490625
AL,2014Q3,277.12,1.531472118414312,1.0870358211133135,6.6,-0.7000000000000002,15.136305015038332,1.6140380163544465,4.1625,-0.32750000000000057,0.09,1.6840509711232077,2.4393764434180065
AL,2014Q4,278.52,2.4799470159688086,0.5051963048498864,6.2,-1.0,20.96874407212992,1.6140380163544465,3.864,-0.5934999999999997,0.12,0.6531213919623191,2.610225477524075
AL,2015Q1,281.49,2.913863702837105,1.0663507109004877,6.1,-1.0,-3.6595325823337133,1.6140380163544465,3.77,-0.5725000000000002,0.11,-0.022031284423873476,1.7478418416284836
AL,2015Q2,282.19,2.936455825490625,0.2486766847845434,6.1,-0.8000000000000007,14.142846486427608,-0.43142998092894347,3.9825,-0.17999999999999972,0.13,0.1795718097550525,2.8916687338318203
AL,2015Q3,283.88,2.4393764434180065,0.5988872745313456,6.1,-0.5,19.07214981349683,-0.43142998092894347,3.89,-0.2724999999999995,0.14,0.008842961634170088,3.8889671692264427
AL,2015Q4,285.79,2.610225477524075,0.6728195011977078,6.0,-0.20000000000000018,7.70802966700721,-0.43142998092894347,3.964,0.10000000000000009,0.24,0.6387247515364791,2.87973686972951
AL,2016Q1,286.41,1.7478418416284836,0.2169425102347855,5.9,-0.1999999999999993,6.380047069942396,-0.43142998092894347,3.694,-0.07600000000000007,0.36,0.8916160965521946,3.2051953493243746
AL,2016Q2,290.35,2.8916687338318203,1.375650291540098,5.8,-0.2999999999999998,18.091002842534976,1.397728927063624,3.568,-0.41449999999999987,0.38,1.0792865347959424,3.065266058205607
AL,2016Q3,294.92,3.8889671692264427,1.573962459101086,5.8,-0.2999999999999998,-9.108785313665091,1.397728927063624,3.46,-0.43000000000000016,0.4,1.5486446201652182,2.3769157737691504
AL,2016Q4,294.02,2.87973686972951,-0.3051675030516843,5.6,-0.40000000000000036,-7.8529536356657275,1.397728927063624,4.198,0.23400000000000043,0.54,2.0507989115119862,3.3977280457111902
AL,2017Q1,295.59,3.2051953493243746,0.5339772804570986,5.0,-0.9000000000000004,1.368642169265244,1.397728927063624,4.196,0.5019999999999998,0.79,2.44119623655914,3.9040562941912826
AL,2017Q2,299.25,3.065266058205607,1.2382015629757603,4.5,-1.2999999999999998,-12.719902500139336,1.8724548373464822,3.904,0.33599999999999985,1.04,1.640565809959127,4.163742690058481
AL,2017Q3,301.93,2.3769157737691504,0.8955722639933272,4.1,-1.7000000000000002,6.095633970302727,1.8724548373464822,3.805,0.3450000000000002,1.15,2.1805652303711787,4.232769184910401
AL,2017Q4,304.01,3.3977280457111902,0.6889014009869854,4.0,-1.5999999999999996,21.32366291525114,1.8724548373464822,3.95,-0.24800000000000022,1.3,2.129930719552253,3.657774415315296
AL,2018Q1,307.13,3.9040562941912826,1.0262820301963682,4.0,-1.0,-0.9048375214251503,1.8724548373464822,4.444,0.24800000000000022,1.51,2.3309497646499366,4.568098199459514
AL,2018Q2,311.71,4.163742690058481,1.4912252140787174,4.0,-0.5,13.78566767389473,1.762966568136859,4.57,0.6660000000000004,1.82,2.8075506935940187,4.47531359276252
AL,2018Q3,314.71,4.232769184910401,0.9624330307016038,3.9,-0.19999999999999973,-0.7975777394541583,1.762966568136859,4.6275,0.8225000000000002,1.95,2.332055105808828,4.95376696005847
AL,2018Q4,315.13,3.657774415315296,0.13345619776938822,3.8,-0.20000000000000018,-11.653279560821817,1.762966568136859,4.6375,0.6875,2.27,2.0023809043401064,6.032431060197374
AL,2019Q1,321.16,4.568098199459514,1.9134960175165805,3.4,-0.6000000000000001,-2.720582203465849,1.762966568136859,4.265,-0.17900000000000027,2.41,1.8831863513063984,5.287084319342372
AL,2019Q2,325.66,4.47531359276252,1.4011707560094733,3.0,-1.0,1.7232772736540225,1.9358263836152023,3.8025,-0.7675000000000001,2.38,1.671194894390049,5.333783700792227
AL,2019Q3,330.3,4.95376696005847,1.4247988699870984,3.0,-0.8999999999999999,20.78302802819905,1.9358263836152023,3.605,-1.0225000000000004,2.04,1.6844977040391562,5.87344838026036
AL,2019Q4,334.14,6.032431060197374,1.1625794732061712,3.1,-0.6999999999999997,28.029582697643573,1.9358263836152023,3.72,-0.9175,1.55,2.3195274699624457,6.865385766445198
AL,2020Q1,338.14,5.287084319342372,1.1971030107140734,3.4,0.0,26.23660752624446,1.9358263836152023,3.45,-0.8149999999999995,0.65,1.4940399642909163,7.8074170461938985
AL,2020Q2,343.03,5.333783700792227,1.4461465665109197,8.6,5.6,12.284552393696258,2.021658557086492,3.1625,-0.6400000000000001,0.08,0.7166562831830481,11.136052240328853
AL,2020Q3,349.7,5.87344838026036,1.9444363466752268,5.9,2.9000000000000004,25.367455175656197,2.021658557086492,2.89,-0.7149999999999999,0.09,1.3910228912373812,15.233056905919362
AL,2020Q4,357.08,6.865385766445198,2.1103803259937104,4.5,1.4,13.039308227697589,2.021658557086492,2.684,-1.036,0.09,1.3204191315779434,17.413464769799482
AL,2021Q1,364.54,7.8074170461938985,2.08916769351406,3.7,0.30000000000000027,29.125202973245724,2.021658557086492,3.0825,-0.36750000000000016,0.07,2.623645747764214,18.343665990014824
AL,2021Q2,381.23,11.136052240328853,4.578372743731829,3.5,-5.1,9.672286434310774,-0.9975904769683686,2.975,-0.1875,0.08,5.317418943207719,19.408231251475485
AL,2021Q3,402.97,15.233056905919362,5.702594234451652,3.0,-2.9000000000000004,-5.204621936151099,-0.9975904769683686,2.9,0.009999999999999787,0.08,5.363523425270289,16.197235526217835
AL,2021Q4,419.26,17.413464769799482,4.04248455219991,2.7,-1.7999999999999998,-3.269996024666022,-0.9975904769683686,3.098,0.4139999999999997,0.08,7.159457345112474,11.548919524877178
AL,2022Q1,431.41,18.343665990014824,2.897963077803767,2.5,-1.2000000000000002,-3.2776458700397693,-0.9975904769683686,4.172,1.0894999999999997,0.2,8.540780148538584,9.774924086136139
AL,2022Q2,455.22,19.408231251475485,5.519111749843542,2.5,-1.0,10.075780099391496,4.898812019253396,5.522,2.547,1.21,8.999298141923106,5.647818637142477
AL,2022Q3,468.24,16.197235526217835,2.8601555291946745,2.5,-0.5,12.106551052532065,4.898812019253396,6.112,3.212,2.56,8.205751582451759,4.634375533914237
AL,2022Q4,467.68,11.548919524877178,-0.11959678797197615,2.3,-0.40000000000000036,-9.886871096218798,4.898812019253396,6.364,3.266,4.1,6.410831677385809,4.492387957577826
AL,2023Q1,473.58,9.774924086136139,1.2615463564830565,2.3,-0.20000000000000018,-10.408217041731282,4.898812019253396,6.544,2.372,4.65,4.931348641757127,4.837619831918594
AL,2023Q2,480.93,5.647818637142477,1.552008108450531,2.3,-0.20000000000000018,2.8885538382410703,2.5199710537800346,6.714,1.1920000000000002,5.08,3.0592533347792994,5.387478427213943
AL,2023Q3,489.94,4.634375533914237,1.8734535171438749,2.6,0.10000000000000009,-23.55516056714163,2.5199710537800346,7.2,1.088,5.33,3.6950823322234427,4.814875290851939
AL,2023Q4,488.69,4.492387957577826,-0.25513328162631854,2.8,0.5,12.57607380823529,2.5199710537800346,6.815,0.4510000000000005,5.33,3.322200208829762,6.183879350917754
AL,2024Q1,496.49,4.837619831918594,1.5961038695287533,2.9,0.6000000000000001,3.031323615291215,2.5199710537800346,6.82,0.2760000000000007,5.33,3.4690014354717524,4.421035670406259
AL,2024Q2,506.84,5.387478427213943,2.0846341316038464,2.9,0.6000000000000001,-2.975905491514197,3.5302147289142383,6.9175,0.20350000000000001,5.33,2.9700853998204435,4.275511009391519
AL,2024Q3,513.53,4.814875290851939,1.3199431773340597,3.3,0.6999999999999997,3.885463809344447,3.5302147289142383,6.18,-1.0200000000000005,5.13,2.432541464144644,3.0670067960975933
AL,2024Q4,518.91,6.183879350917754,1.0476505754288823,3.3,0.5,18.848279337590547,3.5302147289142383,6.715,-0.10000000000000053,4.48,2.872366268806581,3.5709467923146665
AL,2025Q1,518.44,4.421035670406259,-0.0905744734154168,3.3,0.3999999999999999,-12.60066944251481,3.5302147289142383,6.65,-0.16999999999999993,4.33,2.4055852640280317,4.293650181313158
AL,2025Q2,528.51,4.275511009391519,1.9423655582130994,3.2,0.30000000000000027,-21.183949807319735,2.9461523870813355,6.8175,-0.10000000000000053,4.33,2.6726833178446263,3.710431212276033
AL,2025Q3,529.28,3.0670067960975933,0.1456926075192433,2.9,-0.20000000000000018,-8.088632728186196,2.9461523870813355,6.3525,0.17250000000000032,4.22,2.9392196249335534,
AR,2014Q2,244.28,0.6841975105102538,0.04095339503644713,5.9,-1.1999999999999993,1.4908319687160443,2.766854004846664,4.1625,0.09249999999999936,0.1,2.0589816945944195,2.308825937448833
AR,2014Q3,246.34,1.2328429358099857,0.8432945799901725,5.7,-1.2999999999999998,-7.121162614233356,2.766854004846664,4.1625,-0.32750000000000057,0.09,1.6840509711232077,2.8537793293821556
AR,2014Q4,249.17,2.5939803186890042,1.1488187058536825,5.5,-1.0999999999999996,45.5028663287409,2.766854004846664,3.864,-0.5934999999999997,0.12,0.6531213919623191,2.504314323554202
AR,2015Q1,248.92,1.9411909247276427,-0.10033310591163191,5.4,-0.6999999999999993,44.923670772291246,2.766854004846664,3.77,-0.5725000000000002,0.11,-0.022031284423873476,2.03679897155713
AR,2015Q2,249.92,2.308825937448833,0.4017354973485432,5.1,-0.8000000000000007,-1.8761796713371859,1.3072124483072711,3.9825,-0.17999999999999972,0.13,0.1795718097550525,3.137003841229191
AR,2015Q3,253.37,2.8537793293821556,1.3804417413572523,4.6,-1.1000000000000005,75.8236899762368,1.3072124483072711,3.89,-0.2724999999999995,0.14,0.008842961634170088,2.7903856020839113
AR,2015Q4,255.41,2.504314323554202,0.8051466235150073,4.3,-1.2000000000000002,-28.84997613086916,1.3072124483072711,3.964,0.10000000000000009,0.24,0.6387247515364791,2.5253513957949947
AR,2016Q1,253.99,2.03679897155713,-0.5559688344230818,4.0,-1.4000000000000004,12.015333835130605,1.3072124483072711,3.694,-0.07600000000000007,0.36,0.8916160965521946,4.287570376786487
AR,2016Q2,257.76,3.137003841229191,1.4843104059214962,4.0,-1.0999999999999996,35.41904047554792,0.10139247867133605,3.568,-0.41449999999999987,0.38,1.0792865347959424,3.0415890751086305
AR,2016Q3,260.44,2.7903856020839113,1.0397268777156965,3.9,-0.6999999999999997,-16.41311387352754,0.10139247867133605,3.46,-0.43000000000000016,0.4,1.5486446201652182,3.225311012133303
AR,2016Q4,261.86,2.5253513957949947,0.5452311472892157,3.8,-0.5,27.097241397144135,0.10139247867133605,4.198,0.23400000000000043,0.54,2.0507989115119862,3.5018712289009324
AR,2017Q1,264.88,4.287570376786487,1.153288016497367,3.7,-0.2999999999999998,5.934346482350539,0.10139247867133605,4.196,0.5019999999999998,0.79,2.44119623655914,3.299607369374824
AR,2017Q2,265.6,3.0415890751086305,0.27182120205377913,3.7,-0.2999999999999998,4.520119298453817,1.2362125357414655,3.904,0.33599999999999985,1.04,1.640565809959127,4.07756024096384
AR,2017Q3,268.84,3.225311012133303,1.2198795180722755,3.8,-0.10000000000000009,35.47539278140677,1.2362125357414655,3.805,0.3450000000000002,1.15,2.1805652303711787,3.6527302484749447
AR,2017Q4,271.03,3.5018712289009324,0.8146109209939079,3.8,0.0,29.229550044603346,1.2362125357414655,3.95,-0.24800000000000022,1.3,2.129930719552253,3.6232151422352032
AR,2018Q1,273.62,3.299607369374824,0.9556137696933975,3.7,0.0,31.314590077322222,1.2362125357414655,4.444,0.24800000000000022,1.51,2.3309497646499366,3.490241941378569
AR,2018Q2,276.43,4.07756024096384,1.0269717125941158,3.6,-0.10000000000000009,-0.08189386356945993,0.6889914975344524,4.57,0.6660000000000004,1.82,2.8075506935940187,3.6790507542596718
AR,2018Q3,278.66,3.6527302484749447,0.8067141771877173,3.6,-0.19999999999999973,-27.400502711078367,0.6889914975344524,4.6275,0.8225000000000002,1.95,2.332055105808828,4.015646307327936
AR,2018Q4,280.85,3.6232151422352032,0.7859039689944725,3.7,-0.09999999999999964,-16.463945573559112,0.6889914975344524,4.6375,0.6875,2.27,2.0023809043401064,4.034181947658877
AR,2019Q1,283.17,3.490241941378569,0.8260637350899103,3.5,-0.20000000000000018,-25.15136095873345,0.6889914975344524,4.265,-0.17900000000000027,2.41,1.8831863513063984,3.824557686195562
AR,2019Q2,286.6,3.6790507542596718,1.2112865063389489,3.4,-0.20000000000000018,-5.016337833486995,2.0088373992796393,3.8025,-0.7675000000000001,2.38,1.671194894390049,3.5066294487089866
AR,2019Q3,289.85,4.015646307327936,1.1339846475924675,3.5,-0.10000000000000009,83.11177864875651,2.0088373992796393,3.605,-1.0225000000000004,2.04,1.6844977040391562,3.9054683456960504
AR,2019Q4,292.18,4.034181947658877,0.803864067621185,3.5,-0.20000000000000018,45.106498619196515,2.0088373992796393,3.72,-0.9175,1.55,2.3195274699624457,5.575330275857349
AR,2020Q1,294.0,3.824557686195562,0.6229036895064599,4.8,1.2999999999999998,11.519951265546279,2.0088373992796393,3.45,-0.8149999999999995,0.65,1.4940399642909163,6.846938775510192
AR,2020Q2,296.65,3.5066294487089866,0.9013605442176775,7.9,4.5,20.255718910560972,0.6716720265376841,3.1625,-0.6400000000000001,0.08,0.7166562831830481,11.134333389516282
AR,2020Q3,301.17,3.9054683456960504,1.523681105680108,5.9,2.4000000000000004,-13.102953223075032,0.6716720265376841,2.89,-0.7149999999999999,0.09,1.3910228912373812,15.735299000564451
AR,2020Q4,308.47,5.575330275857349,2.4238802005511983,5.0,1.5,4.738013699087573,0.6716720265376841,2.684,-1.036,0.09,1.3204191315779434,17.778065938340838
AR,2021Q1,314.13,6.846938775510192,1.83486238532109,4.7,-0.09999999999999964,51.0074716162483,0.6716720265376841,3.0825,-0.36750000000000016,0.07,2.623645747764214,18.89663515105211
AR,2021Q2,329.68,11.134333389516282,4.950179861840653,4.2,-3.7,4.149522820892471,0.9240685426819661,2.975,-0.1875,0.08,5.317418943207719,20.350036398932293
AR,2021Q3,348.56,15.735299000564451,5.726765348216456,3.5,-2.4000000000000004,11.031081875065208,0.9240685426819661,2.9,0.009999999999999787,0.08,5.363523425270289,17.394422767959593
AR,2021Q4,363.31,17.778065938340838,4.231696121184303,3.2,-1.7999999999999998,5.14627243467356,0.9240685426819661,3.098,0.4139999999999997,0.08,7.159457345112474,12.592551815254183
AR,2022Q1,373.49,18.89663515105211,2.8020148082904317,3.2,-1.5,-5.379747268072066,0.9240685426819661,4.172,1.0894999999999997,0.2,8.540780148538584,10.996278347479183
AR,2022Q2,396.77,20.350036398932293,6.233098610404553,3.2,-1.0,41.27778771747328,7.195885217250431,5.522,2.547,1.21,8.999298141923106,7.198124858230215
AR,2022Q3,409.19,17.394422767959593,3.1302769866673463,3.2,-0.2999999999999998,-8.325657842175914,7.195885217250431,6.112,3.212,2.56,8.205751582451759,5.706395561963884
AR,2022Q4,409.06,12.592551815254183,-0.0317700823578293,3.0,-0.20000000000000018,-35.77008791539943,7.195885217250431,6.364,3.266,4.1,6.410831677385809,6.326700239573646
AR,2023Q1,414.56,10.996278347479183,1.344546032366889,2.9,-0.30000000000000027,-24.10962356698494,7.195885217250431,6.544,2.372,4.65,4.931348641757127,5.38160941721344
AR,2023Q2,425.33,7.198124858230215,2.5979351601698175,3.0,-0.20000000000000018,-30.080840679341936,0.7535884819827698,6.714,1.1920000000000002,5.08,3.0592533347792994,4.925587191122194
AR,2023Q3,432.54,5.706395561963884,1.6951543507394362,3.4,0.19999999999999973,-10.206390650701092,0.7535884819827698,7.2,1.088,5.33,3.6950823322234427,5.060803625098242
AR,2023Q4,434.94,6.326700239573646,0.5548619780829434,3.5,0.5,47.67482215403085,0.7535884819827698,6.815,0.4510000000000005,5.33,3.322200208829762,5.014484756518134
AR,2024Q1,436.87,5.38160941721344,0.4437393663493827,3.4,0.5,9.984503768461227,0.7535884819827698,6.82,0.2760000000000007,5.33,3.4690014354717524,5.1731636413578475
AR,2024Q2,446.28,4.925587191122194,2.1539588435919077,3.4,0.3999999999999999,3.3836984005958026,2.376831660320766,6.9175,0.20350000000000001,5.33,2.9700853998204435,4.10056466792148
AR,2024Q3,454.43,5.060803625098242,1.8262077619431771,3.5,0.10000000000000009,18.405555530253935,2.376831660320766,6.18,-1.0200000000000005,5.13,2.432541464144644,3.39546244746165
AR,2024Q4,456.75,5.014484756518134,0.51052967453733,3.6,0.10000000000000009,1.3922267859900694,2.376831660320766,6.715,-0.10000000000000053,4.48,2.872366268806581,4.100711548987412
AR,2025Q1,459.47,5.1731636413578475,0.5955117679255606,3.7,0.30000000000000027,20.929091180951296,2.376831660320766,6.65,-0.16999999999999993,4.33,2.4055852640280317,3.893616558208368
AR,2025Q2,464.58,4.10056466792148,1.1121509565368726,3.7,0.30000000000000027,7.178399169178906,3.8191000788910134,6.8175,-0.10000000000000053,4.33,2.6726833178446263,3.1512333720780106
AR,2025Q3,469.86,3.39546244746165,1.136510396487167,3.8,0.2999999999999998,23.76152391583375,3.8191000788910134,6.3525,0.17250000000000032,4.22,2.9392196249335534,
AZ,2014Q2,299.3,9.722120390057931,1.7611859105127081,6.8,-1.1000000000000005,4.205321613715096,0.6000458466533853,4.1625,0.09249999999999936,0.1,2.0589816945944195,5.80020046775811
AZ,2014Q3,302.33,7.68655387355297,1.0123621784162928,6.7,-1.0,17.17201299032629,0.6000458466533853,4.1625,-0.32750000000000057,0.09,1.6840509711232077,6.836900076075825
AZ,2014Q4,307.45,6.54629886332132,1.6935137101842468,6.5,-0.9000000000000004,17.468711023074167,0.6000458466533853,3.864,-0.5934999999999997,0.12,0.6531213919623191,6.534395836721418
AZ,2015Q1,310.04,5.41275669794643,0.8424134005529549,6.3,-0.7000000000000002,-9.958379071599543,0.6000458466533853,3.77,-0.5725000000000002,0.11,-0.022031284423873476,6.879757450651525
AZ,2015Q2,316.66,5.80020046775811,2.1352083602115934,6.1,-0.7000000000000002,15.891469939330394,0.9574051252777549,3.9825,-0.17999999999999972,0.13,0.1795718097550525,6.840144003031634
AZ,2015Q3,323.0,6.836900076075825,2.0021474136297623,6.0,-0.7000000000000002,39.79985199273624,0.9574051252777549,3.89,-0.2724999999999995,0.14,0.008842961634170088,6.510835913312696
AZ,2015Q4,327.54,6.534395836721418,1.405572755417972,5.8,-0.7000000000000002,16.473725956132277,0.9574051252777549,3.964,0.10000000000000009,0.24,0.6387247515364791,6.689259327105068
AZ,2016Q1,331.37,6.879757450651525,1.169322830799291,5.6,-0.7000000000000002,20.82202777453517,0.9574051252777549,3.694,-0.07600000000000007,0.36,0.8916160965521946,7.0102906117029296
AZ,2016Q2,338.32,6.840144003031634,2.097353411594294,5.5,-0.5999999999999996,21.420160494379402,2.2741524294613624,3.568,-0.41449999999999987,0.38,1.0792865347959424,7.507685031922451
AZ,2016Q3,344.03,6.510835913312696,1.687751241428237,5.4,-0.5999999999999996,-0.4827752198543145,2.2741524294613624,3.46,-0.43000000000000016,0.4,1.5486446201652182,7.949888091154844
AZ,2016Q4,349.45,6.689259327105068,1.575444001976578,5.3,-0.5,14.76066135478733,2.2741524294613624,4.198,0.23400000000000043,0.54,2.0507989115119862,7.511804263843191
AZ,2017Q1,354.6,7.0102906117029296,1.473744455573045,5.1,-0.5,6.343780857067016,2.2741524294613624,4.196,0.5019999999999998,0.79,2.44119623655914,8.155668358714042
AZ,2017Q2,363.72,7.507685031922451,2.5719120135363704,4.9,-0.5999999999999996,-4.1024282795215194,3.3785421611314703,3.904,0.33599999999999985,1.04,1.640565809959127,7.6762344660727955
AZ,2017Q3,371.38,7.949888091154844,2.106015616408219,4.8,-0.6000000000000005,9.363172965760903,3.3785421611314703,3.805,0.3450000000000002,1.15,2.1805652303711787,7.851796004092848
AZ,2017Q4,375.7,7.511804263843191,1.1632290376433874,4.9,-0.39999999999999947,7.097766105514425,3.3785421611314703,3.95,-0.24800000000000022,1.3,2.129930719552253,7.870641469257378
AZ,2018Q1,383.52,8.155668358714042,2.0814479638008976,4.8,-0.2999999999999998,16.98671797754272,3.3785421611314703,4.444,0.24800000000000022,1.51,2.3309497646499366,7.016583229036311
AZ,2018Q2,391.64,7.6762344660727955,2.1172298706716663,4.7,-0.20000000000000018,10.325324303786765,4.416999677751421,4.57,0.6660000000000004,1.82,2.8075506935940187,6.891533040547437
AZ,2018Q3,400.54,7.851796004092848,2.2724951486058798,4.8,0.0,19.738952941876263,4.416999677751421,4.6275,0.8225000000000002,1.95,2.332055105808828,6.076796324961298
AZ,2018Q4,405.27,7.870641469257378,1.1809057772007803,5.0,0.09999999999999964,-4.467298744997872,4.416999677751421,4.6375,0.6875,2.27,2.0023809043401064,6.657290201594002
AZ,2019Q1,410.43,7.016583229036311,1.2732252572359215,4.9,0.10000000000000053,-6.979729417625247,4.416999677751421,4.265,-0.17900000000000027,2.41,1.8831863513063984,7.421484784250665
AZ,2019Q2,418.63,6.891533040547437,1.9979046366006337,4.8,0.09999999999999964,17.18138026715883,3.992596795547265,3.8025,-0.7675000000000001,2.38,1.671194894390049,7.15906647875213
AZ,2019Q3,424.88,6.076796324961298,1.49296514822157,4.7,-0.09999999999999964,-0.5606357452477728,3.992596795547265,3.605,-1.0225000000000004,2.04,1.6844977040391562,8.162304650724916
AZ,2019Q4,432.25,6.657290201594002,1.7346074185652371,4.7,-0.2999999999999998,34.78767837638603,3.992596795547265,3.72,-0.9175,1.55,2.3195274699624457,10.077501445922499
AZ,2020Q1,440.89,7.421484784250665,1.9988432620011487,4.9,0.0,54.20354190093417,3.992596795547265,3.45,-0.8149999999999995,0.65,1.4940399642909163,12.731066705981075
AZ,2020Q2,448.6,7.15906647875213,1.7487355122592918,9.8,5.000000000000001,-9.267870355053432,3.8044066613490912,3.1625,-0.6400000000000001,0.08,0.7166562831830481,19.614355773517623
AZ,2020Q3,459.56,8.162304650724916,2.443156486847964,7.5,2.8,32.027380221417864,3.8044066613490912,2.89,-0.7149999999999999,0.09,1.3910228912373812,26.442684306728182
AZ,2020Q4,475.81,10.077501445922499,3.5359909478631657,6.5,1.7999999999999998,33.61876479803194,3.8044066613490912,2.684,-1.036,0.09,1.3204191315779434,28.32222946133962
AZ,2021Q1,497.02,12.731066705981075,4.457661671675672,6.0,1.0999999999999996,6.475482374394015,3.8044066613490912,3.0825,-0.36750000000000016,0.07,2.623645747764214,28.71715423926604
AZ,2021Q2,536.59,19.614355773517623,7.961450243450985,5.3,-4.500000000000001,52.82273036400673,1.9498760626036171,2.975,-0.1875,0.08,5.317418943207719,28.095939171434424
AZ,2021Q3,581.08,26.442684306728182,8.291246575597766,4.2,-3.3,2.9195136859636373,1.9498760626036171,2.9,0.009999999999999787,0.08,5.363523425270289,19.778687960349693
AZ,2021Q4,610.57,28.32222946133962,5.07503269773526,3.7,-2.8,-0.37384145382037826,1.9498760626036171,3.098,0.4139999999999997,0.08,7.159457345112474,9.656550436477374
AZ,2022Q1,639.75,28.71715423926604,4.77914080285633,3.6,-2.4,15.487068971527563,1.9498760626036171,4.172,1.0894999999999997,0.2,8.540780148538584,3.9046502540054817
AZ,2022Q2,687.35,28.095939171434424,7.4404064087534305,3.7,-1.5999999999999996,-8.082806318201785,8.147975383809625,5.522,2.547,1.21,8.999298141923106,-1.6949152542372836
AZ,2022Q3,696.01,19.778687960349693,1.2599112533643764,3.8,-0.40000000000000036,-7.1725620716059595,8.147975383809625,6.112,3.212,2.56,8.205751582451759,-1.0718236806942505
AZ,2022Q4,669.53,9.656550436477374,-3.804543038174746,3.7,0.0,-26.060017674971615,8.147975383809625,6.364,3.266,4.1,6.410831677385809,3.6592833778919642
AZ,2023Q1,664.73,3.9046502540054817,-0.7169208250563774,3.6,0.0,-30.04243953264648,8.147975383809625,6.544,2.372,4.65,4.931348641757127,5.047162005626338
AZ,2023Q2,675.7,-1.6949152542372836,1.6502941043732067,3.7,0.0,-20.425490048402374,4.374062793615963,6.714,1.1920000000000002,5.08,3.0592533347792994,5.082137043066437
AZ,2023Q3,688.55,-1.0718236806942505,1.9017315376646415,3.8,0.0,14.025511474672548,4.374062793615963,7.2,1.088,5.33,3.6950823322234427,3.993900225110747
AZ,2023Q4,694.03,3.6592833778919642,0.7958753903129834,3.6,-0.10000000000000009,29.328825149992443,4.374062793615963,6.815,0.4510000000000005,5.33,3.322200208829762,3.2289670475339705
AZ,2024Q1,698.28,5.047162005626338,0.6123654597063544,3.3,-0.30000000000000027,24.869122123976695,4.374062793615963,6.82,0.2760000000000007,5.33,3.4690014354717524,2.5333677035000335
AZ,2024Q2,710.04,5.082137043066437,1.684138168070115,3.5,-0.20000000000000018,18.836668071482364,3.345877271756237,6.9175,0.20350000000000001,5.33,2.9700853998204435,2.02805475747847
AZ,2024Q3,716.05,3.993900225110747,0.8464311869753827,3.8,0.0,-12.337773956893649,3.345877271756237,6.18,-1.0200000000000005,5.13,2.432541464144644,1.221981705188191
AZ,2024Q4,716.44,3.2289670475339705,0.05446547028840065,3.8,0.19999999999999973,-16.250252879642225,3.345877271756237,6.715,-0.10000000000000053,4.48,2.872366268806581,1.7000725810954131
AZ,2025Q1,715.97,2.5333677035000335,-0.06560214393389607,4.1,0.7999999999999998,-22.095335760892233,3.345877271756237,6.65,-0.16999999999999993,4.33,2.4055852640280317,2.336690084780102
AZ,2025Q2,724.44,2.02805475747847,1.183010461332179,4.1,0.5999999999999996,-6.212273135370405,4.518758593596539,6.8175,-0.10000000000000053,4.33,2.6726833178446263,0.9345149356744464
AZ,2025Q3,724.8,1.221981705188191,0.049693556402163885,4.1,0.39999999999999947,-25.166539952068867,4.518758593596539,6.3525,0.17250000000000032,4.22,2.9392196249335534,
CA,2014Q2,484.0,13.6497053091319,2.7099293338709307,7.6,-1.5,3.710475619296849,3.7641480878231492,4.1625,0.09249999999999936,0.1,2.0589816945944195,6.6694214876033
CA,2014Q3,494.12,10.585918266863615,2.090909090909099,7.3,-1.5000000000000009,8.336329297083367,3.7641480878231492,4.1625,-0.32750000000000057,0.09,1.6840509711232077,7.150084999595241
CA,2014Q4,499.74,8.262564991334486,1.1373755363069726,6.9,-1.5,10.404523130828757,3.7641480878231492,3.864,-0.5934999999999997,0.12,0.6531213919623191,7.409853123624277
CA,2015Q1,504.97,7.159985569679361,1.0465442029855554,6.6,-1.4000000000000004,38.80252730863232,3.7641480878231492,3.77,-0.5725000000000002,0.11,-0.022031284423873476,7.68560508545062
CA,2015Q2,516.28,6.6694214876033,2.2397370140800232,6.3,-1.2999999999999998,23.388546016633427,3.7746898916578564,3.9825,-0.17999999999999972,0.13,0.1795718097550525,7.1957077554815285
CA,2015Q3,529.45,7.150084999595241,2.5509413496552336,5.9,-1.3999999999999995,23.69381896615026,3.7746898916578564,3.89,-0.2724999999999995,0.14,0.008842961634170088,6.818396449145325
CA,2015Q4,536.77,7.409853123624277,1.382566814618924,5.7,-1.2000000000000002,-6.230963203239037,3.7746898916578564,3.964,0.10000000000000009,0.24,0.6387247515364791,6.628537362371234
CA,2016Q1,543.78,7.68560508545062,1.3059597220411057,5.6,-1.0,-1.0570651977760304,3.7746898916578564,3.694,-0.07600000000000007,0.36,0.8916160965521946,6.348155504064135
CA,2016Q2,553.43,7.1957077554815285,1.7746147338997265,5.5,-0.7999999999999998,-1.2391682365971102,4.829949095303254,3.568,-0.41449999999999987,0.38,1.0792865347959424,6.660282239849669
CA,2016Q3,565.55,6.818396449145325,2.1899788591149827,5.5,-0.40000000000000036,1.878998057758463,4.829949095303254,3.46,-0.43000000000000016,0.4,1.5486446201652182,6.4591990098134655
CA,2016Q4,572.35,6.628537362371234,1.2023693749447562,5.4,-0.2999999999999998,14.978927051462154,4.829949095303254,4.198,0.23400000000000043,0.54,2.0507989115119862,6.696951166244425
CA,2017Q1,578.3,6.348155504064135,1.0395736874290185,5.0,-0.5999999999999996,-8.386341295994448,4.829949095303254,4.196,0.5019999999999998,0.79,2.44119623655914,7.406190558533643
CA,2017Q2,590.29,6.660282239849669,2.073318346878783,4.8,-0.7000000000000002,22.573180746625777,3.0531353453552956,3.904,0.33599999999999985,1.04,1.640565809959127,7.232038489555981
CA,2017Q3,602.08,6.4591990098134655,1.9973233495400589,4.7,-0.7999999999999998,11.548656632610532,3.0531353453552956,3.805,0.3450000000000002,1.15,2.1805652303711787,6.460935423863945
CA,2017Q4,610.68,6.696951166244425,1.4283816104172065,4.5,-0.9000000000000004,12.681045566941851,3.0531353453552956,3.95,-0.24800000000000022,1.3,2.129930719552253,4.9453068710290315
CA,2018Q1,621.13,7.406190558533643,1.7112071788825567,4.3,-0.7000000000000002,30.902176780477397,3.0531353453552956,4.444,0.24800000000000022,1.51,2.3309497646499366,3.857485550528872
CA,2018Q2,632.98,7.232038489555981,1.907813179205653,4.2,-0.5999999999999996,7.24011040835757,4.453179821548203,4.57,0.6660000000000004,1.82,2.8075506935940187,2.947960441088182
CA,2018Q3,640.98,6.460935423863945,1.2638629972510973,4.2,-0.5,-3.652839458333401,4.453179821548203,4.6275,0.8225000000000002,1.95,2.332055105808828,2.741115167399899
CA,2018Q4,640.88,4.9453068710290315,-0.015601110799090545,4.3,-0.20000000000000018,-9.885035222195626,4.453179821548203,4.6375,0.6875,2.27,2.0023809043401064,3.4234178005242866
CA,2019Q1,645.09,3.857485550528872,0.6569092497815454,4.2,-0.09999999999999964,-15.038620518980517,4.453179821548203,4.265,-0.17900000000000027,2.41,1.8831863513063984,3.720411105427157
CA,2019Q2,651.64,2.947960441088182,1.0153621975228289,4.0,-0.20000000000000018,-19.24364058258258,4.029117801632753,3.8025,-0.7675000000000001,2.38,1.671194894390049,3.854889202627221
CA,2019Q3,658.55,2.741115167399899,1.0604014486526259,4.0,-0.20000000000000018,10.584217100231207,4.029117801632753,3.605,-1.0225000000000004,2.04,1.6844977040391562,3.967808063169076
CA,2019Q4,662.82,3.4234178005242866,0.6483941993774334,4.1,-0.20000000000000018,7.800441876450348,4.029117801632753,3.72,-0.9175,1.55,2.3195274699624457,5.435864940707891
CA,2020Q1,669.09,3.720411105427157,0.9459581786910531,5.5,1.2999999999999998,7.4482727035728225,4.029117801632753,3.45,-0.8149999999999995,0.65,1.4940399642909163,7.377183936391218
CA,2020Q2,676.76,3.854889202627221,1.1463330792568893,13.8,9.8,-23.352868723546017,4.161344648171195,3.1625,-0.6400000000000001,0.08,0.7166562831830481,12.456409953306924
CA,2020Q3,684.68,3.967808063169076,1.1702819315562385,9.9,5.9,-3.3641309946313647,4.161344648171195,2.89,-0.7149999999999999,0.09,1.3910228912373812,16.953905474090103
CA,2020Q4,698.85,5.435864940707891,2.0695799497575607,9.0,4.9,2.1077036245860548,4.161344648171195,2.684,-1.036,0.09,1.3204191315779434,19.215854618301485
CA,2021Q1,718.45,7.377183936391218,2.8046075695785877,8.5,3.0,12.671349614186411,4.161344648171195,3.0825,-0.36750000000000016,0.07,2.623645747764214,20.64026724197925
CA,2021Q2,761.06,12.456409953306924,5.93082330016006,7.9,-5.9,46.14144900260679,-1.3117686537183815,2.975,-0.1875,0.08,5.317418943207719,20.794681102672598
CA,2021Q3,800.76,16.953905474090103,5.21640869313853,6.5,-3.4000000000000004,-0.5291243426326919,-1.3117686537183815,2.9,0.009999999999999787,0.08,5.363523425270289,14.014186522803351
CA,2021Q4,833.14,19.215854618301485,4.0436585244018275,5.4,-3.5999999999999996,6.392726688095385,-1.3117686537183815,3.098,0.4139999999999997,0.08,7.159457345112474,6.445495354922337
CA,2022Q1,866.74,20.64026724197925,4.0329356410687245,4.5,-4.0,-2.522227792322851,-1.3117686537183815,4.172,1.0894999999999997,0.2,8.540780148538584,1.9809862242425647
CA,2022Q2,919.32,20.794681102672598,6.066409765327552,4.0,-3.9000000000000004,5.587201463803737,7.5224797900100615,5.522,2.547,1.21,8.999298141923106,-1.5076360788408794
CA,2022Q3,912.98,14.014186522803351,-0.6896401688204379,4.0,-2.5,1.0402469088951483,7.5224797900100615,6.112,3.212,2.56,8.205751582451759,0.3110692457666042
CA,2022Q4,886.84,6.445495354922337,-2.863151438147604,4.4,-1.0,-26.333951710431148,7.5224797900100615,6.364,3.266,4.1,6.410831677385809,3.2576338460150733
CA,2023Q1,883.91,1.9809862242425647,-0.33038654097695686,4.5,0.0,-18.258791356265657,7.5224797900100615,6.544,2.372,4.65,4.931348641757127,5.289000011313361
CA,2023Q2,905.46,-1.5076360788408794,2.438031021257836,4.6,0.5999999999999996,-4.911271461253397,-0.12380072117387231,6.714,1.1920000000000002,5.08,3.0592533347792994,4.459611689086218
CA,2023Q3,915.82,0.3110692457666042,1.1441698142380607,4.9,0.9000000000000004,-0.7288438829397448,-0.12380072117387231,7.2,1.088,5.33,3.6950823322234427,4.196239435696958
CA,2023Q4,915.73,3.2576338460150733,-0.009827258631611713,5.1,0.6999999999999993,16.330958778586947,-0.12380072117387231,6.815,0.4510000000000005,5.33,3.322200208829762,4.4783942865255
CA,2024Q1,930.66,5.289000011313361,1.630393238181549,5.1,0.5999999999999996,2.4042209211251775,-0.12380072117387231,6.82,0.2760000000000007,5.33,3.4690014354717524,2.951668708228583
CA,2024Q2,945.84,4.459611689086218,1.6311005093159858,5.3,0.7000000000000002,-16.304772959250748,1.8049311844765104,6.9175,0.20350000000000001,5.33,2.9700853998204435,2.1599847754377066
CA,2024Q3,954.25,4.196239435696958,0.8891567284107227,5.5,0.5999999999999996,-12.065512294955461,1.8049311844765104,6.18,-1.0200000000000005,5.13,2.432541464144644,1.2323814514016318
CA,2024Q4,956.74,4.4783942865255,0.2609379093528874,5.5,0.40000000000000036,-3.8719596486916252,1.8049311844765104,6.715,-0.10000000000000053,4.48,2.872366268806581,1.321153082342108
CA,2025Q1,958.13,2.951668708228583,0.145285030415776,5.3,0.20000000000000018,-7.90001172467012,1.8049311844765104,6.65,-0.16999999999999993,4.33,2.4055852640280317,1.7836827987851356
CA,2025Q2,966.27,2.1599847754377066,0.8495715612703902,5.4,0.10000000000000053,2.5274869052801074,3.2119748201039133,6.8175,-0.10000000000000053,4.33,2.6726833178446263,0.9003694619516223
CA,2025Q3,966.01,1.2323814514016318,-0.026907593115799155,5.5,0.09999999999999964,-3.5021379022945665,3.2119748201039133,6.3525,0.17250000000000032,4.22,2.9392196249335534,
CO,2014Q2,378.17,8.293004209501454,3.4212109610020303,5.0,-1.7999999999999998,6.355888896751716,4.19735293660215,4.1625,0.09249999999999936,0.1,2.0589816945944195,10.077478382737915
CO,2014Q3,386.53,8.077955485963528,2.210646005764594,4.4,-2.0999999999999996,18.432943276507217,4.19735293660215,4.1625,-0.32750000000000057,0.09,1.6840509711232077,11.567019377538612
CO,2014Q4,392.22,8.768718801996677,1.4720720254572939,4.2,-1.8999999999999995,2.650765855276749,4.19735293660215,3.864,-0.5934999999999997,0.12,0.6531213919623191,11.470603232879494
CO,2015Q1,399.75,9.3228682382541,1.9198409056141896,4.0,-1.5999999999999996,-9.81064078153665,4.19735293660215,3.77,-0.5725000000000002,0.11,-0.022031284423873476,11.329580988117582
CO,2015Q2,416.28,10.077478382737915,4.135084427767355,3.8,-1.2000000000000002,21.209268995392083,4.615467283349273,3.9825,-0.17999999999999972,0.13,0.1795718097550525,10.68031132891325
CO,2015Q3,431.24,11.567019377538612,3.5937349860670764,3.4,-1.0000000000000004,0.4633987492245861,4.615467283349273,3.89,-0.2724999999999995,0.14,0.008842961634170088,9.699935070958166
CO,2015Q4,437.21,11.470603232879494,1.384379927650481,3.3,-0.9000000000000004,4.787222587867546,4.615467283349273,3.964,0.10000000000000009,0.24,0.6387247515364791,9.787058850438001
CO,2016Q1,445.04,11.329580988117582,1.7909013974977794,3.3,-0.7000000000000002,18.320379368400985,4.615467283349273,3.694,-0.07600000000000007,0.36,0.8916160965521946,9.657558871112704
CO,2016Q2,460.74,10.68031132891325,3.527772784468808,3.2,-0.5999999999999996,12.534691064950753,4.796178808429952,3.568,-0.41449999999999987,0.38,1.0792865347959424,9.638841863089809
CO,2016Q3,473.07,9.699935070958166,2.6761297043885968,3.0,-0.3999999999999999,18.839676015238194,4.796178808429952,3.46,-0.43000000000000016,0.4,1.5486446201652182,8.516710000634165
CO,2016Q4,480.0,9.787058850438001,1.4648994863339482,2.7,-0.5999999999999996,35.398806821376795,4.796178808429952,4.198,0.23400000000000043,0.54,2.0507989115119862,8.383333333333344
CO,2017Q1,488.02,9.657558871112704,1.6708333333333325,2.4,-0.8999999999999999,31.234857543048953,4.796178808429952,4.196,0.5019999999999998,0.79,2.44119623655914,9.47092332281465
CO,2017Q2,505.15,9.638841863089809,3.5101020449981535,2.5,-0.7000000000000002,19.507216539905414,2.1659711593123854,3.904,0.33599999999999985,1.04,1.640565809959127,8.452934771849963
CO,2017Q3,513.36,8.516710000634165,1.6252598238147176,2.8,-0.20000000000000018,15.508526489038399,2.1659711593123854,3.805,0.3450000000000002,1.15,2.1805652303711787,8.366448496181999
CO,2017Q4,520.24,8.383333333333344,1.340190119993756,2.9,0.19999999999999973,-13.162389546146757,2.1659711593123854,3.95,-0.24800000000000022,1.3,2.129930719552253,7.248577579578663
CO,2018Q1,534.24,9.47092332281465,2.6910656620021456,2.9,0.5,40.38124283838589,2.1659711593123854,4.444,0.24800000000000022,1.51,2.3309497646499366,5.873764600179698
CO,2018Q2,547.85,8.452934771849963,2.5475441749026606,3.1,0.6000000000000001,-1.8870007141264966,3.7087500429393794,4.57,0.6660000000000004,1.82,2.8075506935940187,4.875422104590665
CO,2018Q3,556.31,8.366448496181999,1.544218307930989,3.1,0.30000000000000027,1.5656382236600486,3.7087500429393794,4.6275,0.8225000000000002,1.95,2.332055105808828,4.242239039384521
CO,2018Q4,557.95,7.248577579578663,0.29479966205894215,3.0,0.10000000000000009,17.036413230863978,3.7087500429393794,4.6375,0.6875,2.27,2.0023809043401064,4.797920960659563
CO,2019Q1,565.62,5.873764600179698,1.3746751501030552,2.8,-0.10000000000000009,-35.32222279409504,3.7087500429393794,4.265,-0.17900000000000027,2.41,1.8831863513063984,4.501255259715009
CO,2019Q2,574.56,4.875422104590665,1.5805664580460288,2.5,-0.6000000000000001,3.2156936479449616,4.281841905307426,3.8025,-0.7675000000000001,2.38,1.671194894390049,4.084864940128097
CO,2019Q3,579.91,4.242239039384521,0.9311473127262548,2.5,-0.6000000000000001,-5.4589623314932005,4.281841905307426,3.605,-1.0225000000000004,2.04,1.6844977040391562,4.752461588867241
CO,2019Q4,584.72,4.797920960659563,0.8294390508872151,2.8,-0.20000000000000018,6.210141511033784,4.281841905307426,3.72,-0.9175,1.55,2.3195274699624457,6.01484471199889
CO,2020Q1,591.08,4.501255259715009,1.0877000957723482,3.4,0.6000000000000001,15.19696703501079,4.281841905307426,3.45,-0.8149999999999995,0.65,1.4940399642909163,7.718075387426415
CO,2020Q2,598.03,4.084864940128097,1.175813764634226,11.2,8.7,-15.21290833161817,5.07143258092384,3.1625,-0.6400000000000001,0.08,0.7166562831830481,14.094610638262317
CO,2020Q3,607.47,4.752461588867241,1.5785161279534554,6.3,3.8,28.93895421993953,5.07143258092384,2.89,-0.7149999999999999,0.09,1.3910228912373812,18.982007341926344
CO,2020Q4,619.89,6.01484471199889,2.044545409649845,6.4,3.6000000000000005,19.071815385888293,5.07143258092384,2.684,-1.036,0.09,1.3204191315779434,19.887399377308878
CO,2021Q1,636.7,7.718075387426415,2.7117714433205986,6.2,2.8000000000000003,29.991595978483375,5.07143258092384,3.0825,-0.36750000000000016,0.07,2.623645747764214,21.53604523323387
CO,2021Q2,682.32,14.094610638262317,7.165069891628706,5.9,-5.299999999999999,56.07549070108604,-0.8291341521128537,2.975,-0.1875,0.08,5.317418943207719,21.777172001406942
CO,2021Q3,722.78,18.982007341926344,5.929769023332154,4.9,-1.3999999999999995,18.525793885154364,-0.8291341521128537,2.9,0.009999999999999787,0.08,5.363523425270289,13.753839342538555
CO,2021Q4,743.17,19.887399377308878,2.8210520490328905,4.2,-2.2,12.532133606172646,-0.8291341521128537,3.098,0.4139999999999997,0.08,7.159457345112474,7.916089185516095
CO,2022Q1,773.82,21.53604523323387,4.124224605406579,3.3,-2.9000000000000004,7.671490960845917,-0.8291341521128537,4.172,1.0894999999999997,0.2,8.540780148538584,4.042283735235586
CO,2022Q2,830.91,21.777172001406942,7.377684732883605,2.9,-3.0000000000000004,-9.584094506577845,6.7706231079717405,5.522,2.547,1.21,8.999298141923106,-0.6956228713097645
CO,2022Q3,822.19,13.753839342538555,-1.049451805851409,2.8,-2.1000000000000005,-26.52790912791122,6.7706231079717405,6.112,3.212,2.56,8.205751582451759,0.28703827582430286
CO,2022Q4,802.0,7.916089185516095,-2.455636774954706,3.0,-1.2000000000000002,-44.40691119488155,6.7706231079717405,6.364,3.266,4.1,6.410831677385809,1.7032418952618311
CO,2023Q1,805.1,4.042283735235586,0.38653366583540905,3.1,-0.19999999999999973,-29.610228837463293,6.7706231079717405,6.544,2.372,4.65,4.931348641757127,3.0219848466028987
CO,2023Q2,825.13,-0.6956228713097645,2.487889703142465,3.2,0.30000000000000027,-16.2669030396273,4.003576586501101,6.714,1.1920000000000002,5.08,3.0592533347792994,2.0142280610327967
CO,2023Q3,824.55,0.28703827582430286,-0.07029195399513855,3.4,0.6000000000000001,-27.623767937020038,4.003576586501101,7.2,1.088,5.33,3.6950823322234427,2.3503729306894705
CO,2023Q4,815.66,1.7032418952618311,-1.0781638469468224,3.8,0.7999999999999998,27.43661628795062,4.003576586501101,6.815,0.4510000000000005,5.33,3.322200208829762,3.4585489051810914
CO,2024Q1,829.43,3.0219848466028987,1.6882034180908612,4.0,0.8999999999999999,-15.803839855884583,4.003576586501101,6.82,0.2760000000000007,5.33,3.4690014354717524,2.0387495026705116
CO,2024Q2,841.75,2.0142280610327967,1.4853574141277859,4.2,1.0,-34.188236530001056,4.176549501971372,6.9175,0.20350000000000001,5.33,2.9700853998204435,1.1535491535491493
CO,2024Q3,843.93,2.3503729306894705,0.2589842589842517,4.5,1.1,-12.230950439721344,4.176549501971372,6.18,-1.0200000000000005,5.13,2.432541464144644,0.7654663301458697
CO,2024Q4,843.87,3.4585489051810914,-0.007109594397636254,4.6,0.7999999999999998,-21.483546910430164,4.176549501971372,6.715,-0.10000000000000053,4.48,2.872366268806581,1.4196499460817469
CO,2025Q1,846.34,2.0387495026705116,0.2926991124225342,4.8,0.7999999999999998,-16.10036146125069,4.176549501971372,6.65,-0.16999999999999993,4.33,2.4055852640280317,0.9428834747264636
CO,2025Q2,851.46,1.1535491535491493,0.6049578183708659,4.7,0.5,20.18611141777995,1.9565667753685956,6.8175,-0.10000000000000053,4.33,2.6726833178446263,0.20318041951472576
CO,2025Q3,850.39,0.7654663301458697,-0.12566650224321574,4.2,-0.20000000000000018,9.900519241668192,1.9565667753685956,6.3525,0.17250000000000032,4.22,2.9392196249335534,
CT,2014Q2,379.01,-0.5484124901600662,0.8353952164312117,6.6,-1.5,61.374223965322884,-1.797421504806196,4.1625,0.09249999999999936,0.1,2.0589816945944195,2.13978522994116
CT,2014Q3,381.52,0.2443574450195829,0.6622516556291425,6.4,-1.3999999999999995,-26.03933075260828,-1.797421504806196,4.1625,-0.32750000000000057,0.09,1.6840509711232077,0.8885510589222267
CT,2014Q4,381.06,1.0179735963098402,-0.12057035017822848,6.1,-1.3000000000000007,-13.63857973981636,-1.797421504806196,3.864,-0.5934999999999997,0.12,0.6531213919623191,0.8161444391959316
CT,2015Q1,386.13,2.729667172160588,1.3304991339946337,5.8,-1.1000000000000005,-24.20880577761938,-1.797421504806196,3.77,-0.5725000000000002,0.11,-0.022031284423873476,-0.4713438479268639
CT,2015Q2,387.12,2.13978522994116,0.2563903348613117,5.6,-1.0,-11.412076842435749,0.6545878699630414,3.9825,-0.17999999999999972,0.13,0.1795718097550525,-0.19373837569746089
CT,2015Q3,384.91,0.8885510589222267,-0.5708824137218405,5.5,-0.9000000000000004,28.225542294871488,0.6545878699630414,3.89,-0.2724999999999995,0.14,0.008842961634170088,1.2574368034085737
CT,2015Q4,384.17,0.8161444391959316,-0.19225273440545143,5.3,-0.7999999999999998,78.57429560956935,0.6545878699630414,3.964,0.10000000000000009,0.24,0.6387247515364791,1.4837181456126114
CT,2016Q1,384.31,-0.4713438479268639,0.03644220006766563,5.1,-0.7000000000000002,33.66138548183151,0.6545878699630414,3.694,-0.07600000000000007,0.36,0.8916160965521946,0.04163305664699468
CT,2016Q2,386.37,-0.19373837569746089,0.5360256043298373,4.9,-0.6999999999999993,-26.29187741998139,3.171072938514796,3.568,-0.41449999999999987,0.38,1.0792865347959424,0.9162202034319389
CT,2016Q3,389.75,1.2574368034085737,0.8748091207909425,4.7,-0.7999999999999998,-14.513223465989311,3.171072938514796,3.46,-0.43000000000000016,0.4,1.5486446201652182,0.608082103912766
CT,2016Q4,389.87,1.4837181456126114,0.030788967286721203,4.6,-0.7000000000000002,-46.10744118925769,3.171072938514796,4.198,0.23400000000000043,0.54,2.0507989115119862,0.574550491189374
CT,2017Q1,384.47,0.04163305664699468,-1.3850770769743725,4.5,-0.5999999999999996,-26.82939527849979,3.171072938514796,4.196,0.5019999999999998,0.79,2.44119623655914,1.5631908861549748
CT,2017Q2,389.91,0.9162202034319389,1.4149348453715405,4.4,-0.5,-18.237823522031448,-0.2505301822666506,3.904,0.33599999999999985,1.04,1.640565809959127,0.8694314072478226
CT,2017Q3,392.12,0.608082103912766,0.5667974660819031,4.3,-0.40000000000000036,6.220387317910325,-0.2505301822666506,3.805,0.3450000000000002,1.15,2.1805652303711787,1.2623686626542785
CT,2017Q4,392.11,0.574550491189374,-0.0025502397225318774,4.3,-0.2999999999999998,24.909046274907798,-0.2505301822666506,3.95,-0.24800000000000022,1.3,2.129930719552253,0.7115350284358835
CT,2018Q1,390.48,1.5631908861549748,-0.4156996761112919,4.1,-0.40000000000000036,33.76806986731624,-0.2505301822666506,4.444,0.24800000000000022,1.51,2.3309497646499366,1.7055931161647164
CT,2018Q2,393.3,0.8694314072478226,0.7221880762138921,3.9,-0.5000000000000004,10.649744811758556,2.1174423798696385,4.57,0.6660000000000004,1.82,2.8075506935940187,2.5578438850750063
CT,2018Q3,397.07,1.2623686626542785,0.9585558098143876,3.8,-0.5,-17.30701478636998,2.1174423798696385,4.6275,0.8225000000000002,1.95,2.332055105808828,2.7476263631097897
CT,2018Q4,394.9,0.7115350284358835,-0.5465031354673022,3.7,-0.5999999999999996,8.827414786362286,2.1174423798696385,4.6375,0.6875,2.27,2.0023809043401064,3.9199797417067694
CT,2019Q1,397.14,1.7055931161647164,0.5672322106862415,3.5,-0.5999999999999996,-12.276097547249421,2.1174423798696385,4.265,-0.17900000000000027,2.41,1.8831863513063984,3.724127511708719
CT,2019Q2,403.36,2.5578438850750063,1.5661983179735106,3.5,-0.3999999999999999,34.17597665153282,0.25840246156003666,3.8025,-0.7675000000000001,2.38,1.671194894390049,3.2179690598968635
CT,2019Q3,407.98,2.7476263631097897,1.1453788179293989,3.6,-0.19999999999999973,18.63953107170364,0.25840246156003666,3.605,-1.0225000000000004,2.04,1.6844977040391562,4.311485857149844
CT,2019Q4,410.38,3.9199797417067694,0.588264130594629,3.7,0.0,53.96540942559434,0.25840246156003666,3.72,-0.9175,1.55,2.3195274699624457,6.506165017788379
CT,2020Q1,411.93,3.724127511708719,0.37769871826112134,3.9,0.3999999999999999,23.664459412055862,0.25840246156003666,3.45,-0.8149999999999995,0.65,1.4940399642909163,8.921418687641115
CT,2020Q2,416.34,3.2179690598968635,1.0705702425169328,11.5,8.0,-1.658626224616011,0.23402776867307296,3.1625,-0.6400000000000001,0.08,0.7166562831830481,13.316039775183741
CT,2020Q3,425.57,4.311485857149844,2.2169380794542892,8.8,5.200000000000001,49.57858941199436,0.23402776867307296,2.89,-0.7149999999999999,0.09,1.3910228912373812,16.843292525318976
CT,2020Q4,437.08,6.506165017788379,2.704607937589576,7.4,3.7,-36.17698906991396,0.23402776867307296,2.684,-1.036,0.09,1.3204191315779434,16.088587901528317
CT,2021Q1,448.68,8.921418687641115,2.6539763887617918,7.2,3.3000000000000003,-21.60393179739126,0.23402776867307296,3.0825,-0.36750000000000016,0.07,2.623645747764214,16.180797004546665
CT,2021Q2,471.78,13.316039775183741,5.148435410537577,7.0,-4.5,-4.348970318139211,-4.9008194737840345,2.975,-0.1875,0.08,5.317418943207719,16.91890287846032
CT,2021Q3,497.25,16.843292525318976,5.398702785196496,5.9,-2.9000000000000004,-48.129733469065506,-4.9008194737840345,2.9,0.009999999999999787,0.08,5.363523425270289,12.975364504776277
CT,2021Q4,507.4,16.088587901528317,2.041226747109093,5.0,-2.4000000000000004,-5.02737235990508,-4.9008194737840345,3.098,0.4139999999999997,0.08,7.159457345112474,10.315333070555788
CT,2022Q1,521.28,16.180797004546665,2.735514387071336,4.4,-2.8,19.124962446641234,-4.9008194737840345,4.172,1.0894999999999997,0.2,8.540780148538584,8.76688152240639
CT,2022Q2,551.6,16.91890287846032,5.816451810926959,4.0,-3.0,-18.135958132204387,3.4548789606058783,5.522,2.547,1.21,8.999298141923106,8.002175489485142
CT,2022Q3,561.77,12.975364504776277,1.843727338651191,3.7,-2.2,56.72576191266832,3.4548789606058783,6.112,3.212,2.56,8.205751582451759,8.161703188137492
CT,2022Q4,559.74,10.315333070555788,-0.361357851077837,3.5,-1.5,12.025980851979723,3.4548789606058783,6.364,3.266,4.1,6.410831677385809,10.09218565762675
CT,2023Q1,566.98,8.76688152240639,1.2934576767785089,3.2,-1.2000000000000002,53.71531286249373,3.4548789606058783,6.544,2.372,4.65,4.931348641757127,9.383047021058921
CT,2023Q2,595.74,8.002175489485142,5.072489329429608,3.0,-1.0,9.665977950642034,3.164453182992233,6.714,1.1920000000000002,5.08,3.0592533347792994,9.151643334340488
CT,2023Q3,607.62,8.161703188137492,1.9941585255312644,3.2,-0.5,-29.537632973992366,3.164453182992233,7.2,1.088,5.33,3.6950823322234427,9.122477864454748
CT,2023Q4,616.23,10.09218565762675,1.4170040485830038,3.3,-0.20000000000000018,-21.254153244503694,3.164453182992233,6.815,0.4510000000000005,5.33,3.322200208829762,8.3166999334664
CT,2024Q1,620.18,9.383047021058921,0.6409944338964246,3.2,0.0,-48.786473608802275,3.164453182992233,6.82,0.2760000000000007,5.33,3.4690014354717524,9.026411686929613
CT,2024Q2,650.26,9.151643334340488,4.850204779257639,3.1,0.10000000000000009,-0.38396249178781483,1.3889460655775787,6.9175,0.20350000000000001,5.33,2.9700853998204435,7.180204841140481
CT,2024Q3,663.05,9.122477864454748,1.966905545474118,3.2,0.0,35.210171587858795,1.3889460655775787,6.18,-1.0200000000000005,5.13,2.432541464144644,6.366035743910725
CT,2024Q4,667.48,8.3166999334664,0.6681245758238585,3.2,-0.09999999999999964,81.20563556358107,1.3889460655775787,6.715,-0.10000000000000053,4.48,2.872366268806581,6.220411098459877
CT,2025Q1,676.16,9.026411686929613,1.3004134955354463,3.6,0.3999999999999999,6.34722779593504,1.3889460655775787,6.65,-0.16999999999999993,4.33,2.4055852640280317,6.476277804070052
CT,2025Q2,696.95,7.180204841140481,3.0747160435399934,3.8,0.6999999999999997,33.70709320648375,1.0350653271121946,6.8175,-0.10000000000000053,4.33,2.6726833178446263,5.674725590071006
CT,2025Q3,705.26,6.366035743910725,1.1923380443360276,3.8,0.5999999999999996,76.6440636132166,1.0350653271121946,6.3525,0.17250000000000032,4.22,2.9392196249335534,
DC,2014Q2,686.84,8.469544069108203,2.436987322893369,6.2,-0.8999999999999995,8.115577092948346,2.0117690216737705,4.1625,0.09249999999999936,0.1,2.0589816945944195,5.860171218915622
DC,2014Q3,693.8,6.155423290542705,1.0133364393454025,5.9,-1.0499999999999998,6.42722838258325,2.0117690216737705,4.1625,-0.32750000000000057,0.09,1.6840509711232077,7.147592966272698
DC,2014Q4,709.74,8.104732457008822,2.2974920726434256,5.6,-1.0,15.951871687325369,2.0117690216737705,3.864,-0.5934999999999997,0.12,0.6531213919623191,6.929298052808064
DC,2015Q1,715.86,6.765100671140933,0.8622875982754241,5.55,-0.7000000000000002,-5.947862671303739,2.0117690216737705,3.77,-0.5725000000000002,0.11,-0.022031284423873476,6.900790657391109
DC,2015Q2,727.09,5.860171218915622,1.5687424915486359,5.25,-0.9500000000000002,0.5181761245113492,1.2374290793991438,3.9825,-0.17999999999999972,0.13,0.1795718097550525,7.541019681194894
DC,2015Q3,743.39,7.147592966272698,2.2418132555804604,5.0,-0.9000000000000004,5.18190669595846,1.2374290793991438,3.89,-0.2724999999999995,0.14,0.008842961634170088,5.991471502172474
DC,2015Q4,758.92,6.929298052808064,2.089078411062828,4.9,-0.6999999999999993,8.78288903512152,1.2374290793991438,3.964,0.10000000000000009,0.24,0.6387247515364791,5.589521952247933
DC,2016Q1,765.26,6.900790657391109,0.8353976703736832,4.9,-0.6499999999999995,16.362753450319588,1.2374290793991438,3.694,-0.07600000000000007,0.36,0.8916160965521946,4.418106264537558
DC,2016Q2,781.92,7.541019681194894,2.177037869482268,4.9,-0.34999999999999964,9.41086131871758,2.4299044105283496,3.568,-0.41449999999999987,0.38,1.0792865347959424,4.6897380806220745
DC,2016Q3,787.93,5.991471502172474,0.7686208307755349,4.7,-0.2999999999999998,1.6681740595528405,2.4299044105283496,3.46,-0.43000000000000016,0.4,1.5486446201652182,5.2923483050524744
DC,2016Q4,801.34,5.589521952247933,1.7019278362291113,4.6,-0.3000000000000007,-9.793380461439781,2.4299044105283496,4.198,0.23400000000000043,0.54,2.0507989115119862,4.180497666408756
DC,2017Q1,799.07,4.418106264537558,-0.2832755135148579,4.45,-0.4500000000000002,1.501628874989036,2.4299044105283496,4.196,0.5019999999999998,0.79,2.44119623655914,5.813007621359811
DC,2017Q2,818.59,4.6897380806220745,2.442839801268981,4.3,-0.6000000000000005,0.4163157814666363,3.1186791253703827,3.904,0.33599999999999985,1.04,1.640565809959127,4.831478517939369
DC,2017Q3,829.63,5.2923483050524744,1.34866050159419,4.15,-0.5499999999999998,3.800522074415036,3.1186791253703827,3.805,0.3450000000000002,1.15,2.1805652303711787,3.924641105070936
DC,2017Q4,834.84,4.180497666408756,0.6279907910755389,4.1,-0.5,14.592708423029555,3.1186791253703827,3.95,-0.24800000000000022,1.3,2.129930719552253,4.741028220976462
DC,2018Q1,845.52,5.813007621359811,1.2792870490153652,4.0,-0.4500000000000002,8.603325966549358,3.1186791253703827,4.444,0.24800000000000022,1.51,2.3309497646499366,4.06258870281011
DC,2018Q2,858.14,4.831478517939369,1.4925726180338827,3.8,-0.5,9.20730201157005,3.478636597733309,4.57,0.6660000000000004,1.82,2.8075506935940187,3.2011093760924814
DC,2018Q3,862.19,3.924641105070936,0.4719509637122199,3.75,-0.40000000000000036,-2.8130021340918687,3.478636597733309,4.6275,0.8225000000000002,1.95,2.332055105808828,4.348229508576984
DC,2018Q4,874.42,4.741028220976462,1.418480845289305,3.65,-0.44999999999999973,-5.370747810164933,3.478636597733309,4.6375,0.6875,2.27,2.0023809043401064,3.5360581871412
DC,2019Q1,879.87,4.06258870281011,0.62327028201552,3.5,-0.5,-11.839891186409822,3.478636597733309,4.265,-0.17900000000000027,2.41,1.8831863513063984,3.749417527589305
DC,2019Q2,885.61,3.2011093760924814,0.6523690999806764,3.4,-0.3999999999999999,-8.558785075041552,3.440723631940812,3.8025,-0.7675000000000001,2.38,1.671194894390049,3.328779033660423
DC,2019Q3,899.68,4.348229508576984,1.5887354478833826,3.5,-0.25,8.379614157768177,3.440723631940812,3.605,-1.0225000000000004,2.04,1.6844977040391562,2.8954739462920154
DC,2019Q4,905.34,3.5360581871412,0.6291125733594249,3.45,-0.19999999999999973,14.737451702342597,3.440723631940812,3.72,-0.9175,1.55,2.3195274699624457,4.49444407625863
DC,2020Q1,912.86,3.749417527589305,0.8306271676939092,3.7,0.20000000000000018,17.840577337232833,3.440723631940812,3.45,-0.8149999999999995,0.65,1.4940399642909163,4.735665929058119
DC,2020Q2,915.09,3.328779033660423,0.244287185329628,9.8,6.4,-2.9626710612287277,2.7564984647133084,3.1625,-0.6400000000000001,0.08,0.7166562831830481,8.818804707733662
DC,2020Q3,925.73,2.8954739462920154,1.162727163448407,7.1,3.5999999999999996,5.842373268411416,2.7564984647133084,2.89,-0.7149999999999999,0.09,1.3910228912373812,10.083933760383701
DC,2020Q4,946.03,4.49444407625863,2.19286401002452,6.25,2.8,9.496507472483895,2.7564984647133084,2.684,-1.036,0.09,1.3204191315779434,8.709026140820075
DC,2021Q1,956.09,4.735665929058119,1.0633912243797727,5.95,2.25,16.939312023917765,2.7564984647133084,3.0825,-0.36750000000000016,0.07,2.623645747764214,10.171636561411578
DC,2021Q2,995.79,8.818804707733662,4.152328755661072,5.35,-4.450000000000001,33.418490298572465,-4.153097608873213,2.975,-0.1875,0.08,5.317418943207719,9.708874361060072
DC,2021Q3,1019.08,10.083933760383701,2.338846543950046,4.45,-2.6499999999999995,5.612555334625857,-4.153097608873213,2.9,0.009999999999999787,0.08,5.363523425270289,5.957334066020326
DC,2021Q4,1028.42,8.709026140820075,0.9165129332338928,3.8,-2.45,0.2942735569262833,-4.153097608873213,3.098,0.4139999999999997,0.08,7.159457345112474,1.8484665798020217
DC,2022Q1,1053.34,10.171636561411578,2.423134517026093,3.25,-2.7,4.607786130530411,-4.153097608873213,4.172,1.0894999999999997,0.2,8.540780148538584,-1.4316365086296856
DC,2022Q2,1092.47,9.708874361060072,3.7148499060132734,3.25,-2.0999999999999996,4.824152177090046,6.420080256178262,5.522,2.547,1.21,8.999298141923106,-5.8454694408084595
DC,2022Q3,1079.79,5.957334066020326,-1.1606726042820426,3.3,-1.1500000000000004,-5.146560181641302,6.420080256178262,6.112,3.212,2.56,8.205751582451759,-4.581446392354072
DC,2022Q4,1047.43,1.8484665798020217,-2.996879022772936,3.3,-0.5,-21.40984800842106,6.420080256178262,6.364,3.266,4.1,6.410831677385809,-3.082783575036052
DC,2023Q1,1038.26,-1.4316365086296856,-0.8754761654716892,3.2,-0.04999999999999982,-23.799221224283894,6.420080256178262,6.544,2.372,4.65,4.931348641757127,-0.3862231040394515
DC,2023Q2,1028.61,-5.8454694408084595,-0.9294396393966897,3.2,-0.04999999999999982,-18.880268185728067,1.20525616505196,6.714,1.1920000000000002,5.08,3.0592533347792994,2.234082888558353
DC,2023Q3,1030.32,-4.581446392354072,0.16624376585878675,3.4,0.10000000000000009,-7.742069712973998,1.20525616505196,7.2,1.088,5.33,3.6950823322234427,1.5276807205528486
DC,2023Q4,1015.14,-3.082783575036052,-1.473328674586527,3.55,0.25,8.376872059312612,1.20525616505196,6.815,0.4510000000000005,5.33,3.322200208829762,2.0420828654175605
DC,2024Q1,1034.25,-0.3862231040394515,1.8824989656599067,3.55,0.34999999999999964,6.472917691236413,1.20525616505196,6.82,0.2760000000000007,5.33,3.4690014354717524,1.769398114575771
DC,2024Q2,1051.59,2.234082888558353,1.6765772298767079,3.65,0.44999999999999973,-3.8189638600984344,2.567833446797918,6.9175,0.20350000000000001,5.33,2.9700853998204435,-0.7284207723542324
DC,2024Q3,1046.06,1.5276807205528486,-0.5258703487100447,3.75,0.3500000000000001,3.9595355583202263,2.567833446797918,6.18,-1.0200000000000005,5.13,2.432541464144644,1.2857771064757273
DC,2024Q4,1035.87,2.0420828654175605,-0.9741315029730635,3.75,0.20000000000000018,-3.091944950136505,2.567833446797918,6.715,-0.10000000000000053,4.48,2.872366268806581,3.143251566316252
DC,2025Q1,1052.55,1.769398114575771,1.6102406672652059,3.8,0.25,-4.691472838601197,2.567833446797918,6.65,-0.16999999999999993,4.33,2.4055852640280317,0.10545817300842142
DC,2025Q2,1043.93,-0.7284207723542324,-0.8189634696688874,4.0,0.3500000000000001,0.7027991475745843,2.6492151058202795,6.8175,-0.10000000000000053,4.33,2.6726833178446263,-0.5948674719569391
DC,2025Q3,1059.51,1.2857771064757273,1.4924372323814827,3.95,0.25,-8.75059957989086,2.6492151058202795,6.3525,0.17250000000000032,4.22,2.9392196249335534,
DE,2014Q2,411.84,1.7341040462427681,0.8719506221220641,5.7,-0.8999999999999995,-5.794004064966396,-2.7005884153600057,4.1625,0.09249999999999936,0.1,2.0589816945944195,2.24601787101788
DE,2014Q3,416.85,2.5713582677165503,1.2164918414918624,5.4,-0.8999999999999995,-1.112847449625043,-2.7005884153600057,4.1625,-0.32750000000000057,0.09,1.6840509711232077,1.7008516252848604
DE,2014Q4,415.23,1.4860075766833791,-0.38862900323857197,5.1,-1.0,18.749889520857586,-2.7005884153600057,3.864,-0.5934999999999997,0.12,0.6531213919623191,2.617826264961587
DE,2015Q1,422.01,3.362888213970816,1.632829997832519,5.0,-0.9000000000000004,10.533498066374536,-2.7005884153600057,3.77,-0.5725000000000002,0.11,-0.022031284423873476,1.1682187625885687
DE,2015Q2,421.09,2.24601787101788,-0.2180043126940201,4.8,-0.9000000000000004,20.08888419333392,7.7266927675044395,3.9825,-0.17999999999999972,0.13,0.1795718097550525,2.3059203495689795
DE,2015Q3,423.94,1.7008516252848604,0.6768149326747297,4.7,-0.7000000000000002,30.723336904923883,7.7266927675044395,3.89,-0.2724999999999995,0.14,0.008842961634170088,2.733877435486143
DE,2015Q4,426.1,2.617826264961587,0.5095060621786107,4.6,-0.5,-1.7229956579014605,7.7266927675044395,3.964,0.10000000000000009,0.24,0.6387247515364791,3.0133771415160604
DE,2016Q1,426.94,1.1682187625885687,0.1971368223421699,4.5,-0.5,19.772091837772976,7.7266927675044395,3.694,-0.07600000000000007,0.36,0.8916160965521946,2.3914367358411015
DE,2016Q2,430.8,2.3059203495689795,0.9041083056167132,4.5,-0.2999999999999998,8.334039437397877,3.041439015057801,3.568,-0.41449999999999987,0.38,1.0792865347959424,1.970752089136485
DE,2016Q3,435.53,2.733877435486143,1.0979572887650724,4.6,-0.10000000000000053,-9.334537455780566,3.041439015057801,3.46,-0.43000000000000016,0.4,1.5486446201652182,1.0975133745092291
DE,2016Q4,438.94,3.0133771415160604,0.7829541018988362,4.6,0.0,8.320312760754312,3.041439015057801,4.198,0.23400000000000043,0.54,2.0507989115119862,1.3874333621907375
DE,2017Q1,437.15,2.3914367358411015,-0.4078006105618148,4.5,0.0,3.6474506310451016,3.041439015057801,4.196,0.5019999999999998,0.79,2.44119623655914,3.390140683975762
DE,2017Q2,439.29,1.970752089136485,0.4895344847306582,4.4,-0.09999999999999964,23.484967937192902,-5.6025885959019135,3.904,0.33599999999999985,1.04,1.640565809959127,3.2279359876163927
DE,2017Q3,440.31,1.0975133745092291,0.23219285665505573,4.3,-0.2999999999999998,18.705038838663633,-5.6025885959019135,3.805,0.3450000000000002,1.15,2.1805652303711787,3.4634689196248125
DE,2017Q4,445.03,1.3874333621907375,1.0719720197133853,4.2,-0.39999999999999947,14.602162610861624,-5.6025885959019135,3.95,-0.24800000000000022,1.3,2.129930719552253,3.2087724423072617
DE,2018Q1,451.97,3.390140683975762,1.5594454306451455,3.9,-0.6000000000000001,-1.1483749121024012,-5.6025885959019135,4.444,0.24800000000000022,1.51,2.3309497646499366,2.309887824413126
DE,2018Q2,453.47,3.2279359876163927,0.3318804345421089,3.7,-0.7000000000000002,-10.42645250040306,-3.3163102191505756,4.57,0.6660000000000004,1.82,2.8075506935940187,3.671687211943464
DE,2018Q3,455.56,3.4634689196248125,0.4608904668445435,3.5,-0.7999999999999998,-13.869338670478214,-3.3163102191505756,4.6275,0.8225000000000002,1.95,2.332055105808828,4.4253226797787315
DE,2018Q4,459.31,3.2087724423072617,0.8231627008516984,3.5,-0.7000000000000002,-0.5722906955732521,-3.3163102191505756,4.6375,0.6875,2.27,2.0023809043401064,4.199777927761206
DE,2019Q1,462.41,2.309887824413126,0.6749254316257058,3.5,-0.3999999999999999,11.900137121430475,-3.3163102191505756,4.265,-0.17900000000000027,2.41,1.8831863513063984,4.816072316775144
DE,2019Q2,470.12,3.671687211943464,1.667351484613211,3.5,-0.20000000000000018,-3.6233279444425004,1.8701585494194317,3.8025,-0.7675000000000001,2.38,1.671194894390049,3.8436994809835756
DE,2019Q3,475.72,4.4253226797787315,1.191185229303171,3.6,0.10000000000000009,16.048424267647654,1.8701585494194317,3.605,-1.0225000000000004,2.04,1.6844977040391562,4.855797527957617
DE,2019Q4,478.6,4.199777927761206,0.6053981333557612,3.6,0.10000000000000009,-10.92557223270404,1.8701585494194317,3.72,-0.9175,1.55,2.3195274699624457,5.787714166318425
DE,2020Q1,484.68,4.816072316775144,1.2703719180944484,5.0,1.5,3.351375783039501,1.8701585494194317,3.45,-0.8149999999999995,0.65,1.4940399642909163,7.675167120574389
DE,2020Q2,488.19,3.8436994809835756,0.7241891557316249,12.8,9.3,-1.571523236375627,5.322596123991641,3.1625,-0.6400000000000001,0.08,0.7166562831830481,11.429976033921218
DE,2020Q3,498.82,4.855797527957617,2.177430918290013,7.6,3.9999999999999996,62.701678265421144,5.322596123991641,2.89,-0.7149999999999999,0.09,1.3910228912373812,14.201515576761148
DE,2020Q4,506.3,5.787714166318425,1.4995389118319213,5.6,1.9999999999999996,62.227918341467436,5.322596123991641,2.684,-1.036,0.09,1.3204191315779434,16.49219830140232
DE,2021Q1,521.88,7.675167120574389,3.0772269405490826,5.9,0.9000000000000004,32.9534548320511,5.322596123991641,3.0825,-0.36750000000000016,0.07,2.623645747764214,16.32367594082933
DE,2021Q2,543.99,11.429976033921218,4.236606116348596,5.8,-7.000000000000001,55.225713428518695,-2.544628141255667,2.975,-0.1875,0.08,5.317418943207719,18.011360502950424
DE,2021Q3,569.66,14.201515576761148,4.718836743322474,5.1,-2.5,-20.402285533235876,-2.544628141255667,2.9,0.009999999999999787,0.08,5.363523425270289,13.68886704349963
DE,2021Q4,589.8,16.49219830140232,3.5354421935891667,4.6,-1.0,-21.80228038948666,-2.544628141255667,3.098,0.4139999999999997,0.08,7.159457345112474,11.188538487622935
DE,2022Q1,607.07,16.32367594082933,2.9281112241438034,4.3,-1.6000000000000005,-21.801586991010367,-2.544628141255667,4.172,1.0894999999999997,0.2,8.540780148538584,8.812822244551688
DE,2022Q2,641.97,18.011360502950424,5.748925165137453,4.1,-1.7000000000000002,-32.37557696852846,3.4053909867892695,5.522,2.547,1.21,8.999298141923106,4.493979469445608
DE,2022Q3,647.64,13.68886704349963,0.8832188420019538,4.1,-1.0,-33.044058490539996,3.4053909867892695,6.112,3.212,2.56,8.205751582451759,7.108887653634732
DE,2022Q4,655.79,11.188538487622935,1.258415168921001,4.0,-0.5999999999999996,-21.69533320991358,3.4053909867892695,6.364,3.266,4.1,6.410831677385809,5.692371033410093
DE,2023Q1,660.57,8.812822244551688,0.728891870873305,3.8,-0.5,-26.691748125543114,3.4053909867892695,6.544,2.372,4.65,4.931348641757127,7.923460042084862
DE,2023Q2,670.82,4.493979469445608,1.5516902069424798,3.8,-0.2999999999999998,2.620181751939299,7.853547945296557,6.714,1.1920000000000002,5.08,3.0592533347792994,7.681643361855639
DE,2023Q3,693.68,7.108887653634732,3.4077695954205067,3.8,-0.2999999999999998,16.614859480788912,7.853547945296557,7.2,1.088,5.33,3.6950823322234427,5.5429016261100195
DE,2023Q4,693.12,5.692371033410093,-0.08072886633605503,3.8,-0.20000000000000018,30.223292759467626,7.853547945296557,6.815,0.4510000000000005,5.33,3.322200208829762,6.097068328716526
DE,2024Q1,712.91,7.923460042084862,2.8552054478300892,3.7,-0.09999999999999964,38.63627566174366,7.853547945296557,6.82,0.2760000000000007,5.33,3.4690014354717524,4.605069363594283
DE,2024Q2,722.35,7.681643361855639,1.3241503135038135,3.8,0.0,-6.542377321049786,1.2070993369645233,6.9175,0.20350000000000001,5.33,2.9700853998204435,4.140652038485504
DE,2024Q3,732.13,5.5429016261100195,1.3539143074686733,3.6,-0.19999999999999973,-16.47405129741206,1.2070993369645233,6.18,-1.0200000000000005,5.13,2.432541464144644,4.348954420663009
DE,2024Q4,735.38,6.097068328716526,0.44391023452119427,3.6,-0.19999999999999973,-16.8719477282252,1.2070993369645233,6.715,-0.10000000000000053,4.48,2.872366268806581,5.637901493105613
DE,2025Q1,745.74,4.605069363594283,1.408795452691125,3.7,0.0,-14.076167633783099,1.2070993369645233,6.65,-0.16999999999999993,4.33,2.4055852640280317,3.810979698018069
DE,2025Q2,752.26,4.140652038485504,0.8742993536621224,4.0,0.20000000000000018,7.437867267350229,3.970720262538241,6.8175,-0.10000000000000053,4.33,2.6726833178446263,3.997288171642799
DE,2025Q3,763.97,4.348954420663009,1.556642650147566,4.3,0.5999999999999996,7.414173217452302,3.970720262538241,6.3525,0.17250000000000032,4.22,2.9392196249335534,
FL,2014Q2,315.67,9.489785300544561,2.710353354591022,6.5,-1.0999999999999996,-15.886873243001244,2.6020756502245668,4.1625,0.09249999999999936,0.1,2.0589816945944195,8.939715525707225
FL,2014Q3,322.38,9.052161558757854,2.1256375328665866,6.2,-1.0999999999999996,2.431162659506292,2.6020756502245668,4.1625,-0.32750000000000057,0.09,1.6840509711232077,9.330603635461255
FL,2014Q4,328.39,8.322338039319167,1.864259569452198,6.0,-1.0,3.39643865864383,2.6020756502245668,3.864,-0.5934999999999997,0.12,0.6531213919623191,9.406498370839556
FL,2015Q1,335.78,9.253595366694856,2.2503730320655224,5.8,-1.0,19.60014890946691,2.6020756502245668,3.77,-0.5725000000000002,0.11,-0.022031284423873476,9.014831139436552
FL,2015Q2,343.89,8.939715525707225,2.4152719042230153,5.5,-1.0,23.21915917234425,2.893146713156969,3.9825,-0.17999999999999972,0.13,0.1795718097550525,9.14245834423799
FL,2015Q3,352.46,9.330603635461255,2.4920759545203452,5.3,-0.9000000000000004,26.706394483355457,2.893146713156969,3.89,-0.2724999999999995,0.14,0.008842961634170088,9.41667139533564
FL,2015Q4,359.28,9.406498370839556,1.9349713442660121,5.1,-0.9000000000000004,31.800221102067926,2.893146713156969,3.964,0.10000000000000009,0.24,0.6387247515364791,9.101536406145637
FL,2016Q1,366.05,9.014831139436552,1.8843242039634944,4.9,-0.8999999999999995,7.276338767743318,2.893146713156969,3.694,-0.07600000000000007,0.36,0.8916160965521946,9.028821199289716
FL,2016Q2,375.33,9.14245834423799,2.53517279060238,4.9,-0.5999999999999996,2.4175144515032887,4.447696871357931,3.568,-0.41449999999999987,0.38,1.0792865347959424,8.936136200143885
FL,2016Q3,385.65,9.41667139533564,2.74958036927504,4.9,-0.39999999999999947,11.737245207070357,4.447696871357931,3.46,-0.43000000000000016,0.4,1.5486446201652182,7.895760404511876
FL,2016Q4,391.98,9.101536406145637,1.641384675223656,4.8,-0.2999999999999998,1.8051815283882888,4.447696871357931,4.198,0.23400000000000043,0.54,2.0507989115119862,8.20450022960355
FL,2017Q1,399.1,9.028821199289716,1.8164192050614814,4.5,-0.40000000000000036,5.940552196070081,4.447696871357931,4.196,0.5019999999999998,0.79,2.44119623655914,8.406414432473053
FL,2017Q2,408.87,8.936136200143885,2.4480080180405928,4.2,-0.7000000000000002,22.35459867463552,3.4950508970546412,3.904,0.33599999999999985,1.04,1.640565809959127,7.8533519211485325
FL,2017Q3,416.1,7.895760404511876,1.7682882089661733,4.1,-0.8000000000000007,-5.212782445682884,3.4950508970546412,3.805,0.3450000000000002,1.15,2.1805652303711787,7.7577505407353975
FL,2017Q4,424.14,8.20450022960355,1.9322278298485873,4.0,-0.7999999999999998,-3.69809162570649,3.4950508970546412,3.95,-0.24800000000000022,1.3,2.129930719552253,6.540293299382283
FL,2018Q1,432.65,8.406414432473053,2.0064129768472716,3.8,-0.7000000000000002,18.96909885599303,3.4950508970546412,4.444,0.24800000000000022,1.51,2.3309497646499366,6.046457875881206
FL,2018Q2,440.98,7.8533519211485325,1.9253438113949084,3.6,-0.6000000000000001,11.212259870016283,3.664716799369816,4.57,0.6660000000000004,1.82,2.8075506935940187,5.406140868066567
FL,2018Q3,448.38,7.7577505407353975,1.6780806385777058,3.5,-0.5999999999999996,24.026130445001836,3.664716799369816,4.6275,0.8225000000000002,1.95,2.332055105808828,5.365984209822017
FL,2018Q4,451.88,6.540293299382283,0.7805878941968825,3.5,-0.5,35.638142652586005,3.664716799369816,4.6375,0.6875,2.27,2.0023809043401064,5.9020093830220555
FL,2019Q1,458.81,6.046457875881206,1.5335929892891897,3.4,-0.3999999999999999,3.853300080278199,3.664716799369816,4.265,-0.17900000000000027,2.41,1.8831863513063984,5.889148013338841
FL,2019Q2,464.82,5.406140868066567,1.3099104204354672,3.2,-0.3999999999999999,-0.15891996344090664,3.504587645926782,3.8025,-0.7675000000000001,2.38,1.671194894390049,5.851727550449626
FL,2019Q3,472.44,5.365984209822017,1.6393442622950838,3.2,-0.2999999999999998,20.03498457141022,3.504587645926782,3.605,-1.0225000000000004,2.04,1.6844977040391562,5.966895267123862
FL,2019Q4,478.55,5.9020093830220555,1.293285919905185,3.0,-0.5,4.433194410966745,3.504587645926782,3.72,-0.9175,1.55,2.3195274699624457,7.416152962072919
FL,2020Q1,485.83,5.889148013338841,1.5212621460662268,4.0,0.6000000000000001,18.255323805796863,3.504587645926782,3.45,-0.8149999999999995,0.65,1.4940399642909163,9.235740897021616
FL,2020Q2,492.02,5.851727550449626,1.2741082271576554,11.6,8.399999999999999,-3.603088009746269,3.282462921509177,3.1625,-0.6400000000000001,0.08,0.7166562831830481,14.940449575220516
FL,2020Q3,500.63,5.966895267123862,1.7499288646803057,8.0,4.8,-1.622652220624099,3.282462921509177,2.89,-0.7149999999999999,0.09,1.3910228912373812,21.287178155524057
FL,2020Q4,514.04,7.416152962072919,2.6786249325849276,6.2,3.2,11.880395028924484,3.282462921509177,2.684,-1.036,0.09,1.3204191315779434,24.764609757995505
FL,2021Q1,530.7,9.235740897021616,3.240992918839014,5.4,1.4000000000000004,14.235094907070579,3.282462921509177,3.0825,-0.36750000000000016,0.07,2.623645747764214,27.671000565291102
FL,2021Q2,565.53,14.940449575220516,6.563029960429612,4.9,-6.699999999999999,53.80046146438238,-1.1459250360788875,2.975,-0.1875,0.08,5.317418943207719,29.430799427086107
FL,2021Q3,607.2,21.287178155524057,7.368309373508053,4.2,-3.8,33.696497032297,-1.1459250360788875,2.9,0.009999999999999787,0.08,5.363523425270289,25.176218708827403
FL,2021Q4,641.34,24.764609757995505,5.62252964426877,3.6,-2.6,18.419536083195442,-1.1459250360788875,3.098,0.4139999999999997,0.08,7.159457345112474,17.86260018087129
FL,2022Q1,677.55,27.671000565291102,5.645991205912604,3.2,-2.2,15.304623468778967,-1.1459250360788875,4.172,1.0894999999999997,0.2,8.540780148538584,12.064054313334815
FL,2022Q2,731.97,29.430799427086107,8.031879566083688,2.9,-2.0000000000000004,5.596488338342409,9.340365373168158,5.522,2.547,1.21,8.999298141923106,5.81034741861004
FL,2022Q3,760.07,25.176218708827403,3.8389551484350415,2.8,-1.4000000000000004,-13.036855500283352,9.340365373168158,6.112,3.212,2.56,8.205751582451759,4.082518715381478
FL,2022Q4,755.9,17.86260018087129,-0.5486336784769952,2.9,-0.7000000000000002,-11.674868131133154,9.340365373168158,6.364,3.266,4.1,6.410831677385809,4.438417780129655
FL,2023Q1,759.29,12.064054313334815,0.4484720201084702,2.8,-0.40000000000000036,-6.456153107775863,9.340365373168158,6.544,2.372,4.65,4.931348641757127,5.3497346205007235
FL,2023Q2,774.5,5.81034741861004,2.0031871880309193,2.9,0.0,-19.809401772413405,6.24840905933739,6.714,1.1920000000000002,5.08,3.0592533347792994,4.112330535829578
FL,2023Q3,791.1,4.082518715381478,2.143318269851524,3.1,0.30000000000000027,0.012260508008155035,6.24840905933739,7.2,1.088,5.33,3.6950823322234427,2.5306535204146163
FL,2023Q4,789.45,4.438417780129655,-0.20857034508910965,3.2,0.30000000000000027,0.1634640885738392,6.24840905933739,6.815,0.4510000000000005,5.33,3.322200208829762,3.7481791120400176
FL,2024Q1,799.91,5.3497346205007235,1.3249730825257933,3.2,0.40000000000000036,-11.980952549110146,6.24840905933739,6.82,0.2760000000000007,5.33,3.4690014354717524,1.2663924691527884
FL,2024Q2,806.35,4.112330535829578,0.8050905726894264,3.4,0.5,4.023978364931913,5.093763072589441,6.9175,0.20350000000000001,5.33,2.9700853998204435,0.9846840701928317
FL,2024Q3,811.12,2.5306535204146163,0.5915545358715191,3.5,0.3999999999999999,-12.053387622871215,5.093763072589441,6.18,-1.0200000000000005,5.13,2.432541464144644,0.18123089062038744
FL,2024Q4,819.04,3.7481791120400176,0.9764276555873419,3.4,0.19999999999999973,-14.877266436485282,5.093763072589441,6.715,-0.10000000000000053,4.48,2.872366268806581,0.19046688806407808
FL,2025Q1,810.04,1.2663924691527884,-1.098847431138894,3.6,0.3999999999999999,4.713632731776585,5.093763072589441,6.65,-0.16999999999999993,4.33,2.4055852640280317,1.9665695521208892
FL,2025Q2,814.29,0.9846840701928317,0.524665448619821,3.7,0.30000000000000027,-5.747872280218614,3.275023327617199,6.8175,-0.10000000000000053,4.33,2.6726833178446263,1.4012206953296857
FL,2025Q3,812.59,0.18123089062038744,-0.20877083103070238,3.8,0.3999999999999999,1.3911795254480275,3.275023327617199,6.3525,0.17250000000000032,4.22,2.9392196249335534,
GA,2014Q2,276.64,6.596794081381008,2.466849396251569,7.3,-0.8999999999999995,-6.16799093436502,2.223372805567303,4.1625,0.09249999999999936,0.1,2.0589816945944195,6.600636205899368
GA,2014Q3,281.79,7.1852415367059885,1.8616252168883962,7.0,-0.9000000000000004,11.728806004393277,2.223372805567303,4.1625,-0.32750000000000057,0.09,1.6840509711232077,5.92285034955109
GA,2014Q4,283.88,6.5735630889364405,0.7416870719329838,6.6,-1.0,12.56166134025445,2.223372805567303,3.864,-0.5934999999999997,0.12,0.6531213919623191,6.051852895589693
GA,2015Q1,288.01,6.678272464627,1.4548400732703914,6.3,-1.1000000000000005,9.67556308458979,2.223372805567303,3.77,-0.5725000000000002,0.11,-0.022031284423873476,5.465088017777164
GA,2015Q2,294.9,6.600636205899368,2.392278045901186,6.1,-1.2000000000000002,35.027573027913064,3.523043199422604,3.9825,-0.17999999999999972,0.13,0.1795718097550525,5.795184808409637
GA,2015Q3,298.48,5.92285034955109,1.2139708375720648,5.8,-1.2000000000000002,10.24870773811346,3.523043199422604,3.89,-0.2724999999999995,0.14,0.008842961634170088,6.549852586437943
GA,2015Q4,301.06,6.051852895589693,0.8643795229160922,5.7,-0.8999999999999995,19.067560669598205,3.523043199422604,3.964,0.10000000000000009,0.24,0.6387247515364791,6.52029495781572
GA,2016Q1,303.75,5.465088017777164,0.8935095994153874,5.5,-0.7999999999999998,37.22855280160504,3.523043199422604,3.694,-0.07600000000000007,0.36,0.8916160965521946,6.235390946502051
GA,2016Q2,311.99,5.795184808409637,2.712757201646099,5.4,-0.6999999999999993,11.770793068535102,4.366392347692871,3.568,-0.41449999999999987,0.38,1.0792865347959424,6.198916631943319
GA,2016Q3,318.03,6.549852586437943,1.9359594858809448,5.4,-0.39999999999999947,9.502172873701099,4.366392347692871,3.46,-0.43000000000000016,0.4,1.5486446201652182,5.735307989812277
GA,2016Q4,320.69,6.52029495781572,0.8363990818476275,5.3,-0.40000000000000036,15.39817305350837,4.366392347692871,4.198,0.23400000000000043,0.54,2.0507989115119862,5.924724812123849
GA,2017Q1,322.69,6.235390946502051,0.6236552433814602,5.0,-0.5,4.697757397812707,4.366392347692871,4.196,0.5019999999999998,0.79,2.44119623655914,7.648207257739625
GA,2017Q2,331.33,6.198916631943319,2.677492330100084,4.8,-0.6000000000000005,-9.325809152733644,4.001010907993496,3.904,0.33599999999999985,1.04,1.640565809959127,7.294842000422541
GA,2017Q3,336.27,5.735307989812277,1.4909606736486225,4.6,-0.8000000000000007,14.092447202547431,4.001010907993496,3.805,0.3450000000000002,1.15,2.1805652303711787,7.488030451720351
GA,2017Q4,339.69,5.924724812123849,1.0170398786689239,4.4,-0.8999999999999995,-18.948086545876063,4.001010907993496,3.95,-0.24800000000000022,1.3,2.129930719552253,7.009332038034688
GA,2018Q1,347.37,7.648207257739625,2.26088492448997,4.2,-0.7999999999999998,8.906617114375992,4.001010907993496,4.444,0.24800000000000022,1.51,2.3309497646499366,6.192244580706441
GA,2018Q2,355.5,7.294842000422541,2.340443907073153,4.0,-0.7999999999999998,17.19651333487391,3.88539949650919,4.57,0.6660000000000004,1.82,2.8075506935940187,5.893108298171579
GA,2018Q3,361.45,7.488030451720351,1.673699015471164,3.9,-0.6999999999999997,1.2718061967591066,3.88539949650919,4.6275,0.8225000000000002,1.95,2.332055105808828,5.649467422880061
GA,2018Q4,363.5,7.009332038034688,0.56716004979942,3.9,-0.5000000000000004,36.0119291597651,3.88539949650919,4.6375,0.6875,2.27,2.0023809043401064,6.099037138927099
GA,2019Q1,368.88,6.192244580706441,1.4800550206327312,3.7,-0.5,-11.99883730553184,3.88539949650919,4.265,-0.17900000000000027,2.41,1.8831863513063984,6.167317284753859
GA,2019Q2,376.45,5.893108298171579,2.052157883322492,3.6,-0.3999999999999999,-7.211456915312309,2.9803101158045964,3.8025,-0.7675000000000001,2.38,1.671194894390049,5.126842874219695
GA,2019Q3,381.87,5.649467422880061,1.4397662372161113,3.5,-0.3999999999999999,-5.240545171928456,2.9803101158045964,3.605,-1.0225000000000004,2.04,1.6844977040391562,5.682562128473045
GA,2019Q4,385.67,6.099037138927099,0.9951030455390697,3.5,-0.3999999999999999,-8.355562285334095,2.9803101158045964,3.72,-0.9175,1.55,2.3195274699624457,6.808929914175321
GA,2020Q1,391.63,6.167317284753859,1.5453626157077238,3.7,0.0,-4.633423015355764,2.9803101158045964,3.45,-0.8149999999999995,0.65,1.4940399642909163,8.30630952684932
GA,2020Q2,395.75,5.126842874219695,1.0520133799760023,8.4,4.800000000000001,-11.665044395351288,3.2965645019334078,3.1625,-0.6400000000000001,0.08,0.7166562831830481,13.346809854706244
GA,2020Q3,403.57,5.682562128473045,1.9759949463044935,6.5,3.0,14.623186848017532,3.2965645019334078,2.89,-0.7149999999999999,0.09,1.3910228912373812,17.81103649924425
GA,2020Q4,411.93,6.808929914175321,2.0715117575637487,5.1,1.5999999999999996,11.626752100821314,3.2965645019334078,2.684,-1.036,0.09,1.3204191315779434,21.285169810404692
GA,2021Q1,424.16,8.30630952684932,2.968951035370093,4.5,0.7999999999999998,28.824057140211057,3.2965645019334078,3.0825,-0.36750000000000016,0.07,2.623645747764214,23.576009053187462
GA,2021Q2,448.57,13.346809854706244,5.754903809883061,4.0,-4.4,51.93631631249045,-2.8260240237173107,2.975,-0.1875,0.08,5.317418943207719,24.89020665670911
GA,2021Q3,475.45,17.81103649924425,5.992375771897351,3.5,-3.0,6.9866206996754165,-2.8260240237173107,2.9,0.009999999999999787,0.08,5.363523425270289,21.2093805868125
GA,2021Q4,499.61,21.285169810404692,5.081501735198235,3.2,-1.8999999999999995,10.592304529650075,-2.8260240237173107,3.098,0.4139999999999997,0.08,7.159457345112474,15.261904285342576
GA,2022Q1,524.16,23.576009053187462,4.913832789575867,3.1,-1.4,20.35633862624373,-2.8260240237173107,4.172,1.0894999999999997,0.2,8.540780148538584,10.805860805860812
GA,2022Q2,560.22,24.89020665670911,6.8795787545787634,3.1,-0.8999999999999999,5.389523007577335,6.721772539072712,5.522,2.547,1.21,8.999298141923106,6.5706329656206375
GA,2022Q3,576.29,21.2093805868125,2.8685159401663496,3.2,-0.2999999999999998,23.098401172253325,6.721772539072712,6.112,3.212,2.56,8.205751582451759,5.256034288292377
GA,2022Q4,575.86,15.261904285342576,-0.07461521109163316,3.3,0.09999999999999964,4.802914303771133,6.721772539072712,6.364,3.266,4.1,6.410831677385809,5.699301913659549
GA,2023Q1,580.8,10.805860805860812,0.8578473934636843,3.3,0.19999999999999973,-14.589506370813544,6.721772539072712,6.544,2.372,4.65,4.931348641757127,6.410123966942161
GA,2023Q2,597.03,6.5706329656206375,2.7944214876033158,3.3,0.19999999999999973,-2.249560375752535,4.094581050609203,6.714,1.1920000000000002,5.08,3.0592533347792994,5.3397651709294225
GA,2023Q3,606.58,5.256034288292377,1.5995846104885914,3.3,0.09999999999999964,-18.715145571947534,4.094581050609203,7.2,1.088,5.33,3.6950823322234427,4.874872234495031
GA,2023Q4,608.68,5.699301913659549,0.34620330376866626,3.3,0.0,-12.214205063514916,4.094581050609203,6.815,0.4510000000000005,5.33,3.322200208829762,4.7939804166392985
GA,2024Q1,618.03,6.410123966942161,1.5361109285667363,3.4,0.10000000000000009,2.5618874745427567,4.094581050609203,6.82,0.2760000000000007,5.33,3.4690014354717524,4.1098328560102315
GA,2024Q2,628.91,5.3397651709294225,1.7604323414720957,3.6,0.30000000000000027,1.12643945104125,1.3938068416516014,6.9175,0.20350000000000001,5.33,2.9700853998204435,3.2818686298516475
GA,2024Q3,636.15,4.874872234495031,1.1511981046572695,3.6,0.30000000000000027,0.40027475179220673,1.3938068416516014,6.18,-1.0200000000000005,5.13,2.432541464144644,2.7634991747229387
GA,2024Q4,637.86,4.7939804166392985,0.2688045272341455,3.6,0.30000000000000027,3.8820310627144528,1.3938068416516014,6.715,-0.10000000000000053,4.48,2.872366268806581,2.9943874831467765
GA,2025Q1,643.43,4.1098328560102315,0.8732323707396406,3.6,0.20000000000000018,-6.43134791997364,1.3938068416516014,6.65,-0.16999999999999993,4.33,2.4055852640280317,2.710473555786952
GA,2025Q2,649.55,3.2818686298516475,0.951152417512402,3.5,-0.10000000000000009,-19.36865173158623,2.6497570377801427,6.8175,-0.10000000000000053,4.33,2.6726833178446263,1.929027788468951
GA,2025Q3,653.73,2.7634991747229387,0.6435224386113658,3.4,-0.20000000000000018,-15.188941371601583,2.6497570377801427,6.3525,0.17250000000000032,4.22,2.9392196249335534,
HI,2014Q2,499.16,6.674075182185368,1.5337048940238462,4.3,-0.2999999999999998,13.084576157531469,2.339314306046192,4.1625,0.09249999999999936,0.1,2.0589816945944195,6.486897988620877
HI,2014Q3,509.0,6.903576754247798,1.9713118038304334,4.1,-0.6000000000000005,-47.50308077747495,2.339314306046192,4.1625,-0.32750000000000057,0.09,1.6840509711232077,5.785854616895891
HI,2014Q4,514.64,5.588838736151014,1.1080550098231834,3.9,-0.6999999999999997,32.49439688891744,2.339314306046192,3.864,-0.5934999999999997,0.12,0.6531213919623191,5.93618840354424
HI,2015Q1,527.12,7.22102436841463,2.4249961137882803,3.7,-0.7000000000000002,224.64711298820959,2.339314306046192,3.77,-0.5725000000000002,0.11,-0.022031284423873476,6.1428137805433325
HI,2015Q2,531.54,6.486897988620877,0.8385187433601393,3.4,-0.8999999999999999,72.1113020300051,0.9561072280464655,3.9825,-0.17999999999999972,0.13,0.1795718097550525,5.71923091394817
HI,2015Q3,538.45,5.785854616895891,1.299996237348089,3.2,-0.8999999999999995,100.20761781539184,0.9561072280464655,3.89,-0.2724999999999995,0.14,0.008842961634170088,6.505710836660783
HI,2015Q4,545.19,5.93618840354424,1.251741108738047,3.1,-0.7999999999999998,14.273277801252515,0.9561072280464655,3.964,0.10000000000000009,0.24,0.6387247515364791,6.199673508318182
HI,2016Q1,559.5,6.1428137805433325,2.6247730149122184,3.0,-0.7000000000000002,-54.99855425783572,0.9561072280464655,3.694,-0.07600000000000007,0.36,0.8916160965521946,3.6478999106345
HI,2016Q2,561.94,5.71923091394817,0.43610366398572076,3.0,-0.3999999999999999,-0.6195142933767994,3.1396631691325005,3.568,-0.41449999999999987,0.38,1.0792865347959424,4.4577712923087764
HI,2016Q3,573.48,6.505710836660783,2.0536000284727907,2.8,-0.40000000000000036,-35.326409778143194,3.1396631691325005,3.46,-0.43000000000000016,0.4,1.5486446201652182,3.989677059356911
HI,2016Q4,578.99,6.199673508318182,0.9608007253958384,2.6,-0.5,-46.801634009101726,3.1396631691325005,4.198,0.23400000000000043,0.54,2.0507989115119862,3.4387467831914043
HI,2017Q1,579.91,3.6478999106345,0.1588973902830748,2.5,-0.5,16.32364532959565,3.1396631691325005,4.196,0.5019999999999998,0.79,2.44119623655914,4.450690624407239
HI,2017Q2,586.99,4.4577712923087764,1.2208791019296061,2.2,-0.7999999999999998,-23.3236215185765,2.1617599358913164,3.904,0.33599999999999985,1.04,1.640565809959127,4.051176340312446
HI,2017Q3,596.36,3.989677059356911,1.5962793233274875,2.0,-0.7999999999999998,45.03079844019015,2.1617599358913164,3.805,0.3450000000000002,1.15,2.1805652303711787,3.2027634314843345
HI,2017Q4,598.9,3.4387467831914043,0.4259172312026216,2.0,-0.6000000000000001,21.700691040095975,2.1617599358913164,3.95,-0.24800000000000022,1.3,2.129930719552253,3.2175655368174905
HI,2018Q1,605.72,4.450690624407239,1.1387543830355673,2.2,-0.2999999999999998,70.89150339361983,2.1617599358913164,4.444,0.24800000000000022,1.51,2.3309497646499366,3.4223733738361073
HI,2018Q2,610.77,4.051176340312446,0.833718549824991,2.4,0.19999999999999973,18.07955409638482,2.0613887643806894,4.57,0.6660000000000004,1.82,2.8075506935940187,2.773548144145921
HI,2018Q3,615.46,3.2027634314843345,0.7678831638751271,2.6,0.6000000000000001,-17.595902300387934,2.0613887643806894,4.6275,0.8225000000000002,1.95,2.332055105808828,3.0123809833295434
HI,2018Q4,618.17,3.2175655368174905,0.44032106067004584,2.7,0.7000000000000002,-8.36514487178519,2.0613887643806894,4.6375,0.6875,2.27,2.0023809043401064,3.5394794312244127
HI,2019Q1,626.45,3.4223733738361073,1.33943737159683,2.7,0.5,-26.67746761995905,2.0613887643806894,4.265,-0.17900000000000027,2.41,1.8831863513063984,2.1071115013169273
HI,2019Q2,627.71,2.773548144145921,0.20113337058025316,2.5,0.10000000000000009,32.057908411480106,1.6011638173575315,3.8025,-0.7675000000000001,2.38,1.671194894390049,3.229198196619465
HI,2019Q3,634.0,3.0123809833295434,1.0020550891335134,2.4,-0.20000000000000018,-12.416406208207686,1.6011638173575315,3.605,-1.0225000000000004,2.04,1.6844977040391562,1.1813880126182896
HI,2019Q4,640.05,3.5394794312244127,0.9542586750788562,2.2,-0.5,38.84607798544981,1.6011638173575315,3.72,-0.9175,1.55,2.3195274699624457,1.815483165377696
HI,2020Q1,639.65,2.1071115013169273,-0.06249511756893922,2.1,-0.6000000000000001,-30.0790266775403,1.6011638173575315,3.45,-0.8149999999999995,0.65,1.4940399642909163,3.459704525912599
HI,2020Q2,647.98,3.229198196619465,1.302274681466442,17.3,14.8,-37.60908956575818,0.02116249645416346,3.1625,-0.6400000000000001,0.08,0.7166562831830481,7.2625698324022325
HI,2020Q3,641.49,1.1813880126182896,-1.001574122658111,13.3,10.9,-22.027384914906335,0.02116249645416346,2.89,-0.7149999999999999,0.09,1.3910228912373812,12.788975666027525
HI,2020Q4,651.67,1.815483165377696,1.586930427598232,10.2,7.999999999999999,-2.1738531259247518,0.02116249645416346,2.684,-1.036,0.09,1.3204191315779434,16.436233062746485
HI,2021Q1,661.78,3.459704525912599,1.5513987140730823,8.4,6.300000000000001,34.141188312168524,0.02116249645416346,3.0825,-0.36750000000000016,0.07,2.623645747764214,20.35721841095228
HI,2021Q2,695.04,7.2625698324022325,5.025839402822685,6.3,-11.0,-10.183931911040766,-10.307106393323062,2.975,-0.1875,0.08,5.317418943207719,20.68945672191529
HI,2021Q3,723.53,12.788975666027525,4.099044659300177,3.9,-9.4,40.58348804334735,-10.307106393323062,2.9,0.009999999999999787,0.08,5.363523425270289,22.80209528284938
HI,2021Q4,758.78,16.436233062746485,4.871947258579468,3.1,-7.1,-13.516223852466336,-10.307106393323062,3.098,0.4139999999999997,0.08,7.159457345112474,15.304831439943056
HI,2022Q1,796.5,20.35721841095228,4.971137879227183,3.2,-5.2,35.21632756021651,-10.307106393323062,4.172,1.0894999999999997,0.2,8.540780148538584,6.8537350910232275
HI,2022Q2,838.84,20.68945672191529,5.315756434400498,3.3,-3.0,-11.173820589375893,6.06699390690717,5.522,2.547,1.21,8.999298141923106,5.945114682180153
HI,2022Q3,888.51,22.80209528284938,5.921272233083785,3.3,-0.6000000000000001,-11.878904820300217,6.06699390690717,6.112,3.212,2.56,8.205751582451759,-2.344374289540918
HI,2022Q4,874.91,15.304831439943056,-1.5306524406028088,3.2,0.10000000000000009,50.360278163668106,6.06699390690717,6.364,3.266,4.1,6.410831677385809,-2.9728772102273315
HI,2023Q1,851.09,6.8537350910232275,-2.722565749619954,3.0,-0.20000000000000018,-45.022987227328336,6.06699390690717,6.544,2.372,4.65,4.931348641757127,6.101587376188178
HI,2023Q2,888.71,5.945114682180153,4.420214078417084,2.8,-0.5,33.55463247098376,3.5006861306960735,6.714,1.1920000000000002,5.08,3.0592533347792994,1.4357889525266954
HI,2023Q3,867.68,-2.344374289540918,-2.366351228184682,2.9,-0.3999999999999999,20.986398784029102,3.5006861306960735,7.2,1.088,5.33,3.6950823322234427,6.859671768393882
HI,2023Q4,848.9,-2.9728772102273315,-2.1643924027291095,3.0,-0.20000000000000018,-31.511103131544505,3.5006861306960735,6.815,0.4510000000000005,5.33,3.322200208829762,5.89468724231359
HI,2024Q1,903.02,6.101587376188178,6.375309223701264,2.9,-0.10000000000000009,49.89879190263991,3.5006861306960735,6.82,0.2760000000000007,5.33,3.4690014354717524,3.008792717769282
HI,2024Q2,901.47,1.4357889525266954,-0.17164625368207842,2.9,0.10000000000000009,0.3121473702968336,2.458532972458949,6.9175,0.20350000000000001,5.33,2.9700853998204435,0.27288761689239216
HI,2024Q3,927.2,6.859671768393882,2.8542269848137014,3.0,0.10000000000000009,-27.89757526762645,2.458532972458949,6.18,-1.0200000000000005,5.13,2.432541464144644,0.861734253666957
HI,2024Q4,898.94,5.89468724231359,-3.047886108714404,3.0,0.0,-0.26881962971786466,2.458532972458949,6.715,-0.10000000000000053,4.48,2.872366268806581,4.290608939417528
HI,2025Q1,930.19,3.008792717769282,3.4763165506040528,2.9,0.0,-11.70504520774831,2.458532972458949,6.65,-0.16999999999999993,4.33,2.4055852640280317,1.5695718079101972
HI,2025Q2,903.93,0.27288761689239216,-2.8230791558713886,2.8,-0.10000000000000009,7.999594567715729,2.4941378056317243,6.8175,-0.10000000000000053,4.33,2.6726833178446263,8.699788700452471
HI,2025Q3,935.19,0.861734253666957,3.458232385251092,2.7,-0.2999999999999998,6.165067832782878,2.4941378056317243,6.3525,0.17250000000000032,4.22,2.9392196249335534,
IA,2014Q2,258.17,1.6817644742024518,1.3584076008009038,4.3,-0.5,22.49197610201026,0.08506719664973517,4.1625,0.09249999999999936,0.1,2.0589816945944195,3.284657396289248
IA,2014Q3,260.98,2.381232591895177,1.088430104194904,4.2,-0.39999999999999947,6.054594942575386,0.08506719664973517,4.1625,-0.32750000000000057,0.09,1.6840509711232077,3.092190972488318
IA,2014Q4,262.1,2.780283126151928,0.4291516591309774,4.0,-0.5,-22.124253182034625,0.08506719664973517,3.864,-0.5934999999999997,0.12,0.6531213919623191,3.2659290347195835
IA,2015Q1,263.22,3.341054532605714,0.42731781762685994,3.8,-0.6000000000000005,6.274266072598755,0.08506719664973517,3.77,-0.5725000000000002,0.11,-0.022031284423873476,3.4343894840817457
IA,2015Q2,266.65,3.284657396289248,1.3030924701770141,3.7,-0.5999999999999996,-11.160545627288855,5.401793778069797,3.9825,-0.17999999999999972,0.13,0.1795718097550525,3.1426964185261586
IA,2015Q3,269.05,3.092190972488318,0.9000562535158574,3.6,-0.6000000000000001,-13.118771032211274,5.401793778069797,3.89,-0.2724999999999995,0.14,0.008842961634170088,3.6610295484110544
IA,2015Q4,270.66,3.2659290347195835,0.5984017840550138,3.7,-0.2999999999999998,-2.9067075727859826,5.401793778069797,3.964,0.10000000000000009,0.24,0.6387247515364791,3.506243996157532
IA,2016Q1,272.26,3.4343894840817457,0.5911475652109477,3.6,-0.19999999999999973,32.650844071441455,5.401793778069797,3.694,-0.07600000000000007,0.36,0.8916160965521946,3.5848086388011513
IA,2016Q2,275.03,3.1426964185261586,1.0174098288400657,3.7,0.0,12.243487424837586,3.1497438576584047,3.568,-0.41449999999999987,0.38,1.0792865347959424,3.952296113151288
IA,2016Q3,278.9,3.6610295484110544,1.4071192233574559,3.6,0.0,49.15755270389208,3.1497438576584047,3.46,-0.43000000000000016,0.4,1.5486446201652182,3.764790247400507
IA,2016Q4,280.15,3.506243996157532,0.4481893151667249,3.4,-0.30000000000000027,40.69513611879123,3.1497438576584047,4.198,0.23400000000000043,0.54,2.0507989115119862,3.6694627877922548
IA,2017Q1,282.02,3.5848086388011513,0.6674995538104689,3.2,-0.3999999999999999,8.825970866088895,3.1497438576584047,4.196,0.5019999999999998,0.79,2.44119623655914,3.3614637259768987
IA,2017Q2,285.9,3.952296113151288,1.3757889511382126,3.1,-0.6000000000000001,-3.781025781796088,0.3982489305830672,3.904,0.33599999999999985,1.04,1.640565809959127,3.924449108079764
IA,2017Q3,289.4,3.764790247400507,1.224204267226292,3.0,-0.6000000000000001,-14.339224415895158,0.3982489305830672,3.805,0.3450000000000002,1.15,2.1805652303711787,3.410504492052535
IA,2017Q4,290.43,3.6694627877922548,0.35590877677955657,2.9,-0.5,4.364392941188466,0.3982489305830672,3.95,-0.24800000000000022,1.3,2.129930719552253,3.2951141411011298
IA,2018Q1,291.5,3.3614637259768987,0.36841924043660157,2.7,-0.5,-18.8665769741069,0.3982489305830672,4.444,0.24800000000000022,1.51,2.3309497646499366,3.5025728987993165
IA,2018Q2,297.12,3.924449108079764,1.9279588336192033,2.5,-0.6000000000000001,12.685257097891633,0.21158903849891608,4.57,0.6660000000000004,1.82,2.8075506935940187,2.8103123317178236
IA,2018Q3,299.27,3.410504492052535,0.7236133548734536,2.5,-0.5,-13.136995577492726,0.21158903849891608,4.6275,0.8225000000000002,1.95,2.332055105808828,3.1175861262405347
IA,2018Q4,300.0,3.2951141411011298,0.24392688876266888,2.6,-0.2999999999999998,-30.180647602313837,0.21158903849891608,4.6375,0.6875,2.27,2.0023809043401064,3.516666666666679
IA,2019Q1,301.71,3.5025728987993165,0.5700000000000038,2.6,-0.10000000000000009,-19.47369388999547,0.21158903849891608,4.265,-0.17900000000000027,2.41,1.8831863513063984,3.6425706804547486
IA,2019Q2,305.47,2.8103123317178236,1.2462298233403057,2.7,0.20000000000000018,-8.548210720003347,1.1329859719438895,3.8025,-0.7675000000000001,2.38,1.671194894390049,2.916816708678427
IA,2019Q3,308.6,3.1175861262405347,1.0246505385144156,2.7,0.20000000000000018,12.998307020480881,1.1329859719438895,3.605,-1.0225000000000004,2.04,1.6844977040391562,2.871030460142565
IA,2019Q4,310.55,3.516666666666679,0.631885936487353,2.7,0.10000000000000009,10.175010865621491,1.1329859719438895,3.72,-0.9175,1.55,2.3195274699624457,3.7932700048301404
IA,2020Q1,312.7,3.6425706804547486,0.692320077282238,2.7,0.10000000000000009,28.404410640760048,1.1329859719438895,3.45,-0.8149999999999995,0.65,1.4940399642909163,4.141349536296768
IA,2020Q2,314.38,2.916816708678427,0.5372561560601286,6.8,4.1,-11.446155200768814,-0.408834891894172,3.1625,-0.6400000000000001,0.08,0.7166562831830481,8.597875182899696
IA,2020Q3,317.46,2.871030460142565,0.9797060881735487,4.6,1.8999999999999995,17.324131614726145,-0.408834891894172,2.89,-0.7149999999999999,0.09,1.3910228912373812,12.064512064512067
IA,2020Q4,322.33,3.7932700048301404,1.5340515340515282,4.2,1.5,19.158586280553113,-0.408834891894172,2.684,-1.036,0.09,1.3204191315779434,12.539943536127574
IA,2021Q1,325.65,4.141349536296768,1.0300003102410527,4.3,1.5999999999999996,37.66776751366583,-0.408834891894172,3.0825,-0.36750000000000016,0.07,2.623645747764214,13.726393367111944
IA,2021Q2,341.41,8.597875182899696,4.839551665898978,4.2,-2.5999999999999996,38.29601993717351,-0.6418480469715715,2.975,-0.1875,0.08,5.317418943207719,15.365689347119282
IA,2021Q3,355.76,12.064512064512067,4.2031574939222605,3.5,-1.0999999999999996,-15.399919064903877,-0.6418480469715715,2.9,0.009999999999999787,0.08,5.363523425270289,12.769844839217459
IA,2021Q4,362.75,12.539943536127574,1.9648077355520543,2.9,-1.3000000000000003,6.16814251778115,-0.6418480469715715,3.098,0.4139999999999997,0.08,7.159457345112474,9.92694693314955
IA,2022Q1,370.35,13.726393367111944,2.095106822880788,2.6,-1.6999999999999997,-24.164079975468965,-0.6418480469715715,4.172,1.0894999999999997,0.2,8.540780148538584,8.73498042392331
IA,2022Q2,393.87,15.365689347119282,6.350749291211022,2.7,-1.5,5.754836579417288,8.121735517727323,5.522,2.547,1.21,8.999298141923106,5.293624800060948
IA,2022Q3,401.19,12.769844839217459,1.8584812247695925,3.0,-0.5,-5.2895412533418344,8.121735517727323,6.112,3.212,2.56,8.205751582451759,5.289264438296071
IA,2022Q4,398.76,9.92694693314955,-0.6056980483062913,3.0,0.10000000000000009,-18.43400374470989,8.121735517727323,6.364,3.266,4.1,6.410831677385809,5.960979035008518
IA,2023Q1,402.7,8.73498042392331,0.988062995285377,2.9,0.2999999999999998,-9.533585839290337,8.121735517727323,6.544,2.372,4.65,4.931348641757127,5.877824683387134
IA,2023Q2,414.72,5.293624800060948,2.9848522473305383,2.9,0.19999999999999973,-23.013864797070806,0.0997181813063186,6.714,1.1920000000000002,5.08,3.0592533347792994,5.355420524691357
IA,2023Q3,422.41,5.289264438296071,1.8542631172839608,3.0,0.0,-17.873481958724614,0.0997181813063186,7.2,1.088,5.33,3.6950823322234427,4.70159323879642
IA,2023Q4,422.53,5.960979035008518,0.028408418361292043,2.8,-0.20000000000000018,-8.236231414365335,0.0997181813063186,6.815,0.4510000000000005,5.33,3.322200208829762,4.418621162994341
IA,2024Q1,426.37,5.877824683387134,0.9088112086715894,2.7,-0.19999999999999973,2.932767447681739,0.0997181813063186,6.82,0.2760000000000007,5.33,3.4690014354717524,4.34364519079673
IA,2024Q2,436.93,5.355420524691357,2.476722095832251,3.0,0.10000000000000009,-16.66299277242852,-0.6476951732474867,6.9175,0.20350000000000001,5.33,2.9700853998204435,4.037259972993379
IA,2024Q3,442.27,4.70159323879642,1.2221637333211133,3.3,0.2999999999999998,39.603778802300816,-0.6476951732474867,6.18,-1.0200000000000005,5.13,2.432541464144644,3.3735048725891392
IA,2024Q4,441.2,4.418621162994341,-0.2419336604336686,3.3,0.5,23.687440964999308,-0.6476951732474867,6.715,-0.10000000000000053,4.48,2.872366268806581,4.170444242973725
IA,2025Q1,444.89,4.34364519079673,0.8363553943789626,3.4,0.6999999999999997,28.201308427606307,-0.6476951732474867,6.65,-0.16999999999999993,4.33,2.4055852640280317,3.8616287172110075
IA,2025Q2,454.57,4.037259972993379,2.175818741711444,3.7,0.7000000000000002,43.65136357847852,2.5224002010331814,6.8175,-0.10000000000000053,4.33,2.6726833178446263,3.2250258486041794
IA,2025Q3,457.19,3.3735048725891392,0.5763688760807018,3.8,0.5999999999999996,13.437900275662074,2.5224002010331814,6.3525,0.17250000000000032,4.22,2.9392196249335534,
ID,2014Q2,308.02,6.777134537386886,1.976493957953962,4.0,-3.0999999999999996,7.253943733843604,4.455120606767271,4.1625,0.09249999999999936,0.1,2.0589816945944195,5.493149795467822
ID,2014Q3,312.16,5.069000336587015,1.3440685669761754,4.0,-3.0,-3.2544972467016597,4.455120606767271,4.1625,-0.32750000000000057,0.09,1.6840509711232077,6.32368016401843
ID,2014Q4,313.56,5.465675557498906,0.4484879548949161,3.9,-2.1,0.9156489849099225,4.455120606767271,3.864,-0.5934999999999997,0.12,0.6531213919623191,7.3606327337670585
ID,2015Q1,319.75,5.859956960768087,1.9741038397754762,3.9,-1.1,-8.28974710590018,4.455120606767271,3.77,-0.5725000000000002,0.11,-0.022031284423873476,6.883502736512903
ID,2015Q2,324.94,5.493149795467822,1.6231430805316638,4.0,0.0,11.893421982884034,3.1111721820971994,3.9825,-0.17999999999999972,0.13,0.1795718097550525,7.035144949836902
ID,2015Q3,331.9,6.32368016401843,2.1419338954884015,3.9,-0.10000000000000009,15.868523445602456,3.1111721820971994,3.89,-0.2724999999999995,0.14,0.008842961634170088,8.291654112684554
ID,2015Q4,336.64,7.3606327337670585,1.4281410063271993,3.8,-0.10000000000000009,-8.984327762247679,3.1111721820971994,3.964,0.10000000000000009,0.24,0.6387247515364791,7.230275665399244
ID,2016Q1,341.76,6.883502736512903,1.520912547528508,3.8,-0.10000000000000009,36.31435657631965,3.1111721820971994,3.694,-0.07600000000000007,0.36,0.8916160965521946,7.648642322097365
ID,2016Q2,347.8,7.035144949836902,1.7673220973782877,3.7,-0.2999999999999998,19.259032655582086,1.5057295885746669,3.568,-0.41449999999999987,0.38,1.0792865347959424,9.896492236917776
ID,2016Q3,359.42,8.291654112684554,3.3410005750431404,3.7,-0.19999999999999973,19.838604564129202,1.5057295885746669,3.46,-0.43000000000000016,0.4,1.5486446201652182,8.661176339658327
ID,2016Q4,360.98,7.230275665399244,0.43403260809080635,3.5,-0.2999999999999998,21.244004844125186,1.5057295885746669,4.198,0.23400000000000043,0.54,2.0507989115119862,9.86758269156185
ID,2017Q1,367.9,7.648642322097365,1.9170037121170047,3.3,-0.5,-12.745397620247411,1.5057295885746669,4.196,0.5019999999999998,0.79,2.44119623655914,11.223158466974725
ID,2017Q2,382.22,9.896492236917776,3.89236205490624,3.1,-0.6000000000000001,15.042876692986983,3.9120525737382117,3.904,0.33599999999999985,1.04,1.640565809959127,11.89629009470985
ID,2017Q3,390.55,8.661176339658327,2.179373135890317,3.1,-0.6000000000000001,19.79235693541519,3.9120525737382117,3.805,0.3450000000000002,1.15,2.1805652303711787,12.71284086544615
ID,2017Q4,396.6,9.86758269156185,1.5490974267059254,3.1,-0.3999999999999999,30.689968789065027,3.9120525737382117,3.95,-0.24800000000000022,1.3,2.129930719552253,12.962682803832571
ID,2018Q1,409.19,11.223158466974725,3.1744831064044243,2.9,-0.3999999999999999,60.25673263396247,3.9120525737382117,4.444,0.24800000000000022,1.51,2.3309497646499366,11.757374324885749
ID,2018Q2,427.69,11.89629009470985,4.521127104767952,2.8,-0.30000000000000027,0.3594629836092933,3.538488838414322,4.57,0.6660000000000004,1.82,2.8075506935940187,10.645561037199847
ID,2018Q3,440.2,12.71284086544615,2.9250157824592504,2.8,-0.30000000000000027,6.624155427582057,3.538488838414322,4.6275,0.8225000000000002,1.95,2.332055105808828,9.9273057701045
ID,2018Q4,448.01,12.962682803832571,1.774193548387104,3.0,-0.10000000000000009,2.847106845585934,3.538488838414322,4.6375,0.6875,2.27,2.0023809043401064,10.546639583937868
ID,2019Q1,457.3,11.757374324885749,2.073614428249382,2.9,0.0,-23.41263563810547,3.538488838414322,4.265,-0.17900000000000027,2.41,1.8831863513063984,10.708506450907485
ID,2019Q2,473.22,10.645561037199847,3.4813033019899464,2.8,0.0,15.462217991862758,6.467393614322869,3.8025,-0.7675000000000001,2.38,1.671194894390049,9.006381809729081
ID,2019Q3,483.9,9.9273057701045,2.2568784075060133,2.9,0.10000000000000009,16.264831013743162,6.467393614322869,3.605,-1.0225000000000004,2.04,1.6844977040391562,10.762554246745214
ID,2019Q4,495.26,10.546639583937868,2.3475924777846657,2.8,-0.20000000000000018,23.942357044986306,6.467393614322869,3.72,-0.9175,1.55,2.3195274699624457,13.215280862577238
ID,2020Q1,506.27,10.708506450907485,2.2230747486168934,2.8,-0.10000000000000009,45.355601815119996,6.467393614322869,3.45,-0.8149999999999995,0.65,1.4940399642909163,16.813162936772862
ID,2020Q2,515.84,9.006381809729081,1.8902956920220593,7.5,4.7,-13.97499958072771,4.497238323239161,3.1625,-0.6400000000000001,0.08,0.7166562831830481,26.919199751861033
ID,2020Q3,535.98,10.762554246745214,3.9043114143920477,5.0,2.1,-2.8778018920347037,4.497238323239161,2.89,-0.7149999999999999,0.09,1.3910228912373812,32.09261539609687
ID,2020Q4,560.71,13.215280862577238,4.613978133512453,4.2,1.4000000000000004,10.316288109686012,4.497238323239161,2.684,-1.036,0.09,1.3204191315779434,30.689661322252128
ID,2021Q1,591.39,16.813162936772862,5.471634178095619,4.0,1.2000000000000002,15.796530464764814,4.497238323239161,3.0825,-0.36750000000000016,0.07,2.623645747764214,28.032262973672182
ID,2021Q2,654.7,26.919199751861033,10.705287542907405,3.7,-3.8,36.070823216439486,1.931497344853561,2.975,-0.1875,0.08,5.317418943207719,23.713151061554917
ID,2021Q3,707.99,32.09261539609687,8.13960592637848,3.3,-1.7000000000000002,9.83332950728717,1.931497344853561,2.9,0.009999999999999787,0.08,5.363523425270289,14.731846495006984
ID,2021Q4,732.79,30.689661322252128,3.5028743343832547,2.9,-1.3000000000000003,-2.5401349777065207,1.931497344853561,3.098,0.4139999999999997,0.08,7.159457345112474,6.894198883718383
ID,2022Q1,757.17,28.032262973672182,3.327010466845892,2.7,-1.2999999999999998,13.12024554586182,1.931497344853561,4.172,1.0894999999999997,0.2,8.540780148538584,3.1168693952480897
ID,2022Q2,809.95,23.713151061554917,6.970693503440462,2.8,-0.9000000000000004,21.838955632697065,7.548638884993153,5.522,2.547,1.21,8.999298141923106,-2.754491017964078
ID,2022Q3,812.29,14.731846495006984,0.2889067226371944,3.0,-0.2999999999999998,-12.079363190439762,7.548638884993153,6.112,3.212,2.56,8.205751582451759,-1.2704822169422147
ID,2022Q4,783.31,6.894198883718383,-3.5676913417621803,3.0,0.10000000000000009,-35.282487396367,7.548638884993153,6.364,3.266,4.1,6.410831677385809,1.4540858663875333
ID,2023Q1,780.77,3.1168693952480897,-0.3242649781057261,3.0,0.2999999999999998,-39.603783151015904,7.548638884993153,6.544,2.372,4.65,4.931348641757127,3.3428538494050697
ID,2023Q2,787.64,-2.754491017964078,0.8799006109353691,3.2,0.40000000000000036,-22.837734553666223,4.313744446642809,6.714,1.1920000000000002,5.08,3.0592533347792994,3.89391092377227
ID,2023Q3,801.97,-1.2704822169422147,1.8193590980651209,3.4,0.3999999999999999,29.801156810928497,4.313744446642809,7.2,1.088,5.33,3.6950823322234427,5.060039652356063
ID,2023Q4,794.7,1.4540858663875333,-0.9065177001633451,3.4,0.3999999999999999,58.02841494654116,4.313744446642809,6.815,0.4510000000000005,5.33,3.322200208829762,5.175537938844843
ID,2024Q1,806.87,3.3428538494050697,1.5313954951553965,3.5,0.5,16.502645614882372,4.313744446642809,6.82,0.2760000000000007,5.33,3.4690014354717524,4.883066665014191
ID,2024Q2,818.31,3.89391092377227,1.4178244326843226,3.7,0.5,-4.059690428910234,2.6877172185252096,6.9175,0.20350000000000001,5.33,2.9700853998204435,4.23922474367906
ID,2024Q3,842.55,5.060039652356063,2.9622025882611647,3.8,0.3999999999999999,-14.606461564443673,2.6877172185252096,6.18,-1.0200000000000005,5.13,2.432541464144644,1.5061420687199734
ID,2024Q4,835.83,5.175537938844843,-0.7975787787074862,3.8,0.3999999999999999,-7.457552703446546,2.6877172185252096,6.715,-0.10000000000000053,4.48,2.872366268806581,2.0183530143689454
ID,2025Q1,846.27,4.883066665014191,1.249057822762989,3.7,0.20000000000000018,8.39663358640852,2.6877172185252096,6.65,-0.16999999999999993,4.33,2.4055852640280317,2.3656752573055773
ID,2025Q2,853.0,4.23922474367906,0.7952544696137265,3.6,-0.10000000000000009,11.945509047028867,4.492556658078528,6.8175,-0.10000000000000053,4.33,2.6726833178446263,2.953106682297779
ID,2025Q3,855.24,1.5061420687199734,0.2626025791324649,3.7,0.0,3.114254543746786,4.492556658078528,6.3525,0.17250000000000032,4.22,2.9392196249335534,
IL,2014Q2,302.63,2.64907401126111,1.871612751203422,7.2,-1.9999999999999991,55.34872241792996,0.5958974523704974,4.1625,0.09249999999999936,0.1,2.0589816945944195,3.826454746720409
IL,2014Q3,306.91,3.8999289075459798,1.4142682483560876,6.6,-2.4000000000000004,2.080452520488363,0.5958974523704974,4.1625,-0.32750000000000057,0.09,1.6840509711232077,2.7141507282265165
IL,2014Q4,308.01,3.9310298285868406,0.3584112606301426,6.2,-2.3,8.707391564473465,0.5958974523704974,3.864,-0.5934999999999997,0.12,0.6531213919623191,2.8051037303983506
IL,2015Q1,311.51,4.860807217154206,1.1363267426382162,6.0,-1.9000000000000004,7.035499092461039,0.5958974523704974,3.77,-0.5725000000000002,0.11,-0.022031284423873476,2.093030721325162
IL,2015Q2,314.21,3.826454746720409,0.8667458508555104,6.0,-1.2000000000000002,-8.794586006736726,2.0183793727006405,3.9825,-0.17999999999999972,0.13,0.1795718097550525,2.558798255943473
IL,2015Q3,315.24,2.7141507282265165,0.32780624423156546,5.9,-0.6999999999999993,-0.6001460126835334,2.0183793727006405,3.89,-0.2724999999999995,0.14,0.008842961634170088,3.7368354269762705
IL,2015Q4,316.65,2.8051037303983506,0.44727826417967353,6.1,-0.10000000000000053,11.100418418349477,2.0183793727006405,3.964,0.10000000000000009,0.24,0.6387247515364791,3.5180798989420614
IL,2016Q1,318.03,2.093030721325162,0.43581241117953695,6.2,0.20000000000000018,36.88433775936637,2.0183793727006405,3.694,-0.07600000000000007,0.36,0.8916160965521946,2.5940948967078548
IL,2016Q2,322.25,2.558798255943473,1.3269188441342061,5.9,-0.09999999999999964,-23.27525239677558,1.7171866914950762,3.568,-0.41449999999999987,0.38,1.0792865347959424,2.5911559348332114
IL,2016Q3,327.02,3.7368354269762705,1.4802172226532129,5.7,-0.20000000000000018,22.55914476395089,1.7171866914950762,3.46,-0.43000000000000016,0.4,1.5486446201652182,2.2812060424439062
IL,2016Q4,327.79,3.5180798989420614,0.23545960491713203,5.4,-0.6999999999999993,9.497696745294881,1.7171866914950762,4.198,0.23400000000000043,0.54,2.0507989115119862,2.2209341346593803
IL,2017Q1,326.28,2.5940948967078548,-0.4606607889197534,5.0,-1.2000000000000002,-18.409219127150635,1.7171866914950762,4.196,0.5019999999999998,0.79,2.44119623655914,3.1966409219075675
IL,2017Q2,330.6,2.5911559348332114,1.324016182420018,4.9,-1.0,79.36721250908161,0.1187025009785847,3.904,0.33599999999999985,1.04,1.640565809959127,2.5045372050816583
IL,2017Q3,334.48,2.2812060424439062,1.1736237144585493,4.9,-0.7999999999999998,-11.521698913028644,0.1187025009785847,3.805,0.3450000000000002,1.15,2.1805652303711787,1.6712508969146
IL,2017Q4,335.07,2.2209341346593803,0.176393207366643,4.7,-0.7000000000000002,-1.4092204897248717,0.1187025009785847,3.95,-0.24800000000000022,1.3,2.129930719552253,1.2892828364222453
IL,2018Q1,336.71,3.1966409219075675,0.48944996567881205,4.4,-0.5999999999999996,-7.5548267983146955,0.1187025009785847,4.444,0.24800000000000022,1.51,2.3309497646499366,1.689881500400947
IL,2018Q2,338.88,2.5045372050816583,0.6444715036678428,4.3,-0.6000000000000005,-11.397750776896698,0.7771131988963953,4.57,0.6660000000000004,1.82,2.8075506935940187,2.5348205854579975
IL,2018Q3,340.07,1.6712508969146,0.3511567516524927,4.4,-0.5,6.006660556439658,0.7771131988963953,4.6275,0.8225000000000002,1.95,2.332055105808828,3.1522921751404143
IL,2018Q4,339.39,1.2892828364222453,-0.19995883200517595,4.6,-0.10000000000000053,-0.5775753003516959,0.7771131988963953,4.6375,0.6875,2.27,2.0023809043401064,3.842187453961521
IL,2019Q1,342.4,1.689881500400947,0.8868852942043093,4.4,0.0,-4.69170141008558,0.7771131988963953,4.265,-0.17900000000000027,2.41,1.8831863513063984,3.384929906542067
IL,2019Q2,347.47,2.5348205854579975,1.480724299065428,3.9,-0.3999999999999999,-0.38483900613716093,2.244212121896161,3.8025,-0.7675000000000001,2.38,1.671194894390049,2.4520102454888226
IL,2019Q3,350.79,3.1522921751404143,0.9554781707773241,3.7,-0.7000000000000002,-17.10860535787988,2.244212121896161,3.605,-1.0225000000000004,2.04,1.6844977040391562,2.5542347273297406
IL,2019Q4,352.43,3.842187453961521,0.4675161777701664,3.6,-0.9999999999999996,-3.779811211205364,2.244212121896161,3.72,-0.9175,1.55,2.3195274699624457,3.3595323894106466
IL,2020Q1,353.99,3.384929906542067,0.44264109184801725,5.1,0.6999999999999993,10.947098265563216,2.244212121896161,3.45,-0.8149999999999995,0.65,1.4940399642909163,4.132885109748852
IL,2020Q2,355.99,2.4520102454888226,0.564987711517273,12.6,8.7,-41.397723980818476,0.7634725405429421,3.1625,-0.6400000000000001,0.08,0.7166562831830481,8.20809573302621
IL,2020Q3,359.75,2.5542347273297406,1.0562094440855097,9.1,5.3999999999999995,-2.6349386187847545,0.7634725405429421,2.89,-0.7149999999999999,0.09,1.3910228912373812,10.821403752605985
IL,2020Q4,364.27,3.3595323894106466,1.2564280750521073,7.6,3.9999999999999996,-22.94389599234089,0.7634725405429421,2.684,-1.036,0.09,1.3204191315779434,11.906003788398722
IL,2021Q1,368.62,4.132885109748852,1.1941691602382898,6.8,1.7000000000000002,-14.066810623608305,0.7634725405429421,3.0825,-0.36750000000000016,0.07,2.623645747764214,13.504421897889408
IL,2021Q2,385.21,8.20809573302621,4.500569692366119,6.4,-6.199999999999999,35.829572849766954,-5.5156399344862495,2.975,-0.1875,0.08,5.317418943207719,15.004802575218722
IL,2021Q3,398.68,10.821403752605985,3.496793956543187,5.5,-3.5999999999999996,15.604122652383335,-5.5156399344862495,2.9,0.009999999999999787,0.08,5.363523425270289,12.278017457610101
IL,2021Q4,407.64,11.906003788398722,2.2474164743653935,4.8,-2.8,23.582241156352147,-5.5156399344862495,3.098,0.4139999999999997,0.08,7.159457345112474,8.743008536944362
IL,2022Q1,418.4,13.504421897889408,2.6395839466195614,4.7,-2.0999999999999996,15.743721559732604,-5.5156399344862495,4.172,1.0894999999999997,0.2,8.540780148538584,6.880975143403445
IL,2022Q2,443.01,15.004802575218722,5.881931166347987,4.5,-1.9000000000000004,-1.099445334239857,5.726149636650413,5.522,2.547,1.21,8.999298141923106,4.909595720186899
IL,2022Q3,447.63,12.278017457610101,1.0428658495293508,4.5,-1.0,-5.325854148246812,5.726149636650413,6.112,3.212,2.56,8.205751582451759,6.230592230190113
IL,2022Q4,443.28,8.743008536944362,-0.9717847329267504,4.5,-0.2999999999999998,-2.121817698798778,5.726149636650413,6.364,3.266,4.1,6.410831677385809,7.866359862840655
IL,2023Q1,447.19,6.880975143403445,0.8820609998195339,4.3,-0.40000000000000036,-13.853761861144553,5.726149636650413,6.544,2.372,4.65,4.931348641757127,8.589190277063441
IL,2023Q2,464.76,4.909595720186899,3.928978733871502,4.3,-0.20000000000000018,-19.683828862322393,1.8425657432506792,6.714,1.1920000000000002,5.08,3.0592533347792994,7.853515793097521
IL,2023Q3,475.52,6.230592230190113,2.3151734228418874,4.7,0.20000000000000018,-26.72474998036908,1.8425657432506792,7.2,1.088,5.33,3.6950823322234427,7.099596231493943
IL,2023Q4,478.15,7.866359862840655,0.5530787348586808,4.8,0.2999999999999998,-29.438783323118578,1.8425657432506792,6.815,0.4510000000000005,5.33,3.322200208829762,7.012443793788559
IL,2024Q1,485.6,8.589190277063441,1.5580884659625704,5.0,0.7000000000000002,10.177457204707107,1.8425657432506792,6.82,0.2760000000000007,5.33,3.4690014354717524,7.172570016474444
IL,2024Q2,501.26,7.853515793097521,3.224876441515634,5.1,0.7999999999999998,2.669782347890548,1.3813376560517732,6.9175,0.20350000000000001,5.33,2.9700853998204435,6.511590791206157
IL,2024Q3,509.28,7.099596231493943,1.5999680804372973,5.0,0.2999999999999998,43.37151736603764,1.3813376560517732,6.18,-1.0200000000000005,5.13,2.432541464144644,6.430647188187244
IL,2024Q4,511.68,7.012443793788559,0.47125353440151674,4.9,0.10000000000000053,47.13305600499653,1.3813376560517732,6.715,-0.10000000000000053,4.48,2.872366268806581,6.441525953721072
IL,2025Q1,520.43,7.172570016474444,1.7100531582238787,4.8,-0.20000000000000018,-12.360960225317097,1.3813376560517732,6.65,-0.16999999999999993,4.33,2.4055852640280317,5.827873104932468
IL,2025Q2,533.9,6.511590791206157,2.588244336414114,4.6,-0.5,29.995161430952244,1.6001305361916351,6.8175,-0.10000000000000053,4.33,2.6726833178446263,5.988012736467518
IL,2025Q3,542.03,6.430647188187244,1.5227570706124682,4.4,-0.5999999999999996,13.036279670489836,1.6001305361916351,6.3525,0.17250000000000032,4.22,2.9392196249335534,
IN,2014Q2,247.25,1.8369784587503712,1.602629956852275,6.0,-1.7000000000000002,4.118697701157936,2.881100865083641,4.1625,0.09249999999999936,0.1,2.0589816945944195,3.894843276036397
IN,2014Q3,249.65,2.5130374081222095,0.9706774519716799,5.8,-1.2999999999999998,14.293593445680575,2.881100865083641,4.1625,-0.32750000000000057,0.09,1.6840509711232077,3.216503104346091
IN,2014Q4,250.89,3.0010674111174973,0.49669537352292625,5.5,-1.0,-16.653887955923942,2.881100865083641,3.864,-0.5934999999999997,0.12,0.6531213919623191,3.4517119056160173
IN,2015Q1,253.8,4.294226422847758,1.1598708597393426,5.1,-1.1000000000000005,-12.425709410236141,2.881100865083641,3.77,-0.5725000000000002,0.11,-0.022031284423873476,2.2931442080378117
IN,2015Q2,256.88,3.894843276036397,1.213553979511417,4.7,-1.2999999999999998,-2.6550242397886836,3.1873241710718148,3.9825,-0.17999999999999972,0.13,0.1795718097550525,2.9741513547181464
IN,2015Q3,257.68,3.216503104346091,0.31142946122704185,4.5,-1.2999999999999998,-10.061747094517093,3.1873241710718148,3.89,-0.2724999999999995,0.14,0.008842961634170088,4.175721825520018
IN,2015Q4,259.55,3.4517119056160173,0.7257063023905719,4.6,-0.9000000000000004,31.32117215439447,3.1873241710718148,3.964,0.10000000000000009,0.24,0.6387247515364791,4.033904835291846
IN,2016Q1,259.62,2.2931442080378117,0.02696975534579593,4.6,-0.5,38.025033900604896,3.1873241710718148,3.694,-0.07600000000000007,0.36,0.8916160965521946,4.159926045759188
IN,2016Q2,264.52,2.9741513547181464,1.8873738540944318,4.5,-0.20000000000000018,-6.8722289659203355,-0.7627655471721506,3.568,-0.41449999999999987,0.38,1.0792865347959424,4.184938756993795
IN,2016Q3,268.44,4.175721825520018,1.4819295327385573,4.2,-0.2999999999999998,4.05705728428345,-0.7627655471721506,3.46,-0.43000000000000016,0.4,1.5486446201652182,4.403218596334368
IN,2016Q4,270.02,4.033904835291846,0.5885859037401131,4.0,-0.5999999999999996,-14.527531331456778,-0.7627655471721506,4.198,0.23400000000000043,0.54,2.0507989115119862,4.63669357825347
IN,2017Q1,270.42,4.159926045759188,0.14813717502408785,3.6,-0.9999999999999996,8.528164007854922,-0.7627655471721506,4.196,0.5019999999999998,0.79,2.44119623655914,6.190370534723777
IN,2017Q2,275.59,4.184938756993795,1.911840840174528,3.5,-1.0,25.323756870595204,2.1201318151071513,3.904,0.33599999999999985,1.04,1.640565809959127,6.629413258826533
IN,2017Q3,280.26,4.403218596334368,1.694546246235351,3.5,-0.7000000000000002,-9.431883184710077,2.1201318151071513,3.805,0.3450000000000002,1.15,2.1805652303711787,6.222793120673664
IN,2017Q4,282.54,4.63669357825347,0.8135302932990918,3.3,-0.7000000000000002,3.706508516403173,2.1201318151071513,3.95,-0.24800000000000022,1.3,2.129930719552253,6.126566149925683
IN,2018Q1,287.16,6.190370534723777,1.635166702059876,3.3,-0.30000000000000027,5.150146743624062,2.1201318151071513,4.444,0.24800000000000022,1.51,2.3309497646499366,5.853879370385839
IN,2018Q2,293.86,6.629413258826533,2.3331940381668748,3.4,-0.10000000000000009,6.554842413675277,2.610670670808557,4.57,0.6660000000000004,1.82,2.8075506935940187,5.359695092901373
IN,2018Q3,297.7,6.222793120673664,1.3067447083645156,3.5,0.0,16.274790908317872,2.610670670808557,4.6275,0.8225000000000002,1.95,2.332055105808828,5.606315082297608
IN,2018Q4,299.85,6.126566149925683,0.7222035606315291,3.6,0.30000000000000027,5.116999605616823,2.610670670808557,4.6375,0.6875,2.27,2.0023809043401064,5.9463064865766135
IN,2019Q1,303.97,5.853879370385839,1.374020343505089,3.4,0.10000000000000009,-1.558117524654501,2.610670670808557,4.265,-0.17900000000000027,2.41,1.8831863513063984,5.724249103529955
IN,2019Q2,309.61,5.359695092901373,1.855446261144178,3.2,-0.19999999999999973,-7.111476453492993,3.140133099958109,3.8025,-0.7675000000000001,2.38,1.671194894390049,4.996608636671929
IN,2019Q3,314.39,5.606315082297608,1.543877781725378,3.3,-0.20000000000000018,9.434147993798181,3.140133099958109,3.605,-1.0225000000000004,2.04,1.6844977040391562,5.668119214987755
IN,2019Q4,317.68,5.9463064865766135,1.0464709437323139,3.3,-0.30000000000000027,15.331549746838412,3.140133099958109,3.72,-0.9175,1.55,2.3195274699624457,7.1014857718458835
IN,2020Q1,321.37,5.724249103529955,1.1615462100226681,3.6,0.20000000000000018,-9.58964756081151,3.140133099958109,3.45,-0.8149999999999995,0.65,1.4940399642909163,8.025017892149243
IN,2020Q2,325.08,4.996608636671929,1.154432585493348,10.3,7.1000000000000005,7.0941845048958285,0.47301396100312143,3.1625,-0.6400000000000001,0.08,0.7166562831830481,12.990648455764742
IN,2020Q3,332.21,5.668119214987755,2.193306263073702,6.5,3.2,20.07157179075254,0.47301396100312143,2.89,-0.7149999999999999,0.09,1.3910228912373812,16.010956924836695
IN,2020Q4,340.24,7.1014857718458835,2.4171457812829367,5.0,1.7000000000000002,17.658306130311587,0.47301396100312143,2.684,-1.036,0.09,1.3204191315779434,17.093816129790728
IN,2021Q1,347.16,8.025017892149243,2.033858452856818,4.4,0.8000000000000003,30.883153197647673,0.47301396100312143,3.0825,-0.36750000000000016,0.07,2.623645747764214,18.02338979145062
IN,2021Q2,367.31,12.990648455764742,5.8042401198294735,4.1,-6.200000000000001,22.282209168955113,-2.845720676953112,2.975,-0.1875,0.08,5.317418943207719,18.439465301788683
IN,2021Q3,385.4,16.010956924836695,4.924995235632013,3.5,-3.0,9.950584340483815,-2.845720676953112,2.9,0.009999999999999787,0.08,5.363523425270289,15.119356512714077
IN,2021Q4,398.4,17.093816129790728,3.373118837571365,3.0,-2.0,24.757441646876256,-2.845720676953112,3.098,0.4139999999999997,0.08,7.159457345112474,10.667670682730934
IN,2022Q1,409.73,18.02338979145062,2.843875502008042,2.9,-1.5000000000000004,26.02498023597153,-2.845720676953112,4.172,1.0894999999999997,0.2,8.540780148538584,8.481194933248727
IN,2022Q2,435.04,18.439465301788683,6.177238669367635,3.0,-1.0999999999999996,6.831829679535972,7.475533637289988,5.522,2.547,1.21,8.999298141923106,6.541927179109952
IN,2022Q3,443.67,15.119356512714077,1.9837256344244159,3.2,-0.2999999999999998,-0.6264879355568742,7.475533637289988,6.112,3.212,2.56,8.205751582451759,5.871481055739625
IN,2022Q4,440.9,10.667670682730934,-0.6243379088061052,3.3,0.2999999999999998,-28.94091396334354,7.475533637289988,6.364,3.266,4.1,6.410831677385809,7.042413245633927
IN,2023Q1,444.48,8.481194933248727,0.811975504649598,3.3,0.3999999999999999,-29.072501777947068,7.475533637289988,6.544,2.372,4.65,4.931348641757127,7.062185025197976
IN,2023Q2,463.5,6.541927179109952,4.279157667386602,3.4,0.3999999999999999,-8.000643895544911,1.708235885283238,6.714,1.1920000000000002,5.08,3.0592533347792994,5.713052858683931
IN,2023Q3,469.72,5.871481055739625,1.3419633225458583,3.6,0.3999999999999999,-7.005815594349373,1.708235885283238,7.2,1.088,5.33,3.6950823322234427,5.90990377246019
IN,2023Q4,471.95,7.042413245633927,0.47475091543898174,3.7,0.40000000000000036,21.773514165985052,1.708235885283238,6.815,0.4510000000000005,5.33,3.322200208829762,6.214641381502273
IN,2024Q1,475.87,7.062185025197976,0.8305964614895744,3.9,0.6000000000000001,12.745275758574092,1.708235885283238,6.82,0.2760000000000007,5.33,3.4690014354717524,6.442936095992602
IN,2024Q2,489.98,5.713052858683931,2.9650955092777487,4.2,0.8000000000000003,-10.083516800854763,1.750527026048232,6.9175,0.20350000000000001,5.33,2.9700853998204435,5.132862565819019
IN,2024Q3,497.48,5.90990377246019,1.5306747214171912,4.4,0.8000000000000003,8.34494515154498,1.750527026048232,6.18,-1.0200000000000005,5.13,2.432541464144644,4.641392618798745
IN,2024Q4,501.28,6.214641381502273,0.7638498030071439,4.4,0.7000000000000002,-2.7141768959268675,1.750527026048232,6.715,-0.10000000000000053,4.48,2.872366268806581,4.6560804340887385
IN,2025Q1,506.53,6.442936095992602,1.0473188637089015,4.1,0.19999999999999973,27.38019337381401,1.750527026048232,6.65,-0.16999999999999993,4.33,2.4055852640280317,4.469626675616456
IN,2025Q2,515.13,5.132862565819019,1.6978263873808075,3.6,-0.6000000000000001,24.171440619031358,2.905790775770889,6.8175,-0.10000000000000053,4.33,2.6726833178446263,4.577485294974082
IN,2025Q3,520.57,4.641392618798745,1.0560441053714786,3.6,-0.8000000000000003,6.409054806996095,2.905790775770889,6.3525,0.17250000000000032,4.22,2.9392196249335534,
KS,2014Q2,237.85,2.5038786416135217,1.4199215418727595,4.5,-0.9000000000000004,-36.16382277841065,0.4169856693659435,4.1625,0.09249999999999936,0.1,2.0589816945944195,3.4601639688879526
KS,2014Q3,241.41,2.9423052321862597,1.496741643893218,4.4,-0.7999999999999998,27.145105358095336,0.4169856693659435,4.1625,-0.32750000000000057,0.09,1.6840509711232077,3.0943208649186094
KS,2014Q4,241.05,3.171545968156142,-0.14912389710450835,4.3,-0.6000000000000005,37.296375328405105,0.4169856693659435,3.864,-0.5934999999999997,0.12,0.6531213919623191,3.3312590748807214
KS,2015Q1,243.16,3.684120757291476,0.8753370669985383,4.4,-0.2999999999999998,-5.677497360471662,0.4169856693659435,3.77,-0.5725000000000002,0.11,-0.022031284423873476,3.3352525086362883
KS,2015Q2,246.08,3.4601639688879526,1.2008554038493324,4.2,-0.2999999999999998,32.706519211838,2.2608722194463526,3.9825,-0.17999999999999972,0.13,0.1795718097550525,4.100292587776333
KS,2015Q3,248.88,3.0943208649186094,1.1378413524057107,4.0,-0.40000000000000036,0.5156356871081291,2.2608722194463526,3.89,-0.2724999999999995,0.14,0.008842961634170088,4.472034715525552
KS,2015Q4,249.08,3.3312590748807214,0.08036001285760541,4.0,-0.2999999999999998,-26.24642978137054,2.2608722194463526,3.964,0.10000000000000009,0.24,0.6387247515364791,5.0626304801670186
KS,2016Q1,251.27,3.3352525086362883,0.8792355869600144,3.9,-0.5000000000000004,-2.295552013511515,2.2608722194463526,3.694,-0.07600000000000007,0.36,0.8916160965521946,3.947944442233453
KS,2016Q2,256.17,4.100292587776333,1.950093524893548,4.1,-0.10000000000000053,8.317300121234105,2.9151236680788672,3.568,-0.41449999999999987,0.38,1.0792865347959424,4.742944138657923
KS,2016Q3,260.01,4.472034715525552,1.4990045672795382,4.2,0.20000000000000018,22.42987035964814,2.9151236680788672,3.46,-0.43000000000000016,0.4,1.5486446201652182,4.176762432214143
KS,2016Q4,261.69,5.0626304801670186,0.646128995038664,4.0,0.0,-11.50230480494182,2.9151236680788672,4.198,0.23400000000000043,0.54,2.0507989115119862,3.8213152967251363
KS,2017Q1,261.19,3.947944442233453,-0.19106576483625126,3.7,-0.19999999999999973,23.342669145638006,2.9151236680788672,4.196,0.5019999999999998,0.79,2.44119623655914,5.61277231134425
KS,2017Q2,268.32,4.742944138657923,2.7298135456947037,3.6,-0.49999999999999956,-3.6828044151570483,3.8089539515745674,3.904,0.33599999999999985,1.04,1.640565809959127,4.699612403100772
KS,2017Q3,270.87,4.176762432214143,0.9503577817531417,3.6,-0.6000000000000001,-1.381305367732022,3.8089539515745674,3.805,0.3450000000000002,1.15,2.1805652303711787,4.009303355853366
KS,2017Q4,271.69,3.8213152967251363,0.30272824602206594,3.5,-0.5,40.69515289768593,3.8089539515745674,3.95,-0.24800000000000022,1.3,2.129930719552253,4.5897898340020005
KS,2018Q1,275.85,5.61277231134425,1.5311568331554337,3.4,-0.30000000000000027,-17.717842666624296,3.8089539515745674,4.444,0.24800000000000022,1.51,2.3309497646499366,3.864419068334235
KS,2018Q2,280.93,4.699612403100772,1.841580569149892,3.3,-0.30000000000000027,2.5524328784779726,0.989955886559879,4.57,0.6660000000000004,1.82,2.8075506935940187,3.847933648951707
KS,2018Q3,281.73,4.009303355853366,0.28476844765601417,3.2,-0.3999999999999999,5.971913907185278,0.989955886559879,4.6275,0.8225000000000002,1.95,2.332055105808828,4.75987647747842
KS,2018Q4,284.16,4.5897898340020005,0.862527952294756,3.3,-0.20000000000000018,-0.763072165605283,0.989955886559879,4.6375,0.6875,2.27,2.0023809043401064,4.525619369369349
KS,2019Q1,286.51,3.864419068334235,0.8269988738738521,3.2,-0.19999999999999973,-18.923319570531493,0.989955886559879,4.265,-0.17900000000000027,2.41,1.8831863513063984,5.074866496806396
KS,2019Q2,291.74,3.847933648951707,1.8254162158388931,3.1,-0.19999999999999973,-5.767590083719476,2.1189773962914105,3.8025,-0.7675000000000001,2.38,1.671194894390049,4.1989442654418285
KS,2019Q3,295.14,4.75987647747842,1.1654212655103802,3.1,-0.10000000000000009,-19.92266795215929,2.1189773962914105,3.605,-1.0225000000000004,2.04,1.6844977040391562,5.224639154299671
KS,2019Q4,297.02,4.525619369369349,0.6369858372297976,3.1,-0.19999999999999973,-12.817287708091897,2.1189773962914105,3.72,-0.9175,1.55,2.3195274699624457,6.625816443337151
KS,2020Q1,301.05,5.074866496806396,1.3568109891589852,3.1,-0.10000000000000009,12.93079355785014,2.1189773962914105,3.45,-0.8149999999999995,0.65,1.4940399642909163,7.075236671649221
KS,2020Q2,303.99,4.1989442654418285,0.9765819631290418,7.5,4.4,-24.2795505692184,-0.13816506661782357,3.1625,-0.6400000000000001,0.08,0.7166562831830481,12.155005098851923
KS,2020Q3,310.56,5.224639154299671,2.161255304450793,5.4,2.3000000000000003,19.64853368430788,-0.13816506661782357,2.89,-0.7149999999999999,0.09,1.3910228912373812,14.634853168469864
KS,2020Q4,316.7,6.625816443337151,1.977073673364238,4.4,1.3000000000000003,14.266210826829928,-0.13816506661782357,2.684,-1.036,0.09,1.3204191315779434,14.250078939059051
KS,2021Q1,322.35,7.075236671649221,1.78402273444902,3.7,0.6000000000000001,38.63962312607898,-0.13816506661782357,3.0825,-0.36750000000000016,0.07,2.623645747764214,15.985729796804705
KS,2021Q2,340.94,12.155005098851923,5.767023421746531,3.6,-3.9,32.344638616811515,-1.7344067637676486,2.975,-0.1875,0.08,5.317418943207719,16.627559101308155
KS,2021Q3,356.01,14.634853168469864,4.420132574646574,3.1,-2.3000000000000003,-9.041200928789051,-1.7344067637676486,2.9,0.009999999999999787,0.08,5.363523425270289,12.960310103648776
KS,2021Q4,361.83,14.250078939059051,1.63478553973202,2.6,-1.8000000000000003,9.382374180769704,-1.7344067637676486,3.098,0.4139999999999997,0.08,7.159457345112474,10.380565458917168
KS,2022Q1,373.88,15.985729796804705,3.330293231628123,2.6,-1.1,14.763864136952098,-1.7344067637676486,4.172,1.0894999999999997,0.2,8.540780148538584,7.387397025783682
KS,2022Q2,397.63,16.627559101308155,6.352305552583726,2.7,-0.8999999999999999,10.868422832230218,2.268496123547159,5.522,2.547,1.21,8.999298141923106,5.789301612051401
KS,2022Q3,402.15,12.960310103648776,1.1367351557981076,2.9,-0.20000000000000018,5.24178908675621,2.268496123547159,6.112,3.212,2.56,8.205751582451759,6.5473082183264975
KS,2022Q4,399.39,10.380565458917168,-0.6863110779559811,2.9,0.2999999999999998,-30.63940967301686,2.268496123547159,6.364,3.266,4.1,6.410831677385809,7.125866947094339
KS,2023Q1,401.5,7.387397025783682,0.5283056661408603,2.9,0.2999999999999998,-43.46065027924724,2.268496123547159,6.544,2.372,4.65,4.931348641757127,8.9414694894147
KS,2023Q2,420.65,5.789301612051401,4.7696139476961275,2.8,0.09999999999999964,-2.0056261848777512,4.3279624791374705,6.714,1.1920000000000002,5.08,3.0592533347792994,6.325924164982766
KS,2023Q3,428.48,6.5473082183264975,1.8614049685011347,2.9,0.0,9.644409388143306,4.3279624791374705,7.2,1.088,5.33,3.6950823322234427,5.162434652725922
KS,2023Q4,427.85,7.125866947094339,-0.14703136669156347,3.0,0.10000000000000009,38.90503637654605,4.3279624791374705,6.815,0.4510000000000005,5.33,3.322200208829762,6.1119551244595005
KS,2024Q1,437.4,8.9414694894147,2.232090685988064,3.3,0.3999999999999999,65.47012965578006,4.3279624791374705,6.82,0.2760000000000007,5.33,3.4690014354717524,5.733882030178328
KS,2024Q2,447.26,6.325924164982766,2.2542295381801525,3.6,0.8000000000000003,-2.1150652857020447,1.4014257259552965,6.9175,0.20350000000000001,5.33,2.9700853998204435,4.735500603675713
KS,2024Q3,450.6,5.162434652725922,0.7467692170102458,3.8,0.8999999999999999,-9.193619278697106,1.4014257259552965,6.18,-1.0200000000000005,5.13,2.432541464144644,4.84687083888149
KS,2024Q4,454.0,6.1119551244595005,0.754549489569456,3.8,0.7999999999999998,-16.167313320223155,1.4014257259552965,6.715,-0.10000000000000053,4.48,2.872366268806581,4.488986784140958
KS,2025Q1,462.48,5.733882030178328,1.8678414096916285,3.8,0.5,-15.234807209708878,1.4014257259552965,6.65,-0.16999999999999993,4.33,2.4055852640280317,3.922331776509247
KS,2025Q2,468.44,4.735500603675713,1.2887043764054695,3.8,0.19999999999999973,26.692734430918243,0.7389573827783824,6.8175,-0.10000000000000053,4.33,2.6726833178446263,3.7870378276833705
KS,2025Q3,472.44,4.84687083888149,0.8538980445734756,3.8,0.09999999999999964,20.39637660389433,0.7389573827783824,6.3525,0.17250000000000032,4.22,2.9392196249335534,
KY,2014Q2,287.01,0.9709762532981392,1.5784816846575733,6.5,-1.5,-24.344359351580714,2.4148170286280246,4.1625,0.09249999999999936,0.1,2.0589816945944195,3.372704783805447
KY,2014Q3,288.2,1.575441440806391,0.41461969966203327,5.9,-2.0,-3.296659995909168,2.4148170286280246,4.1625,-0.32750000000000057,0.09,1.6840509711232077,3.5218598195697615
KY,2014Q4,290.24,2.7216421872235053,0.7078417765440825,5.4,-2.1999999999999993,-19.803591430336375,2.4148170286280246,3.864,-0.5934999999999997,0.12,0.6531213919623191,3.600468577728777
KY,2015Q1,293.11,3.7373916121040462,0.9888368246968149,5.3,-1.9000000000000004,-15.731866464075805,2.4148170286280246,3.77,-0.5725000000000002,0.11,-0.022031284423873476,3.063696223260881
KY,2015Q2,296.69,3.372704783805447,1.221384463170816,5.2,-1.2999999999999998,13.491848060506427,0.04972089192569751,3.9825,-0.17999999999999972,0.13,0.1795718097550525,3.7210556473086465
KY,2015Q3,298.35,3.5218598195697615,0.5595065556641687,5.2,-0.7000000000000002,16.94431068284066,0.04972089192569751,3.89,-0.2724999999999995,0.14,0.008842961634170088,4.216524216524209
KY,2015Q4,300.69,3.600468577728777,0.7843137254901933,5.2,-0.20000000000000018,54.492241719962344,0.04972089192569751,3.964,0.10000000000000009,0.24,0.6387247515364791,4.024077954039051
KY,2016Q1,302.09,3.063696223260881,0.4655957963350943,5.1,-0.20000000000000018,27.691392655378856,0.04972089192569751,3.694,-0.07600000000000007,0.36,0.8916160965521946,4.442384719785508
KY,2016Q2,307.73,3.7210556473086465,1.8669932801483213,5.0,-0.20000000000000018,25.361354132641843,1.367559673529617,3.568,-0.41449999999999987,0.38,1.0792865347959424,4.5656907028888805
KY,2016Q3,310.93,4.216524216524209,1.0398726156045868,5.1,-0.10000000000000053,17.58126891374312,1.367559673529617,3.46,-0.43000000000000016,0.4,1.5486446201652182,4.9142893898948214
KY,2016Q4,312.79,4.024077954039051,0.5982053838484491,5.1,-0.10000000000000053,3.403830066043456,1.367559673529617,4.198,0.23400000000000043,0.54,2.0507989115119862,4.51101377921288
KY,2017Q1,315.51,4.442384719785508,0.869593017679593,5.0,-0.09999999999999964,-3.7322848272861364,1.367559673529617,4.196,0.5019999999999998,0.79,2.44119623655914,4.9538841875059525
KY,2017Q2,321.78,4.5656907028888805,1.9872587239706974,4.8,-0.20000000000000018,3.0860626264125113,0.7620041596674731,3.904,0.33599999999999985,1.04,1.640565809959127,4.3414755422959805
KY,2017Q3,326.21,4.9142893898948214,1.3767170116228522,4.6,-0.5,-3.3602822852161762,0.7620041596674731,3.805,0.3450000000000002,1.15,2.1805652303711787,3.7521841758376473
KY,2017Q4,326.9,4.51101377921288,0.2115201863829963,4.3,-0.7999999999999998,-4.285008415309477,0.7620041596674731,3.95,-0.24800000000000022,1.3,2.129930719552253,4.007341694707867
KY,2018Q1,331.14,4.9538841875059525,1.2970327317222363,4.2,-0.7999999999999998,5.312662314286132,0.7620041596674731,4.444,0.24800000000000022,1.51,2.3309497646499366,3.7838980491635033
KY,2018Q2,335.75,4.3414755422959805,1.392160415534227,4.2,-0.5999999999999996,23.13254775337623,1.2719942370223558,4.57,0.6660000000000004,1.82,2.8075506935940187,3.9910647803425015
KY,2018Q3,338.45,3.7521841758376473,0.8041697691734795,4.2,-0.39999999999999947,30.510558317076566,1.2719942370223558,4.6275,0.8225000000000002,1.95,2.332055105808828,4.730388535972807
KY,2018Q4,340.0,4.007341694707867,0.457970158073584,4.2,-0.09999999999999964,6.165758691226331,1.2719942370223558,4.6375,0.6875,2.27,2.0023809043401064,4.894117647058827
KY,2019Q1,343.67,3.7838980491635033,1.0794117647058954,4.1,-0.10000000000000053,-7.260202078698219,1.2719942370223558,4.265,-0.17900000000000027,2.41,1.8831863513063984,5.013530421625378
KY,2019Q2,349.15,3.9910647803425015,1.5945529141327297,4.1,-0.10000000000000053,-17.864171541490535,1.167249611915655,3.8025,-0.7675000000000001,2.38,1.671194894390049,4.51668337390807
KY,2019Q3,354.46,4.730388535972807,1.5208363167692918,4.0,-0.20000000000000018,-4.161580375247354,1.167249611915655,3.605,-1.0225000000000004,2.04,1.6844977040391562,4.776279410934947
KY,2019Q4,356.64,4.894117647058827,0.6150200304688935,4.0,-0.20000000000000018,-5.377322897347636,1.167249611915655,3.72,-0.9175,1.55,2.3195274699624457,6.238784208165105
KY,2020Q1,360.9,5.013530421625378,1.1944818304172156,4.1,0.0,17.572178478874513,1.167249611915655,3.45,-0.8149999999999995,0.65,1.4940399642909163,6.935439179828218
KY,2020Q2,364.92,4.51668337390807,1.1138819617622753,5.3,1.2000000000000002,-12.050882827209064,2.837232768169007,3.1625,-0.6400000000000001,0.08,0.7166562831830481,10.555738243998668
KY,2020Q3,371.39,4.776279410934947,1.7729913405677866,5.0,1.0,-2.7396809687403545,2.837232768169007,2.89,-0.7149999999999999,0.09,1.3910228912373812,14.1091574894316
KY,2020Q4,378.89,6.238784208165105,2.0194404803575816,4.7,0.7000000000000002,5.561239890505365,2.837232768169007,2.684,-1.036,0.09,1.3204191315779434,15.410805246905435
KY,2021Q1,385.93,6.935439179828218,1.8580590672754749,4.6,0.5,46.44994099304298,2.837232768169007,3.0825,-0.36750000000000016,0.07,2.623645747764214,16.39157360143031
KY,2021Q2,403.44,10.555738243998668,4.537092218796146,4.6,-0.7000000000000002,21.26995206239628,-2.4464652750856963,2.975,-0.1875,0.08,5.317418943207719,17.677969462621455
KY,2021Q3,423.79,14.1091574894316,5.044120563156862,4.4,-0.5999999999999996,-8.336106240075447,-2.4464652750856963,2.9,0.009999999999999787,0.08,5.363523425270289,14.129639680030204
KY,2021Q4,437.28,15.410805246905435,3.1831803487576193,4.1,-0.6000000000000005,29.08556685571595,-2.4464652750856963,3.098,0.4139999999999997,0.08,7.159457345112474,10.917489937797287
KY,2022Q1,449.19,16.39157360143031,2.7236553238199734,4.0,-0.5999999999999996,-26.26245108679246,-2.4464652750856963,4.172,1.0894999999999997,0.2,8.540780148538584,9.323448874641027
KY,2022Q2,474.76,17.677969462621455,5.6924686658206936,4.0,-0.5999999999999996,-5.90638562125233,4.323822772201025,5.522,2.547,1.21,8.999298141923106,6.649675625579232
KY,2022Q3,483.67,14.129639680030204,1.87673772011121,4.1,-0.3000000000000007,11.40260359860874,4.323822772201025,6.112,3.212,2.56,8.205751582451759,5.592656149854247
KY,2022Q4,485.02,10.917489937797287,0.279115926147977,4.1,0.0,-7.24138102409928,4.323822772201025,6.364,3.266,4.1,6.410831677385809,6.137891220980585
KY,2023Q1,491.07,9.323448874641027,1.247371242423001,4.1,0.09999999999999964,11.45326970331768,4.323822772201025,6.544,2.372,4.65,4.931348641757127,6.243509072026399
KY,2023Q2,506.33,6.649675625579232,3.107499949090764,4.2,0.20000000000000018,11.599210944090554,2.369359964738904,6.714,1.1920000000000002,5.08,3.0592533347792994,6.43058874646969
KY,2023Q3,510.72,5.592656149854247,0.8670234827089063,4.4,0.3000000000000007,-1.0545010730891757,2.369359964738904,7.2,1.088,5.33,3.6950823322234427,6.69447055137844
KY,2023Q4,514.79,6.137891220980585,0.7969141604009966,4.6,0.5,9.707962036581485,2.369359964738904,6.815,0.4510000000000005,5.33,3.322200208829762,6.369587598826731
KY,2024Q1,521.73,6.243509072026399,1.348122535402796,4.8,0.7000000000000002,4.480139859036081,2.369359964738904,6.82,0.2760000000000007,5.33,3.4690014354717524,6.254192781707002
KY,2024Q2,538.89,6.43058874646969,3.289057558507258,5.0,0.7999999999999998,5.076205688589774,2.855578589369734,6.9175,0.20350000000000001,5.33,2.9700853998204435,4.243908775445826
KY,2024Q3,544.91,6.69447055137844,1.117111098739998,5.3,0.8999999999999995,9.916832950146315,2.855578589369734,6.18,-1.0200000000000005,5.13,2.432541464144644,4.545704795287286
KY,2024Q4,547.58,6.369587598826731,0.48998917252391916,5.3,0.7000000000000002,-20.754744350167677,2.855578589369734,6.715,-0.10000000000000053,4.48,2.872366268806581,4.739033565871642
KY,2025Q1,554.36,6.254192781707002,1.2381752437999882,5.2,0.40000000000000036,-19.284264853665277,2.855578589369734,6.65,-0.16999999999999993,4.33,2.4055852640280317,4.488058301464748
KY,2025Q2,561.76,4.243908775445826,1.3348726459340376,4.9,-0.09999999999999964,2.33682680461742,1.7731371484570602,6.8175,-0.10000000000000053,4.33,2.6726833178446263,4.742238678439192
KY,2025Q3,569.68,4.545704795287286,1.4098547422386698,4.7,-0.5,-1.3418420454032742,1.7731371484570602,6.3525,0.17250000000000032,4.22,2.9392196249335534,
LA,2014Q2,249.68,1.9018855603624152,1.08092789765597,6.2,-0.39999999999999947,-4.006466422659538,-2.4480564053316445,4.1625,0.09249999999999936,0.1,2.0589816945944195,3.896988144825375
LA,2014Q3,253.33,2.720785013380911,1.4618711951297714,6.7,0.5,8.257256378006094,-2.4480564053316445,4.1625,-0.32750000000000057,0.09,1.6840509711232077,3.556625745075581
LA,2014Q4,253.74,3.091862024133585,0.16184423479255194,6.8,1.0999999999999996,3.0198598719933134,-2.4480564053316445,3.864,-0.5934999999999997,0.12,0.6531213919623191,3.3971782139197604
LA,2015Q1,257.19,4.121290636006636,1.3596594939702111,6.6,1.0,13.548854187569281,-2.4480564053316445,3.77,-0.5725000000000002,0.11,-0.022031284423873476,3.1416462537423584
LA,2015Q2,259.41,3.896988144825375,0.8631750845678354,6.2,0.0,4.139784018064341,2.7742456835035956,3.9825,-0.17999999999999972,0.13,0.1795718097550525,3.5387995836706265
LA,2015Q3,262.34,3.556625745075581,1.1294861416290658,6.0,-0.7000000000000002,-6.246200877999019,2.7742456835035956,3.89,-0.2724999999999995,0.14,0.008842961634170088,3.3277426240756247
LA,2015Q4,262.36,3.3971782139197604,0.007623694442338014,6.0,-0.7999999999999998,6.104044633560979,2.7742456835035956,3.964,0.10000000000000009,0.24,0.6387247515364791,3.914468669004423
LA,2016Q1,265.27,3.1416462537423584,1.1091629821619042,6.0,-0.5999999999999996,-14.684409012064748,2.7742456835035956,3.694,-0.07600000000000007,0.36,0.8916160965521946,2.1977607720435888
LA,2016Q2,268.59,3.5387995836706265,1.2515550194141856,6.1,-0.10000000000000053,5.696983309548154,-1.4231232428513652,3.568,-0.41449999999999987,0.38,1.0792865347959424,2.2152723481887016
LA,2016Q3,271.07,3.3277426240756247,0.9233404073122564,6.1,0.09999999999999964,21.549553773854836,-1.4231232428513652,3.46,-0.43000000000000016,0.4,1.5486446201652182,2.6118714723134095
LA,2016Q4,272.63,3.914468669004423,0.575497104069056,5.9,-0.09999999999999964,-6.39309311021603,-1.4231232428513652,4.198,0.23400000000000043,0.54,2.0507989115119862,2.384183692183539
LA,2017Q1,271.1,2.1977607720435888,-0.5612001613908846,5.5,-0.5,7.607176226454526,-1.4231232428513652,4.196,0.5019999999999998,0.79,2.44119623655914,2.958317963850976
LA,2017Q2,274.54,2.2152723481887016,1.268904463297682,5.1,-1.0,-4.540514264992989,-1.6820398348638355,3.904,0.33599999999999985,1.04,1.640565809959127,1.937786843447209
LA,2017Q3,278.15,2.6118714723134095,1.3149267866248815,4.8,-1.2999999999999998,-22.19623250369893,-1.6820398348638355,3.805,0.3450000000000002,1.15,2.1805652303711787,1.118101743663491
LA,2017Q4,279.13,2.384183692183539,0.3523278806399466,4.7,-1.2000000000000002,32.73154069560078,-1.6820398348638355,3.95,-0.24800000000000022,1.3,2.129930719552253,0.935048185433307
LA,2018Q1,279.12,2.958317963850976,-0.003582560097437071,4.8,-0.7000000000000002,-2.8572724630650304,-1.6820398348638355,4.444,0.24800000000000022,1.51,2.3309497646499366,1.9346517626827042
LA,2018Q2,279.86,1.937786843447209,0.265118945256515,4.9,-0.1999999999999993,18.030114567872467,1.8155057307405187,4.57,0.6660000000000004,1.82,2.8075506935940187,2.679911384263556
LA,2018Q3,281.26,1.118101743663491,0.500250125062518,4.8,0.0,19.925628827514984,1.8155057307405187,4.6275,0.8225000000000002,1.95,2.332055105808828,2.8976747493422605
LA,2018Q4,281.74,0.935048185433307,0.17066059873427353,4.8,0.09999999999999964,-26.67283831491836,1.8155057307405187,4.6375,0.6875,2.27,2.0023809043401064,3.588414850571464
LA,2019Q1,284.52,1.9346517626827042,0.9867253496131045,4.5,-0.2999999999999998,8.817928953428877,1.8155057307405187,4.265,-0.17900000000000027,2.41,1.8831863513063984,3.5357795585547525
LA,2019Q2,287.36,2.679911384263556,0.9981723604667536,4.5,-0.40000000000000036,-12.474205963915141,2.2472519156221393,3.8025,-0.7675000000000001,2.38,1.671194894390049,3.511275055679275
LA,2019Q3,289.41,2.8976747493422605,0.7133908685968748,4.8,0.0,3.4307822490797335,2.2472519156221393,3.605,-1.0225000000000004,2.04,1.6844977040391562,3.5555094848139124
LA,2019Q4,291.85,3.588414850571464,0.8430945717148752,4.8,0.0,15.327916781928552,2.2472519156221393,3.72,-0.9175,1.55,2.3195274699624457,3.95065958540346
LA,2020Q1,294.58,3.5357795585547525,0.9354120267260457,6.7,2.2,5.04593170519112,2.2472519156221393,3.45,-0.8149999999999995,0.65,1.4940399642909163,4.267092131169803
LA,2020Q2,297.45,3.511275055679275,0.9742684499965959,11.0,6.5,2.0985217339208884,0.5929770088365371,3.1625,-0.6400000000000001,0.08,0.7166562831830481,6.105227769373012
LA,2020Q3,299.7,3.5555094848139124,0.7564296520423675,8.7,3.8999999999999995,7.89345775932544,0.5929770088365371,2.89,-0.7149999999999999,0.09,1.3910228912373812,8.802135468802131
LA,2020Q4,303.38,3.95065958540346,1.2278945612278935,7.4,2.6000000000000005,19.9798079127278,0.5929770088365371,2.684,-1.036,0.09,1.3204191315779434,9.921550530687595
LA,2021Q1,307.15,4.267092131169803,1.2426659634781512,6.6,-0.10000000000000053,15.761522338097244,0.5929770088365371,3.0825,-0.36750000000000016,0.07,2.623645747764214,11.196483802702284
LA,2021Q2,315.61,6.105227769373012,2.7543545498942112,6.0,-5.0,52.17904586161506,-8.52881369124644,2.975,-0.1875,0.08,5.317418943207719,13.158645163334493
LA,2021Q3,326.08,8.802135468802131,3.317385380691351,4.8,-3.8999999999999995,-4.935181908812625,-8.52881369124644,2.9,0.009999999999999787,0.08,5.363523425270289,9.939278704612375
LA,2021Q4,333.48,9.921550530687595,2.269381746810617,4.0,-3.4000000000000004,-4.445472195039013,-8.52881369124644,3.098,0.4139999999999997,0.08,7.159457345112474,6.483147415137336
LA,2022Q1,341.54,11.196483802702284,2.416936547918924,3.7,-2.8999999999999995,-3.585873196348177,-8.52881369124644,4.172,1.0894999999999997,0.2,8.540780148538584,3.7243075481641963
LA,2022Q2,357.14,13.158645163334493,4.567546993031546,3.6,-2.4,-21.253356684664315,7.510370685528911,5.522,2.547,1.21,8.999298141923106,0.478803830430663
LA,2022Q3,358.49,9.939278704612375,0.3780030240241983,3.6,-1.1999999999999997,-7.757792137402564,7.510370685528911,6.112,3.212,2.56,8.205751582451759,-0.6248430918575187
LA,2022Q4,355.1,6.483147415137336,-0.9456330720522099,3.6,-0.3999999999999999,-28.141517365885406,7.510370685528911,6.364,3.266,4.1,6.410831677385809,-0.2055758941143404
LA,2023Q1,354.26,3.7243075481641963,-0.23655308363842442,3.6,-0.10000000000000009,-22.64140264627773,7.510370685528911,6.544,2.372,4.65,4.931348641757127,1.5214813978433828
LA,2023Q2,358.85,0.478803830430663,1.295658555862933,3.5,-0.10000000000000009,-18.75952782533805,-1.0466971800474956,6.714,1.1920000000000002,5.08,3.0592533347792994,0.6465096837118489
LA,2023Q3,356.25,-0.6248430918575187,-0.7245367145046755,3.8,0.19999999999999973,-3.6067076088676653,-1.0466971800474956,7.2,1.088,5.33,3.6950823322234427,1.4456140350877167
LA,2023Q4,354.37,-0.2055758941143404,-0.5277192982456103,4.2,0.6000000000000001,4.889587420680264,-1.0466971800474956,6.815,0.4510000000000005,5.33,3.322200208829762,2.5622936478821634
LA,2024Q1,359.65,1.5214813978433828,1.4899681124248554,4.1,0.49999999999999956,1.4917641393623393,-1.0466971800474956,6.82,0.2760000000000007,5.33,3.4690014354717524,1.7072153482552643
LA,2024Q2,361.17,0.6465096837118489,0.42263311552899196,4.2,0.7000000000000002,-6.159155139660555,3.7103352316043337,6.9175,0.20350000000000001,5.33,2.9700853998204435,2.6995597641000124
LA,2024Q3,361.4,1.4456140350877167,0.06368192264030181,4.6,0.7999999999999998,-3.9730737455411003,3.7103352316043337,6.18,-1.0200000000000005,5.13,2.432541464144644,3.411732152739355
LA,2024Q4,363.45,2.5622936478821634,0.5672385168788097,4.6,0.39999999999999947,-3.7482412725780345,3.7103352316043337,6.715,-0.10000000000000053,4.48,2.872366268806581,4.110606685926532
LA,2025Q1,365.79,1.7072153482552643,0.6438299628559685,4.4,0.3000000000000007,-2.977683990691382,3.7103352316043337,6.65,-0.16999999999999993,4.33,2.4055852640280317,3.143880368517449
LA,2025Q2,370.92,2.6995597641000124,1.4024440252603965,4.5,0.2999999999999998,-0.8040895909153689,3.2562842087588972,6.8175,-0.10000000000000053,4.33,2.6726833178446263,2.8739350803407726
LA,2025Q3,373.73,3.411732152739355,0.7575757575757569,4.4,-0.09999999999999964,-1.4601142623143382,3.2562842087588972,6.3525,0.17250000000000032,4.22,2.9392196249335534,
MA,2014Q2,635.17,4.528922899695553,2.211029399932407,5.8,-1.0,-1.592723242124805,0.7667297831533748,4.1625,0.09249999999999936,0.1,2.0589816945944195,3.932805390682814
MA,2014Q3,642.28,4.546268413770638,1.1193853613993054,5.6,-1.0,-19.058842669093178,0.7667297831533748,4.1625,-0.32750000000000057,0.09,1.6840509711232077,4.443544871395666
MA,2014Q4,646.58,4.722879077451347,0.669489942081336,5.3,-1.0,7.130312643613301,0.7667297831533748,3.864,-0.5934999999999997,0.12,0.6531213919623191,4.367595657149925
MA,2015Q1,652.37,4.978839129105461,0.8954808376380186,5.0,-1.0,28.169144114105205,0.7667297831533748,3.77,-0.5725000000000002,0.11,-0.022031284423873476,4.531170961264297
MA,2015Q2,660.15,3.932805390682814,1.1925747658537267,4.8,-1.0,40.006554189680735,1.9012845801510414,3.9825,-0.17999999999999972,0.13,0.1795718097550525,4.748920699840942
MA,2015Q3,670.82,4.443544871395666,1.616299325910786,4.6,-1.0,24.852085056908702,1.9012845801510414,3.89,-0.2724999999999995,0.14,0.008842961634170088,4.938731701499655
MA,2015Q4,674.82,4.367595657149925,0.5962851435556527,4.5,-0.7999999999999998,19.579921344124273,1.9012845801510414,3.964,0.10000000000000009,0.24,0.6387247515364791,5.260662102486591
MA,2016Q1,681.93,4.531170961264297,1.0536142971458995,4.2,-0.7999999999999998,-27.68333124183733,1.9012845801510414,3.694,-0.07600000000000007,0.36,0.8916160965521946,4.6559030985585
MA,2016Q2,691.5,4.748920699840942,1.4033698473450373,4.0,-0.7999999999999998,-24.684477031284846,3.6569807732338644,3.568,-0.41449999999999987,0.38,1.0792865347959424,5.904555314533622
MA,2016Q3,703.95,4.938731701499655,1.8004338394794095,3.8,-0.7999999999999998,-1.9101452667175,3.6569807732338644,3.46,-0.43000000000000016,0.4,1.5486446201652182,5.525960650614392
MA,2016Q4,710.32,5.260662102486591,0.9048938134810669,3.9,-0.6000000000000001,-26.35545206462222,3.6569807732338644,4.198,0.23400000000000043,0.54,2.0507989115119862,5.422907985133452
MA,2017Q1,713.68,4.6559030985585,0.47302624169387464,3.9,-0.30000000000000027,23.038776725096888,3.6569807732338644,4.196,0.5019999999999998,0.79,2.44119623655914,6.07835444456899
MA,2017Q2,732.33,5.904555314533622,2.6132160071741017,3.8,-0.20000000000000018,22.786025449696634,1.4121536465780293,3.904,0.33599999999999985,1.04,1.640565809959127,5.341854082176067
MA,2017Q3,742.85,5.525960650614392,1.4365108625892686,3.8,0.0,8.216842045299932,1.4121536465780293,3.805,0.3450000000000002,1.15,2.1805652303711787,5.145049471629548
MA,2017Q4,748.84,5.422907985133452,0.8063539072491022,3.7,-0.19999999999999973,56.91786654111266,1.4121536465780293,3.95,-0.24800000000000022,1.3,2.129930719552253,4.404145077720201
MA,2018Q1,757.06,6.07835444456899,1.0976977725548842,3.6,-0.2999999999999998,4.687984243704935,1.4121536465780293,4.444,0.24800000000000022,1.51,2.3309497646499366,4.497662008295267
MA,2018Q2,771.45,5.341854082176067,1.9007740469711987,3.5,-0.2999999999999998,1.2671361233206557,1.6230024452577485,4.57,0.6660000000000004,1.82,2.8075506935940187,4.090997472292424
MA,2018Q3,781.07,5.145049471629548,1.2470023980815315,3.3,-0.5,-37.536478836207884,1.6230024452577485,4.6275,0.8225000000000002,1.95,2.332055105808828,3.998361222425628
MA,2018Q4,781.82,4.404145077720201,0.09602212349726358,3.3,-0.40000000000000036,-29.71997085869993,1.6230024452577485,4.6375,0.6875,2.27,2.0023809043401064,4.861732879690983
MA,2019Q1,791.11,4.497662008295267,1.188253050574306,3.1,-0.5,-26.13219395005294,1.6230024452577485,4.265,-0.17900000000000027,2.41,1.8831863513063984,4.704781888738618
MA,2019Q2,803.01,4.090997472292424,1.5042155958084225,3.0,-0.5,-22.80200654314559,3.6090622402756622,3.8025,-0.7675000000000001,2.38,1.671194894390049,4.214144282138466
MA,2019Q3,812.3,3.998361222425628,1.1568971743813883,3.0,-0.2999999999999998,22.97350028660887,3.6090622402756622,3.605,-1.0225000000000004,2.04,1.6844977040391562,4.85288686445895
MA,2019Q4,819.83,4.861732879690983,0.9269974147482651,3.0,-0.2999999999999998,15.316009563962707,3.6090622402756622,3.72,-0.9175,1.55,2.3195274699624457,5.969530268470291
MA,2020Q1,828.33,4.704781888738618,1.0368003122598557,3.1,0.0,37.40001395719004,3.6090622402756622,3.45,-0.8149999999999995,0.65,1.4940399642909163,7.1843347458138584
MA,2020Q2,836.85,4.214144282138466,1.0285755677085229,14.7,11.7,0.3161649261240518,3.1068409781050077,3.1625,-0.6400000000000001,0.08,0.7166562831830481,11.769134253450432
MA,2020Q3,851.72,4.85288686445895,1.7769014757722523,9.6,6.6,16.890113081892054,3.1068409781050077,2.89,-0.7149999999999999,0.09,1.3910228912373812,15.545014793594136
MA,2020Q4,868.77,5.969530268470291,2.0018315878457704,7.4,4.4,14.820600084365342,3.1068409781050077,2.684,-1.036,0.09,1.3204191315779434,15.862656399277153
MA,2021Q1,887.84,7.1843347458138584,2.195057379973986,6.1,2.9999999999999996,-4.615838573878362,3.1068409781050077,3.0825,-0.36750000000000016,0.07,2.623645747764214,16.23603351955307
MA,2021Q2,935.34,11.769134253450432,5.350063074427824,5.5,-9.2,64.341525237326,-1.0472751775123523,2.975,-0.1875,0.08,5.317418943207719,17.333803750507837
MA,2021Q3,984.12,15.545014793594136,5.215215857335287,4.6,-5.0,13.228555835884537,-1.0472751775123523,2.9,0.009999999999999787,0.08,5.363523425270289,12.323700361744505
MA,2021Q4,1006.58,15.862656399277153,2.282242003007773,3.9,-3.5000000000000004,-0.4252927487431002,-1.0472751775123523,3.098,0.4139999999999997,0.08,7.159457345112474,8.302370402749904
MA,2022Q1,1031.99,16.23603351955307,2.524389516978287,3.6,-2.4999999999999996,30.570616399538576,-1.0472751775123523,4.172,1.0894999999999997,0.2,8.540780148538584,7.093091987325462
MA,2022Q2,1097.47,17.333803750507837,6.3450227230884115,3.6,-1.9,1.729616760003494,6.60679469760479,5.522,2.547,1.21,8.999298141923106,4.184169043345154
MA,2022Q3,1105.4,12.323700361744505,0.7225710042187972,3.6,-0.9999999999999996,-0.8041548565687839,6.60679469760479,6.112,3.212,2.56,8.205751582451759,5.556359688800416
MA,2022Q4,1090.15,8.302370402749904,-1.379591098244981,3.5,-0.3999999999999999,-10.934187466027733,6.60679469760479,6.364,3.266,4.1,6.410831677385809,7.803513277989271
MA,2023Q1,1105.19,7.093091987325462,1.3796266568820714,3.5,-0.10000000000000009,-29.37313667305186,6.60679469760479,6.544,2.372,4.65,4.931348641757127,7.8773785502945115
MA,2023Q2,1143.39,4.184169043345154,3.456419258227106,3.4,-0.20000000000000018,-36.02129612247058,1.6823340363563366,6.714,1.1920000000000002,5.08,3.0592533347792994,7.499628298305905
MA,2023Q3,1166.82,5.556359688800416,2.049169574685794,3.5,-0.10000000000000009,-22.282376818930594,1.6823340363563366,7.2,1.088,5.33,3.6950823322234427,6.130337155688115
MA,2023Q4,1175.22,7.803513277989271,0.7199053838638392,3.7,0.20000000000000018,-17.427573391470098,1.6823340363563366,6.815,0.4510000000000005,5.33,3.322200208829762,5.979306002280427
MA,2024Q1,1192.25,7.8773785502945115,1.4490903830772117,3.8,0.2999999999999998,11.304505261829734,1.6823340363563366,6.82,0.2760000000000007,5.33,3.4690014354717524,5.487942964982184
MA,2024Q2,1229.14,7.499628298305905,3.09414971692179,4.0,0.6000000000000001,-4.773112750460628,1.2042558108985135,6.9175,0.20350000000000001,5.33,2.9700853998204435,4.63494801243145
MA,2024Q3,1238.35,6.130337155688115,0.7493043916884767,4.2,0.7000000000000002,-0.353891237175219,1.2042558108985135,6.18,-1.0200000000000005,5.13,2.432541464144644,4.341260548310255
MA,2024Q4,1245.49,5.979306002280427,0.5765736665724663,4.1,0.39999999999999947,13.934113915689995,1.2042558108985135,6.715,-0.10000000000000053,4.48,2.872366268806581,4.567680190125989
MA,2025Q1,1257.68,5.487942964982184,0.9787312623947164,4.4,0.6000000000000005,-36.49103785506528,1.2042558108985135,6.65,-0.16999999999999993,4.33,2.4055852640280317,4.307136950575652
MA,2025Q2,1286.11,4.63494801243145,2.2605114178487318,4.8,0.7999999999999998,-12.0713323555261,2.277344917199664,6.8175,-0.10000000000000053,4.33,2.6726833178446263,3.1746895677663867
MA,2025Q3,1292.11,4.341260548310255,0.46652308122945296,4.8,0.5999999999999996,-33.32888025245786,2.277344917199664,6.3525,0.17250000000000032,4.22,2.9392196249335534,
MD,2014Q2,419.61,2.4663622377963934,1.5857260446424215,5.8,-0.9000000000000004,-24.520556420561157,0.8494813334815943,4.1625,0.09249999999999936,0.1,2.0589816945944195,2.866947880174431
MD,2014Q3,422.38,2.7338619448363133,0.6601367936893698,5.6,-0.8000000000000007,5.438588709543923,0.8494813334815943,4.1625,-0.32750000000000057,0.09,1.6840509711232077,2.1260476348311963
MD,2014Q4,426.03,3.450536642222324,0.8641507647142221,5.4,-0.6999999999999993,-11.740216591600861,0.8494813334815943,3.864,-0.5934999999999997,0.12,0.6531213919623191,1.5304086566673814
MD,2015Q1,428.69,3.7839539050017024,0.6243691758796466,5.3,-0.6000000000000005,-12.84890793032023,0.8494813334815943,3.77,-0.5725000000000002,0.11,-0.022031284423873476,1.7775082227250438
MD,2015Q2,431.64,2.866947880174431,0.6881429471179645,5.1,-0.7000000000000002,22.342025942267508,1.5661492151564982,3.9825,-0.17999999999999972,0.13,0.1795718097550525,2.1545732554906882
MD,2015Q3,431.36,2.1260476348311963,-0.06486887220831239,4.9,-0.6999999999999993,-14.705436935582284,1.5661492151564982,3.89,-0.2724999999999995,0.14,0.008842961634170088,3.5585126112759546
MD,2015Q4,432.55,1.5304086566673814,0.27587166172107214,4.6,-0.8000000000000007,-4.977395330191737,1.5661492151564982,3.964,0.10000000000000009,0.24,0.6387247515364791,3.636573806496357
MD,2016Q1,436.31,1.7775082227250438,0.8692636689400013,4.3,-1.0,8.524162145238257,1.5661492151564982,3.694,-0.07600000000000007,0.36,0.8916160965521946,2.1750590176709217
MD,2016Q2,440.94,2.1545732554906882,1.061172102404262,4.2,-0.8999999999999995,13.77810072807224,2.2687021441422317,3.568,-0.41449999999999987,0.38,1.0792865347959424,2.9845330430444017
MD,2016Q3,446.71,3.5585126112759546,1.3085680591463644,4.2,-0.7000000000000002,-26.251871332847266,2.2687021441422317,3.46,-0.43000000000000016,0.4,1.5486446201652182,2.4423003738443416
MD,2016Q4,448.28,3.636573806496357,0.3514584405990506,4.2,-0.39999999999999947,-12.11230755273034,2.2687021441422317,4.198,0.23400000000000043,0.54,2.0507989115119862,2.7125903453198985
MD,2017Q1,445.8,2.1750590176709217,-0.5532256625323417,4.1,-0.20000000000000018,2.8261273366310347,2.2687021441422317,4.196,0.5019999999999998,0.79,2.44119623655914,3.8784208165096423
MD,2017Q2,454.1,2.9845330430444017,1.8618214445939918,4.0,-0.20000000000000018,-13.484448307168096,3.4865063885840097,3.904,0.33599999999999985,1.04,1.640565809959127,2.898040079277675
MD,2017Q3,457.62,2.4423003738443416,0.7751596564633312,4.1,-0.10000000000000053,48.602828005240625,3.4865063885840097,3.805,0.3450000000000002,1.15,2.1805652303711787,2.255146191162982
MD,2017Q4,460.44,2.7125903453198985,0.6162318080503493,4.1,-0.10000000000000053,-5.998535989053677,3.4865063885840097,3.95,-0.24800000000000022,1.3,2.129930719552253,1.2097124489618638
MD,2018Q1,463.09,3.8784208165096423,0.5755364434019583,4.0,-0.09999999999999964,12.39424533769171,3.4865063885840097,4.444,0.24800000000000022,1.51,2.3309497646499366,1.6476278909067554
MD,2018Q2,467.26,2.898040079277675,0.9004729102334297,3.8,-0.20000000000000018,-8.494332076797928,1.980758304165131,4.57,0.6660000000000004,1.82,2.8075506935940187,2.473997346231216
MD,2018Q3,467.94,2.255146191162982,0.1455292556606702,3.7,-0.39999999999999947,17.304882531429676,1.980758304165131,4.6275,0.8225000000000002,1.95,2.332055105808828,3.374364234730942
MD,2018Q4,466.01,1.2097124489618638,-0.41244604009060826,3.6,-0.49999999999999956,43.79844810512967,1.980758304165131,4.6375,0.6875,2.27,2.0023809043401064,4.171584300766074
MD,2019Q1,470.72,1.6476278909067554,1.0107079247226425,3.5,-0.5,-1.9732869584141,1.980758304165131,4.265,-0.17900000000000027,2.41,1.8831863513063984,4.25305914343983
MD,2019Q2,478.82,2.473997346231216,1.720768184908228,3.4,-0.3999999999999999,38.468545172451485,0.6920939820797223,3.8025,-0.7675000000000001,2.38,1.671194894390049,3.4376174762958955
MD,2019Q3,483.73,3.374364234730942,1.025437533937601,3.3,-0.40000000000000036,-27.0151873574219,0.6920939820797223,3.605,-1.0225000000000004,2.04,1.6844977040391562,3.714882269034381
MD,2019Q4,485.45,4.171584300766074,0.35557025613461857,3.2,-0.3999999999999999,2.3124493834611126,0.6920939820797223,3.72,-0.9175,1.55,2.3195274699624457,5.254918117210838
MD,2020Q1,490.74,4.25305914343983,1.0897105778143956,3.5,0.0,-4.020249747431315,0.6920939820797223,3.45,-0.8149999999999995,0.65,1.4940399642909163,6.477972042221936
MD,2020Q2,495.28,3.4376174762958955,0.9251334718995752,8.1,4.699999999999999,-28.110779222933203,0.006286012578482492,3.1625,-0.6400000000000001,0.08,0.7166562831830481,10.42238733645615
MD,2020Q3,501.7,3.714882269034381,1.2962364722985065,7.1,3.8,21.90549949608631,0.006286012578482492,2.89,-0.7149999999999999,0.09,1.3910228912373812,13.37253338648594
MD,2020Q4,510.96,5.254918117210838,1.8457245365756325,6.6,3.3999999999999995,17.17913146772232,0.006286012578482492,2.684,-1.036,0.09,1.3204191315779434,13.754501330828251
MD,2021Q1,522.53,6.477972042221936,2.2643651166431855,6.1,2.5999999999999996,9.171339137076595,0.006286012578482492,3.0825,-0.36750000000000016,0.07,2.623645747764214,14.225020572981473
MD,2021Q2,546.9,10.42238733645615,4.663847051843906,5.6,-2.5,12.42075631290156,-3.3111539648333466,2.975,-0.1875,0.08,5.317418943207719,14.178094715670152
MD,2021Q3,568.79,13.37253338648594,4.002559882976775,4.6,-2.5,-5.2524150926858475,-3.3111539648333466,2.9,0.009999999999999787,0.08,5.363523425270289,9.892930607078188
MD,2021Q4,581.24,13.754501330828251,2.188857047416448,3.5,-3.0999999999999996,-30.11382850387022,-3.3111539648333466,3.098,0.4139999999999997,0.08,7.159457345112474,6.866354689973164
MD,2022Q1,596.86,14.225020572981473,2.6873580620741855,3.1,-2.9999999999999996,24.185803734419032,-3.3111539648333466,4.172,1.0894999999999997,0.2,8.540780148538584,5.026304325972597
MD,2022Q2,624.44,14.178094715670152,4.62084911034415,3.0,-2.5999999999999996,23.94346523800188,4.620372240405812,5.522,2.547,1.21,8.999298141923106,3.9699570815450613
MD,2022Q3,625.06,9.892930607078188,0.09928896291075961,2.8,-1.7999999999999998,4.465430946405546,4.620372240405812,6.112,3.212,2.56,8.205751582451759,4.865132947237072
MD,2022Q4,621.15,6.866354689973164,-0.6255399481649659,2.4,-1.1,-2.8284366553932294,4.620372240405812,6.364,3.266,4.1,6.410831677385809,5.080898333735817
MD,2023Q1,626.86,5.026304325972597,0.91926265797313,2.0,-1.1,-34.344335964419685,4.620372240405812,6.544,2.372,4.65,4.931348641757127,6.026864052579528
MD,2023Q2,649.23,3.9699570815450613,3.568579906199143,1.9,-1.1,-26.652041704151774,1.3534233830869047,6.714,1.1920000000000002,5.08,3.0592533347792994,5.0321149669608545
MD,2023Q3,655.47,4.865132947237072,0.9611385795480709,2.3,-0.5,-19.075137030069346,1.3534233830869047,7.2,1.088,5.33,3.6950823322234427,4.636367797153196
MD,2023Q4,652.71,5.080898333735817,-0.421071902604242,2.7,0.30000000000000027,25.250504362204218,1.3534233830869047,6.815,0.4510000000000005,5.33,3.322200208829762,6.157405279526884
MD,2024Q1,664.64,6.026864052579528,1.8277642444577191,2.9,0.8999999999999999,7.3516723523930905,1.3534233830869047,6.82,0.2760000000000007,5.33,3.4690014354717524,4.585941261434767
MD,2024Q2,681.9,5.0321149669608545,2.5968945594607495,3.1,1.2000000000000002,23.74803137813919,1.9112818041115975,6.9175,0.20350000000000001,5.33,2.9700853998204435,3.5870362223199947
MD,2024Q3,685.86,4.636367797153196,0.5807303123625207,3.2,0.9000000000000004,5.18561737026888,1.9112818041115975,6.18,-1.0200000000000005,5.13,2.432541464144644,3.4817601259732323
MD,2024Q4,692.9,6.157405279526884,1.0264485463505668,3.1,0.3999999999999999,-20.93870204288184,1.9112818041115975,6.715,-0.10000000000000053,4.48,2.872366268806581,3.0480588829556954
MD,2025Q1,695.12,4.585941261434767,0.32039255303795144,3.0,0.10000000000000009,-5.208606151974937,1.9112818041115975,6.65,-0.16999999999999993,4.33,2.4055852640280317,3.603694326159501
MD,2025Q2,706.36,3.5870362223199947,1.6169869950512172,3.3,0.19999999999999973,-24.10571926820575,2.9836312708354296,6.8175,-0.10000000000000053,4.33,2.6726833178446263,2.2396511693753895
MD,2025Q3,709.74,3.4817601259732323,0.4785095418766705,3.6,0.3999999999999999,-25.109535778593706,2.9836312708354296,6.3525,0.17250000000000032,4.22,2.9392196249335534,
ME,2014Q2,441.04,0.18627050111308385,0.91524803221672,5.6,-1.1000000000000005,-2.849899847647075,-0.2835335923097815,4.1625,0.09249999999999936,0.1,2.0589816945944195,3.201523671322337
ME,2014Q3,448.53,2.5914913083256996,1.6982586613458972,5.3,-1.2000000000000002,12.20611558080893,-0.2835335923097815,4.1625,-0.32750000000000057,0.09,1.6840509711232077,1.948587608409702
ME,2014Q4,446.64,2.5297277443643518,-0.42137649655541454,5.1,-1.1000000000000005,-3.750545068357547,-0.2835335923097815,3.864,-0.5934999999999997,0.12,0.6531213919623191,3.103170338527672
ME,2015Q1,452.36,3.5053999633900768,1.2806734730431701,4.7,-1.2000000000000002,-3.0729972967004193,-0.2835335923097815,3.77,-0.5725000000000002,0.11,-0.022031284423873476,2.6350694137412534
ME,2015Q2,455.16,3.201523671322337,0.6189760367848685,4.4,-1.1999999999999993,12.326496668166165,0.9758717861385158,3.9825,-0.17999999999999972,0.13,0.1795718097550525,2.9374285965374725
ME,2015Q3,457.27,1.948587608409702,0.46357324896739716,4.1,-1.2000000000000002,17.691135935601054,0.9758717861385158,3.89,-0.2724999999999995,0.14,0.008842961634170088,4.708377982373668
ME,2015Q4,460.5,3.103170338527672,0.7063660419445839,4.0,-1.0999999999999996,13.833057377953084,0.9758717861385158,3.964,0.10000000000000009,0.24,0.6387247515364791,4.8317046688382215
ME,2016Q1,464.28,2.6350694137412534,0.8208469055374534,3.9,-0.8000000000000003,26.86417009233757,0.9758717861385158,3.694,-0.07600000000000007,0.36,0.8916160965521946,4.8052899112604575
ME,2016Q2,468.53,2.9374285965374725,0.9153958817954777,3.8,-0.6000000000000005,26.682578456378224,1.6331654075026236,3.568,-0.41449999999999987,0.38,1.0792865347959424,4.584551682923199
ME,2016Q3,478.8,4.708377982373668,2.191962094209554,3.7,-0.39999999999999947,7.710104145832708,1.6331654075026236,3.46,-0.43000000000000016,0.4,1.5486446201652182,4.390142021720966
ME,2016Q4,482.75,4.8317046688382215,0.8249791144528063,3.6,-0.3999999999999999,15.781106158879577,1.6331654075026236,4.198,0.23400000000000043,0.54,2.0507989115119862,4.725012946659768
ME,2017Q1,486.59,4.8052899112604575,0.7954427757638438,3.5,-0.3999999999999999,15.746058524850536,1.6331654075026236,4.196,0.5019999999999998,0.79,2.44119623655914,5.094638196428214
ME,2017Q2,490.01,4.584551682923199,0.7028504490433463,3.4,-0.3999999999999999,-0.6426193190512741,2.4339943529877894,3.904,0.33599999999999985,1.04,1.640565809959127,6.130487132915641
ME,2017Q3,499.82,4.390142021720966,2.0019999591845083,3.4,-0.30000000000000027,9.47163744188575,2.4339943529877894,3.805,0.3450000000000002,1.15,2.1805652303711787,5.4139490216478015
ME,2017Q4,505.56,4.725012946659768,1.1484134288343828,3.1,-0.5,18.315468215584186,2.4339943529877894,3.95,-0.24800000000000022,1.3,2.129930719552253,4.703694912572209
ME,2018Q1,511.38,5.094638196428214,1.1511986707809063,3.0,-0.5,-4.617911741203507,2.4339943529877894,4.444,0.24800000000000022,1.51,2.3309497646499366,4.446791036020192
ME,2018Q2,520.05,6.130487132915641,1.6954124134694215,3.2,-0.19999999999999973,-8.01628139655154,1.553102901328396,4.57,0.6660000000000004,1.82,2.8075506935940187,5.095663878473222
ME,2018Q3,526.88,5.4139490216478015,1.3133352562253675,3.3,-0.10000000000000009,-11.94330516925941,1.553102901328396,4.6275,0.8225000000000002,1.95,2.332055105808828,5.137792286668708
ME,2018Q4,529.34,4.703694912572209,0.4668994837534246,3.2,0.10000000000000009,-4.095788362344455,1.553102901328396,4.6375,0.6875,2.27,2.0023809043401064,6.0811576680394275
ME,2019Q1,534.12,4.446791036020192,0.9030112970869419,2.9,-0.10000000000000009,74.80780415049013,1.553102901328396,4.265,-0.17900000000000027,2.41,1.8831863513063984,6.056691380214185
ME,2019Q2,546.55,5.095663878473222,2.327192391222943,2.7,-0.5,-5.581095694092431,2.8661631793982956,3.8025,-0.7675000000000001,2.38,1.671194894390049,5.234653737078032
ME,2019Q3,553.95,5.137792286668708,1.3539474887933611,2.9,-0.3999999999999999,9.715027033640489,2.8661631793982956,3.605,-1.0225000000000004,2.04,1.6844977040391562,6.193699792400031
ME,2019Q4,561.53,6.0811576680394275,1.3683545446339762,3.1,-0.10000000000000009,-17.802563044464026,2.8661631793982956,3.72,-0.9175,1.55,2.3195274699624457,8.556978255836745
ME,2020Q1,566.47,6.056691380214185,0.879739283742631,3.2,0.30000000000000027,-37.0631732082892,2.8661631793982956,3.45,-0.8149999999999995,0.65,1.4940399642909163,10.870831641569701
ME,2020Q2,575.16,5.234653737078032,1.534061821455679,6.6,3.8999999999999995,26.765972533619788,3.0122071465274125,3.1625,-0.6400000000000001,0.08,0.7166562831830481,16.082481396480986
ME,2020Q3,588.26,6.193699792400031,2.2776270950692012,4.0,1.1,36.26881427863695,3.0122071465274125,2.89,-0.7149999999999999,0.09,1.3910228912373812,21.47859789888824
ME,2020Q4,609.58,8.556978255836745,3.6242477815931817,4.2,1.1,61.578487120070214,3.0122071465274125,2.684,-1.036,0.09,1.3204191315779434,20.778240755930312
ME,2021Q1,628.05,10.870831641569701,3.029955051018729,5.0,1.7999999999999998,39.584034377947305,3.0122071465274125,3.0825,-0.36750000000000016,0.07,2.623645747764214,21.29129846349813
ME,2021Q2,667.66,16.082481396480986,6.3068227051986225,5.2,-1.3999999999999995,47.035199662662876,1.3193845268909987,2.975,-0.1875,0.08,5.317418943207719,22.550399904142825
ME,2021Q3,714.61,21.47859789888824,7.032022286792694,4.6,0.5999999999999996,7.368448080607637,1.3193845268909987,2.9,0.009999999999999787,0.08,5.363523425270289,16.918319083136257
ME,2021Q4,736.24,20.778240755930312,3.026825821077228,3.9,-0.30000000000000027,20.368200146372395,1.3193845268909987,3.098,0.4139999999999997,0.08,7.159457345112474,13.57301966749973
ME,2022Q1,761.77,21.29129846349813,3.4676192545908924,3.0,-2.0,50.74192921868226,1.3193845268909987,4.172,1.0894999999999997,0.2,8.540780148538584,11.428646441839408
ME,2022Q2,818.22,22.550399904142825,7.410373209761478,2.7,-2.5,-14.040172571251553,5.491342298548774,5.522,2.547,1.21,8.999298141923106,9.096575493143643
ME,2022Q3,835.51,16.918319083136257,2.1131236097871042,2.6,-1.9999999999999996,-14.482344796589775,5.491342298548774,6.112,3.212,2.56,8.205751582451759,10.18898636760781
ME,2022Q4,836.17,13.57301966749973,0.07899366853778567,2.6,-1.2999999999999998,-31.457101798042842,5.491342298548774,6.364,3.266,4.1,6.410831677385809,8.369111544303198
ME,2023Q1,848.83,11.428646441839408,1.5140461867802157,2.4,-0.6000000000000001,-49.67100254971879,5.491342298548774,6.544,2.372,4.65,4.931348641757127,9.147885913551601
ME,2023Q2,892.65,9.096575493143643,5.162400009424739,2.5,-0.20000000000000018,0.7178844849426547,2.1455149361979453,6.714,1.1920000000000002,5.08,3.0592533347792994,7.223435837114223
ME,2023Q3,920.64,10.18898636760781,3.1356074609309337,2.8,0.19999999999999973,17.869068224678443,2.1455149361979453,7.2,1.088,5.33,3.6950823322234427,5.136644073687857
ME,2023Q4,906.15,8.369111544303198,-1.5739051094890488,2.8,0.19999999999999973,6.324689852434773,2.1455149361979453,6.815,0.4510000000000005,5.33,3.322200208829762,7.431440710699122
ME,2024Q1,926.48,9.147885913551601,2.243557909838323,2.8,0.3999999999999999,32.07630585698489,2.1455149361979453,6.82,0.2760000000000007,5.33,3.4690014354717524,6.567869786719638
ME,2024Q2,957.13,7.223435837114223,3.3082203609360095,3.0,0.5,-5.717085690291546,3.6079051209861213,6.9175,0.20350000000000001,5.33,2.9700853998204435,5.659628263663241
ME,2024Q3,967.93,5.136644073687857,1.1283733662093898,3.4,0.6000000000000001,-11.410302244016579,3.6079051209861213,6.18,-1.0200000000000005,5.13,2.432541464144644,5.5964790842313095
ME,2024Q4,973.49,7.431440710699122,0.5744217040488442,3.4,0.6000000000000001,10.09546613430825,3.6079051209861213,6.715,-0.10000000000000053,4.48,2.872366268806581,5.58197824322797
ME,2025Q1,987.33,6.567869786719638,1.4216889747198147,3.5,0.7000000000000002,14.080225263084545,3.6079051209861213,6.65,-0.16999999999999993,4.33,2.4055852640280317,4.751197674536378
ME,2025Q2,1011.3,5.659628263663241,2.427759715596589,3.3,0.2999999999999998,4.582666547198211,2.9724289535715265,6.8175,-0.10000000000000053,4.33,2.6726833178446263,3.2443389696430236
ME,2025Q3,1022.1,5.5964790842313095,1.067932364283597,3.2,0.0,-2.578078551637708,2.9724289535715265,6.3525,0.17250000000000032,4.22,2.9392196249335534,
MI,2014Q2,258.27,7.112641008626408,2.994895517626417,7.4,-1.4000000000000004,6.9757742853358895,2.045596117958337,4.1625,0.09249999999999936,0.1,2.0589816945944195,5.78077206024703
MI,2014Q3,264.09,7.122865371354381,2.2534556859100885,6.8,-1.8999999999999995,11.48180221688142,2.045596117958337,4.1625,-0.32750000000000057,0.09,1.6840509711232077,5.2065583702525675
MI,2014Q4,266.25,7.14285714285714,0.8179029876178578,6.2,-1.9999999999999991,-4.325725676496961,2.045596117958337,3.864,-0.5934999999999997,0.12,0.6531213919623191,4.788732394366191
MI,2015Q1,267.5,6.675705854203229,0.46948356807512415,5.8,-2.0,1.7537735983910618,2.045596117958337,3.77,-0.5725000000000002,0.11,-0.022031284423873476,5.185046728971954
MI,2015Q2,273.2,5.78077206024703,2.1308411214953304,5.5,-1.9000000000000004,32.70455736901834,1.428783245649834,3.9825,-0.17999999999999972,0.13,0.1795718097550525,5.193997071742307
MI,2015Q3,277.84,5.2065583702525675,1.6983894582723202,5.1,-1.7000000000000002,17.879923546124953,1.428783245649834,3.89,-0.2724999999999995,0.14,0.008842961634170088,5.434782608695654
MI,2015Q4,279.0,4.788732394366191,0.4175064785488125,4.9,-1.2999999999999998,71.07683780755785,1.428783245649834,3.964,0.10000000000000009,0.24,0.6387247515364791,5.738351254480278
MI,2016Q1,281.37,5.185046728971954,0.8494623655914024,4.9,-0.8999999999999995,68.56912711392515,1.428783245649834,3.694,-0.07600000000000007,0.36,0.8916160965521946,6.105839286348935
MI,2016Q2,287.39,5.193997071742307,2.1395315776379764,5.0,-0.5,24.47541423701949,2.311364616006051,3.568,-0.41449999999999987,0.38,1.0792865347959424,6.729531298931768
MI,2016Q3,292.94,5.434782608695654,1.9311736664463064,5.0,-0.09999999999999964,26.624990291289173,2.311364616006051,3.46,-0.43000000000000016,0.4,1.5486446201652182,6.752235952754848
MI,2016Q4,295.01,5.738351254480278,0.7066293438929394,5.0,0.09999999999999964,-8.791675270579024,2.311364616006051,4.198,0.23400000000000043,0.54,2.0507989115119862,6.616724856784506
MI,2017Q1,298.55,6.105839286348935,1.1999593234127692,4.5,-0.40000000000000036,12.48632208262952,2.311364616006051,4.196,0.5019999999999998,0.79,2.44119623655914,6.695695863339468
MI,2017Q2,306.73,6.729531298931768,2.7399095628872994,4.4,-0.5999999999999996,-5.017642026671898,1.9446466268000062,3.904,0.33599999999999985,1.04,1.640565809959127,6.376943892022302
MI,2017Q3,312.72,6.752235952754848,1.9528575620252342,4.7,-0.2999999999999998,-10.90371176602738,1.9446466268000062,3.805,0.3450000000000002,1.15,2.1805652303711787,6.008569966743393
MI,2017Q4,314.53,6.616724856784506,0.5787925300588137,4.6,-0.40000000000000036,12.659141928644324,1.9446466268000062,3.95,-0.24800000000000022,1.3,2.129930719552253,5.605188694242225
MI,2018Q1,318.54,6.695695863339468,1.2749181318157499,4.3,-0.20000000000000018,-25.751349314835558,1.9446466268000062,4.444,0.24800000000000022,1.51,2.3309497646499366,5.657060337791164
MI,2018Q2,326.29,6.376943892022302,2.43297545049288,4.0,-0.40000000000000036,-17.93101639716501,0.9880848009484966,4.57,0.6660000000000004,1.82,2.8075506935940187,5.2499310429372725
MI,2018Q3,331.51,6.008569966743393,1.5998038554659866,4.0,-0.7000000000000002,-14.912173892466429,0.9880848009484966,4.6275,0.8225000000000002,1.95,2.332055105808828,4.865614913577265
MI,2018Q4,332.16,5.605188694242225,0.1960725166661792,4.2,-0.39999999999999947,-19.52617599047435,0.9880848009484966,4.6375,0.6875,2.27,2.0023809043401064,5.407032755298635
MI,2019Q1,336.56,5.657060337791164,1.3246628131021065,4.2,-0.09999999999999964,15.788452013089671,0.9880848009484966,4.265,-0.17900000000000027,2.41,1.8831863513063984,5.018421678155449
MI,2019Q2,343.42,5.2499310429372725,2.0382695507487503,4.2,0.20000000000000018,5.303642213793824,2.324582286926491,3.8025,-0.7675000000000001,2.38,1.671194894390049,4.000931803622398
MI,2019Q3,347.64,4.865614913577265,1.2288160270222948,4.0,0.0,6.127594077553855,2.324582286926491,3.605,-1.0225000000000004,2.04,1.6844977040391562,5.033943159590382
MI,2019Q4,350.12,5.407032755298635,0.7133816591876618,3.8,-0.40000000000000036,-8.525241732901346,2.324582286926491,3.72,-0.9175,1.55,2.3195274699624457,6.443505083971202
MI,2020Q1,353.45,5.018421678155449,0.9511024791500011,3.7,-0.5,-23.27270325412909,2.324582286926491,3.45,-0.8149999999999995,0.65,1.4940399642909163,7.689913707738016
MI,2020Q2,357.16,4.000931803622398,1.049653416324814,14.5,10.3,-33.816710040829875,0.8207714915361208,3.1625,-0.6400000000000001,0.08,0.7166562831830481,12.481800873558058
MI,2020Q3,365.14,5.033943159590382,2.2342927539477975,8.9,4.9,-0.23571822871727433,0.8207714915361208,2.89,-0.7149999999999999,0.09,1.3910228912373812,15.714520457906556
MI,2020Q4,372.68,6.443505083971202,2.0649613846743797,6.9,3.1000000000000005,45.85638490659285,0.8207714915361208,2.684,-1.036,0.09,1.3204191315779434,15.836642696146818
MI,2021Q1,380.63,7.689913707738016,2.1331973811312688,6.1,2.3999999999999995,44.2533393398433,0.8207714915361208,3.0825,-0.36750000000000016,0.07,2.623645747764214,16.459553897485748
MI,2021Q2,401.74,12.481800873558058,5.546068360349943,6.2,-8.3,62.17057485592259,-3.543144872113979,2.975,-0.1875,0.08,5.317418943207719,17.195200876188576
MI,2021Q3,422.52,15.714520457906556,5.172499626624183,5.4,-3.5,-5.706718142218314,-3.543144872113979,2.9,0.009999999999999787,0.08,5.363523425270289,12.595853450724226
MI,2021Q4,431.7,15.836642696146818,2.172678216415802,4.5,-2.4000000000000004,-25.82491832618139,-3.543144872113979,3.098,0.4139999999999997,0.08,7.159457345112474,8.772295575631217
MI,2022Q1,443.28,16.459553897485748,2.682418346073656,4.3,-1.7999999999999998,-11.790092856624312,-3.543144872113979,4.172,1.0894999999999997,0.2,8.540780148538584,6.542140407868624
MI,2022Q2,470.82,17.195200876188576,6.212777476989717,4.0,-2.2,-0.07359522043932643,5.188687410009485,5.522,2.547,1.21,8.999298141923106,5.301389065885043
MI,2022Q3,475.74,12.595853450724226,1.0449853447177304,4.0,-1.4000000000000004,5.040649636525152,5.188687410009485,6.112,3.212,2.56,8.205751582451759,6.013789044436035
MI,2022Q4,469.57,8.772295575631217,-1.296926892840633,4.1,-0.40000000000000036,-23.025934464796116,5.188687410009485,6.364,3.266,4.1,6.410831677385809,7.694273484251557
MI,2023Q1,472.28,6.542140407868624,0.57712375151735,3.8,-0.5,-19.05445003437777,5.188687410009485,6.544,2.372,4.65,4.931348641757127,8.353095621241646
MI,2023Q2,495.78,5.301389065885043,4.975861776912005,3.8,-0.20000000000000018,-18.139691791423516,2.100560278024388,6.714,1.1920000000000002,5.08,3.0592533347792994,7.200774537093069
MI,2023Q3,504.35,6.013789044436035,1.7285892936383274,4.0,0.0,0.32659801183070325,2.100560278024388,7.2,1.088,5.33,3.6950823322234427,6.8404877565182876
MI,2023Q4,505.7,7.694273484251557,0.26767126003766073,4.0,-0.09999999999999964,21.372741908924798,2.100560278024388,6.815,0.4510000000000005,5.33,3.322200208829762,6.513743326082655
MI,2024Q1,511.73,8.353095621241646,1.1924065651572224,4.2,0.40000000000000036,5.781061313051872,2.100560278024388,6.82,0.2760000000000007,5.33,3.4690014354717524,6.712524182674451
MI,2024Q2,531.48,7.200774537093069,3.859457135598854,4.7,0.9000000000000004,6.1830081364584455,2.732214724693516,6.9175,0.20350000000000001,5.33,2.9700853998204435,5.211861217731606
MI,2024Q3,538.85,6.8404877565182876,1.3866937608188357,5.1,1.0999999999999996,-2.166452133915242,2.732214724693516,6.18,-1.0200000000000005,5.13,2.432541464144644,5.10346107451054
MI,2024Q4,538.64,6.513743326082655,-0.038971884568994586,5.2,1.2000000000000002,19.6856728767848,2.732214724693516,6.715,-0.10000000000000053,4.48,2.872366268806581,5.68840041586216
MI,2025Q1,546.08,6.712524182674451,1.3812564978464392,5.5,1.2999999999999998,12.261071024233816,2.732214724693516,6.65,-0.16999999999999993,4.33,2.4055852640280317,5.023073542338108
MI,2025Q2,559.18,5.211861217731606,2.3989159097568047,5.3,0.5999999999999996,16.979233925157878,1.374324189324727,6.8175,-0.10000000000000053,4.33,2.6726833178446263,4.599592260095142
MI,2025Q3,566.35,5.10346107451054,1.282234700811924,5.2,0.20000000000000018,22.514209373850626,1.374324189324727,6.3525,0.17250000000000032,4.22,2.9392196249335534,
MN,2014Q2,320.66,5.365885716163388,2.5291766586730713,4.2,-0.8999999999999995,11.081655069500517,2.716241727635138,4.1625,0.09249999999999936,0.1,2.0589816945944195,3.7422815443148405
MN,2014Q3,323.86,4.24901821927508,0.9979417451506212,4.0,-0.9000000000000004,-6.664154969535407,2.716241727635138,4.1625,-0.32750000000000057,0.09,1.6840509711232077,4.236398443771994
MN,2014Q4,324.85,4.476891904930369,0.3056876428086275,3.9,-0.8000000000000003,-6.720375982037208,2.716241727635138,3.864,-0.5934999999999997,0.12,0.6531213919623191,4.180390949669066
MN,2015Q1,325.82,4.179056754596311,0.29859935354779044,3.8,-0.7999999999999998,40.37540250333542,2.716241727635138,3.77,-0.5725000000000002,0.11,-0.022031284423873476,4.477932600822543
MN,2015Q2,332.66,3.7422815443148405,2.0993186421950805,3.8,-0.40000000000000036,17.580004813233295,2.6834700681829693,3.9825,-0.17999999999999972,0.13,0.1795718097550525,4.629351289604999
MN,2015Q3,337.58,4.236398443771994,1.4789875548608,3.7,-0.2999999999999998,15.162898754559183,2.6834700681829693,3.89,-0.2724999999999995,0.14,0.008842961634170088,4.718881450322887
MN,2015Q4,338.43,4.180390949669066,0.25179216778246083,3.7,-0.19999999999999973,18.12639129716991,2.6834700681829693,3.964,0.10000000000000009,0.24,0.6387247515364791,4.999556776881486
MN,2016Q1,340.41,4.477932600822543,0.5850545164435728,3.8,0.0,-8.264992147417482,2.6834700681829693,3.694,-0.07600000000000007,0.36,0.8916160965521946,5.402308980347215
MN,2016Q2,348.06,4.629351289604999,2.2472900326077294,3.9,0.10000000000000009,6.6294905484744815,2.0176662072582507,3.568,-0.41449999999999987,0.38,1.0792865347959424,6.082284663563753
MN,2016Q3,353.51,4.718881450322887,1.5658219847152655,4.0,0.2999999999999998,19.477976538001386,2.0176662072582507,3.46,-0.43000000000000016,0.4,1.5486446201652182,5.897994399026918
MN,2016Q4,355.35,4.999556776881486,0.5204944697462688,3.9,0.19999999999999973,55.43497486244788,2.0176662072582507,4.198,0.23400000000000043,0.54,2.0507989115119862,5.726748276347249
MN,2017Q1,358.8,5.402308980347215,0.9708737864077666,3.6,-0.19999999999999973,59.63332562581585,2.0176662072582507,4.196,0.5019999999999998,0.79,2.44119623655914,6.173355629877353
MN,2017Q2,369.23,6.082284663563753,2.906911928651068,3.4,-0.5,10.34731270716871,1.4900297056472,3.904,0.33599999999999985,1.04,1.640565809959127,5.560219917124809
MN,2017Q3,374.36,5.897994399026918,1.3893778945372803,3.3,-0.7000000000000002,-14.230493904090292,1.4900297056472,3.805,0.3450000000000002,1.15,2.1805652303711787,5.363820921038576
MN,2017Q4,375.7,5.726748276347249,0.35794422481034704,3.2,-0.6999999999999997,-16.487145101552336,1.4900297056472,3.95,-0.24800000000000022,1.3,2.129930719552253,4.769763108863456
MN,2018Q1,380.95,6.173355629877353,1.39739153579983,3.0,-0.6000000000000001,-15.710160857232614,1.4900297056472,4.444,0.24800000000000022,1.51,2.3309497646499366,4.604278776742365
MN,2018Q2,389.76,5.560219917124809,2.312639453996579,2.9,-0.5,8.207924570182602,1.1746314070933739,4.57,0.6660000000000004,1.82,2.8075506935940187,4.153838259441711
MN,2018Q3,394.44,5.363820921038576,1.200738916256161,3.0,-0.2999999999999998,45.0364871412718,1.1746314070933739,4.6275,0.8225000000000002,1.95,2.332055105808828,4.09187709157286
MN,2018Q4,393.62,4.769763108863456,-0.20788966636243744,3.2,0.0,-9.586987981903283,1.1746314070933739,4.6375,0.6875,2.27,2.0023809043401064,4.915908744474362
MN,2019Q1,398.49,4.604278776742365,1.2372338803922522,3.3,0.2999999999999998,4.154431489092469,1.1746314070933739,4.265,-0.17900000000000027,2.41,1.8831863513063984,4.6274686943210686
MN,2019Q2,405.95,4.153838259441711,1.8720670531255479,3.2,0.30000000000000027,10.722390373947487,2.8410425180965593,3.8025,-0.7675000000000001,2.38,1.671194894390049,3.522601305579509
MN,2019Q3,410.58,4.09187709157286,1.1405345485897334,3.3,0.2999999999999998,-14.370025885300775,2.8410425180965593,3.605,-1.0225000000000004,2.04,1.6844977040391562,4.500949875785487
MN,2019Q4,412.97,4.915908744474362,0.5821033659701103,3.4,0.19999999999999973,76.94000376758166,2.8410425180965593,3.72,-0.9175,1.55,2.3195274699624457,5.784923844347034
MN,2020Q1,416.93,4.6274686943210686,0.9589074266895814,3.6,0.30000000000000027,-8.241237766413645,2.8410425180965593,3.45,-0.8149999999999995,0.65,1.4940399642909163,6.4351329959465575
MN,2020Q2,420.25,3.522601305579509,0.796296740460023,8.9,5.7,-6.9598660772254295,1.3206425334231442,3.1625,-0.6400000000000001,0.08,0.7166562831830481,11.205234979179046
MN,2020Q3,429.06,4.500949875785487,2.0963712076145224,6.2,2.9000000000000004,25.24874860947999,1.3206425334231442,2.89,-0.7149999999999999,0.09,1.3910228912373812,14.123898755418818
MN,2020Q4,436.86,5.784923844347034,1.8179275625786584,4.8,1.4,-9.713877951981488,1.3206425334231442,2.684,-1.036,0.09,1.3204191315779434,14.004486563201034
MN,2021Q1,443.76,6.4351329959465575,1.5794533717895742,4.1,0.49999999999999956,57.38971393207242,1.3206425334231442,3.0825,-0.36750000000000016,0.07,2.623645747764214,14.672345411934383
MN,2021Q2,467.34,11.205234979179046,5.313683071930764,3.8,-5.1000000000000005,31.13361348304857,-3.18867564135239,2.975,-0.1875,0.08,5.317418943207719,15.688791885993059
MN,2021Q3,489.66,14.123898755418818,4.775966106047003,3.4,-2.8000000000000003,6.673063263892964,-3.18867564135239,2.9,0.009999999999999787,0.08,5.363523425270289,10.143773230404761
MN,2021Q4,498.04,14.004486563201034,1.711391577829513,2.8,-2.0,20.354756873506076,-3.18867564135239,3.098,0.4139999999999997,0.08,7.159457345112474,6.3950686691832015
MN,2022Q1,508.87,14.672345411934383,2.1745241346076583,2.4,-1.6999999999999997,0.7974057050696315,-3.18867564135239,4.172,1.0894999999999997,0.2,8.540780148538584,4.952148878888529
MN,2022Q2,540.66,15.688791885993059,6.247175113486736,2.3,-1.5,-1.2724672216707256,5.629549103418774,5.522,2.547,1.21,8.999298141923106,2.7910331816668688
MN,2022Q3,539.33,10.143773230404761,-0.24599563496465748,2.5,-0.8999999999999999,-19.548507712258544,5.629549103418774,6.112,3.212,2.56,8.205751582451759,3.4413068065933583
MN,2022Q4,529.89,6.3950686691832015,-1.7503198412845644,2.8,0.0,-37.74338556446602,5.629549103418774,6.364,3.266,4.1,6.410831677385809,4.23861556172036
MN,2023Q1,534.07,4.952148878888529,0.7888429674083319,2.8,0.3999999999999999,-39.764455374090076,5.629549103418774,6.544,2.372,4.65,4.931348641757127,4.697886044900468
MN,2023Q2,555.75,2.7910331816668688,4.059392963469199,2.9,0.6000000000000001,-25.91365441388437,2.1022509906718945,6.714,1.1920000000000002,5.08,3.0592533347792994,3.379217273954116
MN,2023Q3,557.89,3.4413068065933583,0.385065227170478,2.8,0.2999999999999998,-10.491508255790905,2.1022509906718945,7.2,1.088,5.33,3.6950823322234427,3.805409668572657
MN,2023Q4,552.35,4.23861556172036,-0.9930272992883848,2.8,0.0,-23.13486043568538,2.1022509906718945,6.815,0.4510000000000005,5.33,3.322200208829762,4.850185570743171
MN,2024Q1,559.16,4.697886044900468,1.2329139132796207,2.9,0.10000000000000009,13.321776550623854,2.1022509906718945,6.82,0.2760000000000007,5.33,3.4690014354717524,4.022104585449604
MN,2024Q2,574.53,3.379217273954116,2.7487660061520813,3.2,0.30000000000000027,-22.404169526811724,1.021631843549664,6.9175,0.20350000000000001,5.33,2.9700853998204435,3.649939950916403
MN,2024Q3,579.12,3.805409668572657,0.7989138948357954,3.1,0.30000000000000027,-15.237334103864786,1.021631843549664,6.18,-1.0200000000000005,5.13,2.432541464144644,3.5208592347009127
MN,2024Q4,579.14,4.850185570743171,0.003453515678963903,3.0,0.20000000000000018,18.38699183759158,1.021631843549664,6.715,-0.10000000000000053,4.48,2.872366268806581,3.4171357530130786
MN,2025Q1,581.65,4.022104585449604,0.4334012501294948,3.1,0.20000000000000018,-27.377764330857513,1.021631843549664,6.65,-0.16999999999999993,4.33,2.4055852640280317,3.746239147253516
MN,2025Q2,595.5,3.649939950916403,2.381157053210692,3.3,0.09999999999999964,2.840696606017623,2.4082213179194234,6.8175,-0.10000000000000053,4.33,2.6726833178446263,2.9655751469353397
MN,2025Q3,599.51,3.5208592347009127,0.6733837111670748,3.6,0.3999999999999999,-2.577371745240842,2.4082213179194234,6.3525,0.17250000000000032,4.22,2.9392196249335534,
MO,2014Q2,272.77,1.7874468243898711,1.745682420082817,6.2,-0.5999999999999996,48.25038739450114,1.8587299162300175,4.1625,0.09249999999999936,0.1,2.0589816945944195,3.380137111852477
MO,2014Q3,275.05,2.5999701581617574,0.8358690471826247,5.9,-0.7999999999999998,27.956550031388684,1.8587299162300175,4.1625,-0.32750000000000057,0.09,1.6840509711232077,3.5011816033448495
MO,2014Q4,277.39,3.650698751961734,0.8507544082893892,5.7,-0.8999999999999995,10.532247136622953,1.8587299162300175,3.864,-0.5934999999999997,0.12,0.6531213919623191,3.7059735390605475
MO,2015Q1,279.71,4.334365325077405,0.836367569126506,5.5,-1.0999999999999996,2.0911301194095344,1.8587299162300175,3.77,-0.5725000000000002,0.11,-0.022031284423873476,3.700260984591197
MO,2015Q2,281.99,3.380137111852477,0.815129956025884,5.2,-1.0,-11.905246738194087,0.5271405711500643,3.9825,-0.17999999999999972,0.13,0.1795718097550525,4.188091776304126
MO,2015Q3,284.68,3.5011816033448495,0.9539345366857077,4.8,-1.1000000000000005,12.353227381483523,0.5271405711500643,3.89,-0.2724999999999995,0.14,0.008842961634170088,4.868624420401857
MO,2015Q4,287.67,3.7059735390605475,1.0503020935787477,4.5,-1.2000000000000002,43.03733102674072,0.5271405711500643,3.964,0.10000000000000009,0.24,0.6387247515364791,4.237494351166271
MO,2016Q1,290.06,3.700260984591197,0.830813084437021,4.5,-1.0,25.703905341022825,0.5271405711500643,3.694,-0.07600000000000007,0.36,0.8916160965521946,3.8233468937461046
MO,2016Q2,293.8,4.188091776304126,1.2893884023995161,4.7,-0.5,37.09502545613827,1.4465884411256624,3.568,-0.41449999999999987,0.38,1.0792865347959424,4.632402995234863
MO,2016Q3,298.54,4.868624420401857,1.6133424098025984,4.7,-0.09999999999999964,7.004785064172081,1.4465884411256624,3.46,-0.43000000000000016,0.4,1.5486446201652182,4.1535472633482895
MO,2016Q4,299.86,4.237494351166271,0.44215180545319477,4.4,-0.09999999999999964,-3.4922193354153253,1.4465884411256624,4.198,0.23400000000000043,0.54,2.0507989115119862,4.548789435069689
MO,2017Q1,301.15,3.8233468937461046,0.43020076035482635,4.0,-0.5,-3.5803801860292417,1.4465884411256624,4.196,0.5019999999999998,0.79,2.44119623655914,5.598538934086017
MO,2017Q2,307.41,4.632402995234863,2.0786983230948186,3.7,-1.0,-19.99441782449255,0.1342164651201072,3.904,0.33599999999999985,1.04,1.640565809959127,5.045379135356676
MO,2017Q3,310.94,4.1535472633482895,1.1483035685241116,3.6,-1.1,-5.956277671285337,0.1342164651201072,3.805,0.3450000000000002,1.15,2.1805652303711787,4.891618961857591
MO,2017Q4,313.5,4.548789435069689,0.8233099633369712,3.6,-0.8000000000000003,-2.051282679376998,0.1342164651201072,3.95,-0.24800000000000022,1.3,2.129930719552253,4.972886762360429
MO,2018Q1,318.01,5.598538934086017,1.4385964912280613,3.4,-0.6000000000000001,-8.017813966682274,0.1342164651201072,4.444,0.24800000000000022,1.51,2.3309497646499366,4.3929436181252335
MO,2018Q2,322.92,5.045379135356676,1.5439766045092895,3.1,-0.6000000000000001,8.222266237474528,0.9242168150071617,4.57,0.6660000000000004,1.82,2.8075506935940187,4.69156447417316
MO,2018Q3,326.15,4.891618961857591,1.0002477393781684,3.1,-0.5,-28.063623256776093,0.9242168150071617,4.6275,0.8225000000000002,1.95,2.332055105808828,4.868925341100727
MO,2018Q4,329.09,4.972886762360429,0.901425724359961,3.2,-0.3999999999999999,-28.803531281657012,0.9242168150071617,4.6375,0.6875,2.27,2.0023809043401064,5.308578200492264
MO,2019Q1,331.98,4.3929436181252335,0.8781792214895834,3.2,-0.19999999999999973,6.432388409436474,0.9242168150071617,4.265,-0.17900000000000027,2.41,1.8831863513063984,5.61479607205253
MO,2019Q2,338.07,4.69156447417316,1.8344478583047108,3.1,0.0,-23.775199253294023,0.9344185087212686,3.8025,-0.7675000000000001,2.38,1.671194894390049,4.463572632886681
MO,2019Q3,342.03,4.868925341100727,1.1713550448132048,3.3,0.19999999999999973,31.114743795446252,0.9344185087212686,3.605,-1.0225000000000004,2.04,1.6844977040391562,5.2334590532994385
MO,2019Q4,346.56,5.308578200492264,1.3244452241031546,3.4,0.19999999999999973,17.927892064072147,0.9344185087212686,3.72,-0.9175,1.55,2.3195274699624457,5.8950831024930705
MO,2020Q1,350.62,5.61479607205253,1.1715143120960336,3.6,0.3999999999999999,10.835124681269681,0.9344185087212686,3.45,-0.8149999999999995,0.65,1.4940399642909163,6.81079231076378
MO,2020Q2,353.16,4.463572632886681,0.7244310079288274,8.0,4.9,14.959796051277841,2.2746977551893366,3.1625,-0.6400000000000001,0.08,0.7166562831830481,12.495752633367307
MO,2020Q3,359.93,5.2334590532994385,1.9169781402197161,5.9,2.6000000000000005,29.65681626534269,2.2746977551893366,2.89,-0.7149999999999999,0.09,1.3910228912373812,15.18072958630845
MO,2020Q4,366.99,5.8950831024930705,1.961492512432983,5.0,1.6,3.8439744694299227,2.2746977551893366,2.684,-1.036,0.09,1.3204191315779434,16.25929861849098
MO,2021Q1,374.5,6.81079231076378,2.046377285484624,4.8,1.1999999999999997,7.382457607039394,2.2746977551893366,3.0825,-0.36750000000000016,0.07,2.623645747764214,17.866488651535395
MO,2021Q2,397.29,12.495752633367307,6.085447263017363,4.4,-3.5999999999999996,22.540153422756013,-1.6090979621826929,2.975,-0.1875,0.08,5.317418943207719,18.152986483425202
MO,2021Q3,414.57,15.18072958630845,4.3494676432832335,3.7,-2.2,-2.6489346813220016,-1.6090979621826929,2.9,0.009999999999999787,0.08,5.363523425270289,14.472827266806565
MO,2021Q4,426.66,16.25929861849098,2.9162746942615225,3.1,-1.9,31.844885233940513,-1.6090979621826929,3.098,0.4139999999999997,0.08,7.159457345112474,10.919701870341726
MO,2022Q1,441.41,17.866488651535395,3.457085266957294,2.6,-2.1999999999999997,17.108026104789985,-1.6090979621826929,4.172,1.0894999999999997,0.2,8.540780148538584,8.685802315307756
MO,2022Q2,469.41,18.152986483425202,6.34330894180013,2.3,-2.1000000000000005,15.524776553694508,4.877109147117942,5.522,2.547,1.21,8.999298141923106,6.263181440531729
MO,2022Q3,474.57,14.472827266806565,1.099252252828009,2.7,-1.0,-5.628959238049802,4.877109147117942,6.112,3.212,2.56,8.205751582451759,6.568051077817816
MO,2022Q4,473.25,10.919701870341726,-0.27814653265061384,2.8,-0.30000000000000027,-29.09275475520101,4.877109147117942,6.364,3.266,4.1,6.410831677385809,7.013206550449014
MO,2023Q1,479.75,8.685802315307756,1.3734812466983604,2.8,0.19999999999999973,-28.229663630746295,4.877109147117942,6.544,2.372,4.65,4.931348641757127,6.9807191245440325
MO,2023Q2,498.81,6.263181440531729,3.9729025534132267,3.1,0.8000000000000003,-17.77797914881557,1.7031889932384026,6.714,1.1920000000000002,5.08,3.0592533347792994,5.950161384094144
MO,2023Q3,505.74,6.568051077817816,1.3893065495880208,3.3,0.5999999999999996,-12.283537693677438,1.7031889932384026,7.2,1.088,5.33,3.6950823322234427,5.229960058528116
MO,2023Q4,506.44,7.013206550449014,0.13841104124647785,3.4,0.6000000000000001,-7.206207445476231,1.7031889932384026,6.815,0.4510000000000005,5.33,3.322200208829762,5.856567411736835
MO,2024Q1,513.24,6.9807191245440325,1.3427059473975156,3.6,0.8000000000000003,7.526349094537177,1.7031889932384026,6.82,0.2760000000000007,5.33,3.4690014354717524,5.720520614137636
MO,2024Q2,528.49,5.950161384094144,2.9713194606811655,3.8,0.6999999999999997,-6.305556653505495,2.8674886292669344,6.9175,0.20350000000000001,5.33,2.9700853998204435,4.569622887850278
MO,2024Q3,532.19,5.229960058528116,0.7001078544532691,3.7,0.40000000000000036,7.199563794102537,2.8674886292669344,6.18,-1.0200000000000005,5.13,2.432541464144644,4.470208008418042
MO,2024Q4,536.1,5.856567411736835,0.7347000131531889,3.6,0.20000000000000018,35.36473321113267,2.8674886292669344,6.715,-0.10000000000000053,4.48,2.872366268806581,4.249207237455699
MO,2025Q1,542.6,5.720520614137636,1.2124603618727914,3.8,0.19999999999999973,-5.499730249231738,2.8674886292669344,6.65,-0.16999999999999993,4.33,2.4055852640280317,4.4028750460744615
MO,2025Q2,552.64,4.569622887850278,1.850350165868031,4.0,0.20000000000000018,2.8692838852927505,1.8484251588303469,6.8175,-0.10000000000000053,4.33,2.6726833178446263,3.6497539085118547
MO,2025Q3,555.98,4.470208008418042,0.604371742906773,4.1,0.39999999999999947,-14.479935899809659,1.8484251588303469,6.3525,0.17250000000000032,4.22,2.9392196249335534,
MS,2014Q2,239.21,0.7115190299764151,0.19686688447684286,7.7,-0.7999999999999998,-4.2130988427170335,0.35546474115595306,4.1625,0.09249999999999936,0.1,2.0589816945944195,3.0266293215166495
MS,2014Q3,241.46,1.347324239244485,0.9405961289243869,7.4,-1.0,3.7739812919202365,0.35546474115595306,4.1625,-0.32750000000000057,0.09,1.6840509711232077,3.180651039509641
MS,2014Q4,244.44,3.3310787960771027,1.2341588668930648,6.9,-1.1999999999999993,10.97067585013396,0.35546474115595306,3.864,-0.5934999999999997,0.12,0.6531213919623191,2.57322860415643
MS,2015Q1,246.16,3.107983580464091,0.7036491572574022,6.6,-1.4000000000000004,22.621749079003916,0.35546474115595306,3.77,-0.5725000000000002,0.11,-0.022031284423873476,2.2261943451413746
MS,2015Q2,246.45,3.0266293215166495,0.11780955476112798,6.4,-1.2999999999999998,33.86933662005585,0.24478894863650957,3.9825,-0.17999999999999972,0.13,0.1795718097550525,2.72266179752485
MS,2015Q3,249.14,3.180651039509641,1.0914992899168086,6.3,-1.1000000000000005,17.62442680682199,0.24478894863650957,3.89,-0.2724999999999995,0.14,0.008842961634170088,2.0630970538652926
MS,2015Q4,250.73,2.57322860415643,0.6381953921489991,6.3,-0.6000000000000005,27.778017635916964,0.24478894863650957,3.964,0.10000000000000009,0.24,0.6387247515364791,3.126869540940458
MS,2016Q1,251.64,2.2261943451413746,0.3629402145734373,6.1,-0.5,0.7636743502484666,0.24478894863650957,3.694,-0.07600000000000007,0.36,0.8916160965521946,2.682403433476388
MS,2016Q2,253.16,2.72266179752485,0.6040375139087617,6.0,-0.40000000000000036,14.72748401238908,0.093412967659523,3.568,-0.41449999999999987,0.38,1.0792865347959424,2.23574024332438
MS,2016Q3,254.28,2.0630970538652926,0.44240796334333865,5.9,-0.39999999999999947,-13.19756332322839,0.093412967659523,3.46,-0.43000000000000016,0.4,1.5486446201652182,2.855120339782924
MS,2016Q4,258.57,3.126869540940458,1.6871165644171793,5.7,-0.5999999999999996,11.364345106514474,0.093412967659523,4.198,0.23400000000000043,0.54,2.0507989115119862,1.4580191050779234
MS,2017Q1,258.39,2.682403433476388,-0.06961364427428007,5.4,-0.6999999999999993,61.38182194550963,0.093412967659523,4.196,0.5019999999999998,0.79,2.44119623655914,2.654901505476226
MS,2017Q2,258.82,2.23574024332438,0.16641510894384037,5.2,-0.7999999999999998,-1.2433378080218715,0.46553207125665796,3.904,0.33599999999999985,1.04,1.640565809959127,2.3916235221389304
MS,2017Q3,261.54,2.855120339782924,1.0509234216830254,5.0,-0.9000000000000004,8.43886057513512,0.46553207125665796,3.805,0.3450000000000002,1.15,2.1805652303711787,1.8658713772272018
MS,2017Q4,262.34,1.4580191050779234,0.3058805536437781,4.9,-0.7999999999999998,-3.479024137964304,0.46553207125665796,3.95,-0.24800000000000022,1.3,2.129930719552253,2.378592666005952
MS,2018Q1,265.25,2.654901505476226,1.109247541358549,4.9,-0.5,-43.57378559192501,0.46553207125665796,4.444,0.24800000000000022,1.51,2.3309497646499366,2.38642789820922
MS,2018Q2,265.01,2.3916235221389304,-0.09048067860509823,4.8,-0.40000000000000036,6.962875195503271,0.3369999363121101,4.57,0.6660000000000004,1.82,2.8075506935940187,3.76966906909173
MS,2018Q3,266.42,1.8658713772272018,0.5320553941360773,4.9,-0.09999999999999964,-4.862956715293376,0.3369999363121101,4.6275,0.8225000000000002,1.95,2.332055105808828,4.459124690338556
MS,2018Q4,268.58,2.378592666005952,0.8107499436979193,5.3,0.39999999999999947,-1.2402046798180577,0.3369999363121101,4.6375,0.6875,2.27,2.0023809043401064,4.091890684339861
MS,2019Q1,271.58,2.38642789820922,1.116985628118261,5.4,0.5,6.259944574672871,0.3369999363121101,4.265,-0.17900000000000027,2.41,1.8831863513063984,4.4149053685838435
MS,2019Q2,275.0,3.76966906909173,1.2592974445835514,5.5,0.7000000000000002,-13.86185954464314,-0.09666181241804184,3.8025,-0.7675000000000001,2.38,1.671194894390049,3.294545454545461
MS,2019Q3,278.3,4.459124690338556,1.200000000000001,5.6,0.6999999999999993,8.175063396404703,-0.09666181241804184,3.605,-1.0225000000000004,2.04,1.6844977040391562,3.6471433704635237
MS,2019Q4,279.57,4.091890684339861,0.45634207689542183,5.5,0.20000000000000018,1.7388507509027207,-0.09666181241804184,3.72,-0.9175,1.55,2.3195274699624457,4.943305791036234
MS,2020Q1,283.57,4.4149053685838435,1.430768680473582,5.9,0.5,19.810149115523302,-0.09666181241804184,3.45,-0.8149999999999995,0.65,1.4940399642909163,4.94763197799486
MS,2020Q2,284.06,3.294545454545461,0.1727968402863489,9.4,3.9000000000000004,30.270826962064092,0.9376009759037407,3.1625,-0.6400000000000001,0.08,0.7166562831830481,8.515806519749347
MS,2020Q3,288.45,3.6471433704635237,1.5454481447581436,7.1,1.5,18.896935518270496,0.9376009759037407,2.89,-0.7149999999999999,0.09,1.3910228912373812,12.761310452418106
MS,2020Q4,293.39,4.943305791036234,1.7126018374068241,6.5,1.0,19.3461053887791,0.9376009759037407,2.684,-1.036,0.09,1.3204191315779434,13.97116466137225
MS,2021Q1,297.6,4.94763197799486,1.4349500664644355,6.2,0.2999999999999998,8.011840843831974,0.9376009759037407,3.0825,-0.36750000000000016,0.07,2.623645747764214,15.420026881720418
MS,2021Q2,308.25,8.515806519749347,3.5786290322580516,5.7,-3.7,-1.122913500749989,-0.011509984011914831,2.975,-0.1875,0.08,5.317418943207719,16.175182481751825
MS,2021Q3,325.26,12.761310452418106,5.518248175182472,4.8,-2.3,-12.354552602866086,-0.011509984011914831,2.9,0.009999999999999787,0.08,5.363523425270289,14.34544671954745
MS,2021Q4,334.38,13.97116466137225,2.803910717579794,4.1,-2.4000000000000004,-2.391173056255602,-0.011509984011914831,3.098,0.4139999999999997,0.08,7.159457345112474,11.627489682397263
MS,2022Q1,343.49,15.420026881720418,2.72444524194031,3.8,-2.4000000000000004,4.071339911646166,-0.011509984011914831,4.172,1.0894999999999997,0.2,8.540780148538584,8.314652537191769
MS,2022Q2,358.11,16.175182481751825,4.256310227371984,3.7,-2.0,0.3501341671705349,4.391744233104,5.522,2.547,1.21,8.999298141923106,5.3195945379911125
MS,2022Q3,371.92,14.34544671954745,3.8563569852838597,3.7,-1.0999999999999996,-4.475686417402214,4.391744233104,6.112,3.212,2.56,8.205751582451759,2.4736502473650113
MS,2022Q4,373.26,11.627489682397263,0.3602925360292497,3.5,-0.5999999999999996,-21.05263955262466,4.391744233104,6.364,3.266,4.1,6.410831677385809,5.384986336601849
MS,2023Q1,372.05,8.314652537191769,-0.3241708192680659,3.2,-0.5999999999999996,-15.931648737670967,4.391744233104,6.544,2.372,4.65,4.931348641757127,3.945706222281964
MS,2023Q2,377.16,5.3195945379911125,1.3734713076199556,3.1,-0.6000000000000001,-17.65313222462335,-0.32572812857516453,6.714,1.1920000000000002,5.08,3.0592533347792994,5.764131933396954
MS,2023Q3,381.12,2.4736502473650113,1.0499522748965928,3.0,-0.7000000000000002,-0.7945676082672382,-0.32572812857516453,7.2,1.088,5.33,3.6950823322234427,6.352329974811077
MS,2023Q4,393.36,5.384986336601849,3.2115869017632193,2.9,-0.6000000000000001,9.160834144392215,-0.32572812857516453,6.815,0.4510000000000005,5.33,3.322200208829762,3.2540166768354695
MS,2024Q1,386.73,3.945706222281964,-1.685478950579622,2.8,-0.40000000000000036,-4.294707588561897,-0.32572812857516453,6.82,0.2760000000000007,5.33,3.4690014354717524,6.037804152768067
MS,2024Q2,398.9,5.764131933396954,3.146898352855998,2.9,-0.20000000000000018,8.576721757748395,3.2445032553934494,6.9175,0.20350000000000001,5.33,2.9700853998204435,4.081223364251696
MS,2024Q3,405.33,6.352329974811077,1.6119328152419232,3.4,0.3999999999999999,0.5729595069401183,3.2445032553934494,6.18,-1.0200000000000005,5.13,2.432541464144644,3.4391730195149517
MS,2024Q4,406.16,3.2540166768354695,0.20477142081760658,3.6,0.7000000000000002,6.925551494039994,3.2445032553934494,6.715,-0.10000000000000053,4.48,2.872366268806581,4.286488083513884
MS,2025Q1,410.08,6.037804152768067,0.9651368918652592,3.9,1.1,7.633307442897053,3.2445032553934494,6.65,-0.16999999999999993,4.33,2.4055852640280317,3.567596566523612
MS,2025Q2,415.18,4.081223364251696,1.2436597737026878,4.0,1.1,-0.6871334405260221,3.319347498874059,6.8175,-0.10000000000000053,4.33,2.6726833178446263,3.7116431427332675
MS,2025Q3,419.27,3.4391730195149517,0.9851148899272522,3.9,0.6000000000000001,-3.4905435451039635,3.319347498874059,6.3525,0.17250000000000032,4.22,2.9392196249335534,
MT,2014Q2,355.36,3.3534013902219106,0.5375431449103241,4.6,-0.8000000000000007,-0.2123899895757897,1.7721993002339342,4.1625,0.09249999999999936,0.1,2.0589816945944195,5.065285907248995
MT,2014Q3,363.36,4.246040853798494,2.2512381809995485,4.6,-0.6000000000000005,-19.142762140363768,1.7721993002339342,4.1625,-0.32750000000000057,0.09,1.6840509711232077,3.5722148833112977
MT,2014Q4,365.46,4.524653929756317,0.5779392338176814,4.4,-0.5999999999999996,11.75356089453019,1.7721993002339342,3.864,-0.5934999999999997,0.12,0.6531213919623191,4.10168007442675
MT,2015Q1,367.67,4.020256889039797,0.6047173425272279,4.2,-0.5999999999999996,74.5556982601407,1.7721993002339342,3.77,-0.5725000000000002,0.11,-0.022031284423873476,4.378926754970491
MT,2015Q2,373.36,5.065285907248995,1.5475834307939085,4.2,-0.39999999999999947,4.141310987820779,2.33183419151628,3.9825,-0.17999999999999972,0.13,0.1795718097550525,3.264945361045646
MT,2015Q3,376.34,3.5722148833112977,0.7981572744803822,4.2,-0.39999999999999947,-17.514135985152357,2.33183419151628,3.89,-0.2724999999999995,0.14,0.008842961634170088,4.049529680607966
MT,2015Q4,380.45,4.10168007442675,1.0920975713450742,4.3,-0.10000000000000053,23.814083109227546,2.33183419151628,3.964,0.10000000000000009,0.24,0.6387247515364791,3.54842949139178
MT,2016Q1,383.77,4.378926754970491,0.8726508082533835,4.3,0.09999999999999964,-11.922867750570209,2.33183419151628,3.694,-0.07600000000000007,0.36,0.8916160965521946,4.5157255647914285
MT,2016Q2,385.55,3.264945361045646,0.4638194752065061,4.3,0.09999999999999964,14.207911541527496,3.4633187990477987,3.568,-0.41449999999999987,0.38,1.0792865347959424,4.891713137076903
MT,2016Q3,391.58,4.049529680607966,1.5639994812605362,4.2,0.0,50.93866338814011,3.4633187990477987,3.46,-0.43000000000000016,0.4,1.5486446201652182,5.375657592318306
MT,2016Q4,393.95,3.54842949139178,0.6052403084938041,4.2,-0.09999999999999964,-31.8912249981979,3.4633187990477987,4.198,0.23400000000000043,0.54,2.0507989115119862,5.127554258154587
MT,2017Q1,401.1,4.5157255647914285,1.8149511359309534,4.1,-0.20000000000000018,29.607425726907223,3.4633187990477987,4.196,0.5019999999999998,0.79,2.44119623655914,4.90152081775117
MT,2017Q2,404.41,4.891713137076903,0.825230615806527,4.1,-0.20000000000000018,48.77388382825147,-1.2058887567621857,3.904,0.33599999999999985,1.04,1.640565809959127,6.278281941593922
MT,2017Q3,412.63,5.375657592318306,2.0325906876684563,4.1,-0.10000000000000053,-19.497381006106274,-1.2058887567621857,3.805,0.3450000000000002,1.15,2.1805652303711787,5.275913045585634
MT,2017Q4,414.15,5.127554258154587,0.3683687565130933,4.0,-0.20000000000000018,-5.909960298300698,-1.2058887567621857,3.95,-0.24800000000000022,1.3,2.129930719552253,6.055776892430287
MT,2018Q1,420.76,4.90152081775117,1.596040082095862,3.8,-0.2999999999999998,-25.27654992073408,-1.2058887567621857,4.444,0.24800000000000022,1.51,2.3309497646499366,5.026618499857416
MT,2018Q2,429.8,6.278281941593922,2.148493202775925,3.7,-0.39999999999999947,-23.360512400623346,2.7143692678047726,4.57,0.6660000000000004,1.82,2.8075506935940187,4.860400186133074
MT,2018Q3,434.4,5.275913045585634,1.0702652396463286,3.6,-0.49999999999999956,4.744160213898452,2.7143692678047726,4.6275,0.8225000000000002,1.95,2.332055105808828,5.179558011049723
MT,2018Q4,439.23,6.055776892430287,1.1118784530386838,3.6,-0.3999999999999999,16.767132132441787,2.7143692678047726,4.6375,0.6875,2.27,2.0023809043401064,5.418573412562888
MT,2019Q1,441.91,5.026618499857416,0.6101586867927944,3.5,-0.2999999999999998,22.60352934674106,2.7143692678047726,4.265,-0.17900000000000027,2.41,1.8831863513063984,6.256930144146988
MT,2019Q2,450.69,4.860400186133074,1.9868298974904386,3.4,-0.30000000000000027,-6.91439505788134,2.031132338226338,3.8025,-0.7675000000000001,2.38,1.671194894390049,4.417670682730934
MT,2019Q3,456.9,5.179558011049723,1.3778872395660002,3.5,-0.10000000000000009,-6.552010228341598,2.031132338226338,3.605,-1.0225000000000004,2.04,1.6844977040391562,5.913766688553301
MT,2019Q4,463.03,5.418573412562888,1.3416502516962137,3.5,-0.10000000000000009,-28.93545473824245,2.031132338226338,3.72,-0.9175,1.55,2.3195274699624457,7.960607304062384
MT,2020Q1,469.56,6.256930144146988,1.4102757920653186,3.5,0.0,21.83614319022911,2.031132338226338,3.45,-0.8149999999999995,0.65,1.4940399642909163,9.838998211091221
MT,2020Q2,470.6,4.417670682730934,0.22148394241416902,7.7,4.300000000000001,-3.4154588065109404,1.6348195329087156,3.1625,-0.6400000000000001,0.08,0.7166562831830481,18.3595410114747
MT,2020Q3,483.92,5.913766688553301,2.8304292392690167,5.2,1.7000000000000002,35.488992080660964,1.6348195329087156,2.89,-0.7149999999999999,0.09,1.3910228912373812,23.642337576458928
MT,2020Q4,499.89,7.960607304062384,3.300132253264998,4.2,0.7000000000000002,75.34964371509005,1.6348195329087156,2.684,-1.036,0.09,1.3204191315779434,25.07551661365501
MT,2021Q1,515.76,9.838998211091221,3.1746984336554096,3.8,0.2999999999999998,11.169568147833342,1.6348195329087156,3.0825,-0.36750000000000016,0.07,2.623645747764214,26.496820226461914
MT,2021Q2,557.0,18.3595410114747,7.9959671164882895,3.5,-4.2,59.268070474151834,-0.3990967600744022,2.975,-0.1875,0.08,5.317418943207719,25.481149012567307
MT,2021Q3,598.33,23.642337576458928,7.420107719928204,3.1,-2.1,14.368542227609883,-0.3990967600744022,2.9,0.009999999999999787,0.08,5.363523425270289,18.899269633814097
MT,2021Q4,625.24,25.07551661365501,4.49751809202279,2.7,-1.5,57.46678749280583,-0.3990967600744022,3.098,0.4139999999999997,0.08,7.159457345112474,13.9258524726505
MT,2022Q1,652.42,26.496820226461914,4.347130701810498,2.6,-1.1999999999999997,50.88756400121288,-0.3990967600744022,4.172,1.0894999999999997,0.2,8.540780148538584,8.955887311854326
MT,2022Q2,698.93,25.481149012567307,7.1288433830967834,2.7,-0.7999999999999998,14.815489602496879,6.557750350059632,5.522,2.547,1.21,8.999298141923106,5.65864965017957
MT,2022Q3,711.41,18.899269633814097,1.7855865394245551,2.7,-0.3999999999999999,-9.461397038762398,6.557750350059632,6.112,3.212,2.56,8.205751582451759,4.261958645506825
MT,2022Q4,712.31,13.9258524726505,0.12650932654867386,2.5,-0.20000000000000018,-39.30797622251644,6.557750350059632,6.364,3.266,4.1,6.410831677385809,4.451713439373317
MT,2023Q1,710.85,8.955887311854326,-0.2049669385520203,2.5,-0.10000000000000009,-35.427144851990974,6.557750350059632,6.544,2.372,4.65,4.931348641757127,5.914046563972697
MT,2023Q2,738.48,5.65864965017957,3.886895969613846,2.6,-0.10000000000000009,-29.026261249007646,4.613287994016413,6.714,1.1920000000000002,5.08,3.0592533347792994,5.006229010941388
MT,2023Q3,741.73,4.261958645506825,0.44009316433755163,2.8,0.09999999999999964,-15.669735680585696,4.613287994016413,7.2,1.088,5.33,3.6950823322234427,4.439620886306339
MT,2023Q4,744.02,4.451713439373317,0.3087376808272424,3.1,0.6000000000000001,-19.308054952818708,4.613287994016413,6.815,0.4510000000000005,5.33,3.322200208829762,5.8882825730491195
MT,2024Q1,752.89,5.914046563972697,1.1921722534340429,3.0,0.5,-7.253456797523583,4.613287994016413,6.82,0.2760000000000007,5.33,3.4690014354717524,5.820239344392952
MT,2024Q2,775.45,5.006229010941388,2.9964536652100637,3.0,0.3999999999999999,-9.951617450399553,5.013716941811852,6.9175,0.20350000000000001,5.33,2.9700853998204435,3.143980914307831
MT,2024Q3,774.66,4.439620886306339,-0.10187632987298523,3.0,0.20000000000000018,14.556211187203427,5.013716941811852,6.18,-1.0200000000000005,5.13,2.432541464144644,4.798234063976459
MT,2024Q4,787.83,5.8882825730491195,1.7001006893346826,2.9,-0.20000000000000018,37.55888366023905,5.013716941811852,6.715,-0.10000000000000053,4.48,2.872366268806581,2.306335123059533
MT,2025Q1,796.71,5.820239344392952,1.1271467194699403,2.7,-0.2999999999999998,1.9194788589675493,5.013716941811852,6.65,-0.16999999999999993,4.33,2.4055852640280317,2.6734947471476422
MT,2025Q2,799.83,3.143980914307831,0.3916104981737334,2.8,-0.20000000000000018,-2.802354945866259,3.414048995903074,6.8175,-0.10000000000000053,4.33,2.6726833178446263,2.7368315767100526
MT,2025Q3,811.83,4.798234063976459,1.5003188177487692,2.9,-0.10000000000000009,7.1877798885583655,3.414048995903074,6.3525,0.17250000000000032,4.22,2.9392196249335534,
NC,2014Q2,305.07,1.8189706962151941,1.385842472582266,6.2,-1.7000000000000002,-10.360263474598053,1.9114102594306903,4.1625,0.09249999999999936,0.1,2.0589816945944195,4.140033434949353
NC,2014Q3,307.96,2.5610284077663525,0.9473235650834244,6.0,-0.5999999999999996,17.763747754609227,1.9114102594306903,4.1625,-0.32750000000000057,0.09,1.6840509711232077,3.9907780231198897
NC,2014Q4,309.18,3.2699822973379256,0.39615534484997994,5.8,-0.6000000000000005,3.0124726737230434,1.9114102594306903,3.864,-0.5934999999999997,0.12,0.6531213919623191,4.486059900381667
NC,2015Q1,314.13,4.396809571286142,1.601009120900443,5.8,-0.5,6.472509653603131,1.9114102594306903,3.77,-0.5725000000000002,0.11,-0.022031284423873476,4.093846496673348
NC,2015Q2,317.7,4.140033434949353,1.136472161207136,5.8,-0.40000000000000036,15.816695341314514,2.477763889352369,3.9825,-0.17999999999999972,0.13,0.1795718097550525,4.4570349386213515
NC,2015Q3,320.25,3.9907780231198897,0.8026440037771421,5.6,-0.40000000000000036,-9.973646318352337,2.477763889352369,3.89,-0.2724999999999995,0.14,0.008842961634170088,5.686182669789219
NC,2015Q4,323.05,4.486059900381667,0.8743169398907069,5.4,-0.39999999999999947,1.351298157838765,2.477763889352369,3.964,0.10000000000000009,0.24,0.6387247515364791,5.259247794459054
NC,2016Q1,326.99,4.093846496673348,1.2196254449775568,5.2,-0.5999999999999996,-2.6454986772054268,2.477763889352369,3.694,-0.07600000000000007,0.36,0.8916160965521946,4.3640478302088725
NC,2016Q2,331.86,4.4570349386213515,1.4893421817181007,5.0,-0.7999999999999998,6.369764103111142,3.0300575304286648,3.568,-0.41449999999999987,0.38,1.0792865347959424,5.912131621768224
NC,2016Q3,338.46,5.686182669789219,1.988790453805822,5.1,-0.5,26.91490365254541,3.0300575304286648,3.46,-0.43000000000000016,0.4,1.5486446201652182,5.282751285233123
NC,2016Q4,340.04,5.259247794459054,0.46682030372866556,5.0,-0.40000000000000036,5.085204165402524,3.0300575304286648,4.198,0.23400000000000043,0.54,2.0507989115119862,5.302317374426524
NC,2017Q1,341.26,4.3640478302088725,0.3587813198447254,4.7,-0.5,32.67494886122273,3.0300575304286648,4.196,0.5019999999999998,0.79,2.44119623655914,6.783683994608225
NC,2017Q2,351.48,5.912131621768224,2.9947840356326694,4.5,-0.5,-3.422460197217869,2.1094413847214444,3.904,0.33599999999999985,1.04,1.640565809959127,6.03732787071809
NC,2017Q3,356.34,5.282751285233123,1.382724479344466,4.5,-0.5999999999999996,11.154003370540643,2.1094413847214444,3.805,0.3450000000000002,1.15,2.1805652303711787,5.954986810349672
NC,2017Q4,358.07,5.302317374426524,0.4854913846326525,4.3,-0.7000000000000002,24.965535682766117,2.1094413847214444,3.95,-0.24800000000000022,1.3,2.129930719552253,6.171977546289842
NC,2018Q1,364.41,6.783683994608225,1.770603513279534,4.1,-0.6000000000000005,11.489618940426706,2.1094413847214444,4.444,0.24800000000000022,1.51,2.3309497646499366,5.954831096841473
NC,2018Q2,372.7,6.03732787071809,2.2749101287011797,3.9,-0.6000000000000001,28.678280763373486,1.9581267125171387,4.57,0.6660000000000004,1.82,2.8075506935940187,5.449423128521591
NC,2018Q3,377.56,5.954986810349672,1.3039978535014818,4.0,-0.5,-0.9140310614478953,1.9581267125171387,4.6275,0.8225000000000002,1.95,2.332055105808828,5.321008581417508
NC,2018Q4,380.17,6.171977546289842,0.69128085602288,4.0,-0.2999999999999998,-6.585719452138628,1.9581267125171387,4.6375,0.6875,2.27,2.0023809043401064,5.926296130678366
NC,2019Q1,386.11,5.954831096841473,1.5624588999658018,3.9,-0.19999999999999973,-21.40996037211067,1.9581267125171387,4.265,-0.17900000000000027,2.41,1.8831863513063984,5.837714640905434
NC,2019Q2,393.01,5.449423128521591,1.7870555023179913,3.9,0.0,5.267777326977874,1.7855558995709897,3.8025,-0.7675000000000001,2.38,1.671194894390049,4.89554973155899
NC,2019Q3,397.65,5.321008581417508,1.180631536093224,3.9,-0.10000000000000009,0.7117412046712568,1.7855558995709897,3.605,-1.0225000000000004,2.04,1.6844977040391562,5.640638752671956
NC,2019Q4,402.7,5.926296130678366,1.269961020998367,3.7,-0.2999999999999998,10.119954872764225,1.7855558995709897,3.72,-0.9175,1.55,2.3195274699624457,6.88105289297245
NC,2020Q1,408.65,5.837714640905434,1.4775266948100274,4.0,0.10000000000000009,21.99605348610536,1.7855558995709897,3.45,-0.8149999999999995,0.65,1.4940399642909163,7.977486846935045
NC,2020Q2,412.25,4.89554973155899,0.8809494677596952,9.8,5.9,-12.346975088870648,2.048479832949357,3.1625,-0.6400000000000001,0.08,0.7166562831830481,13.377804730139475
NC,2020Q3,420.08,5.640638752671956,1.8993329290479144,6.8,2.9,9.202811710273151,2.048479832949357,2.89,-0.7149999999999999,0.09,1.3910228912373812,18.760712245286616
NC,2020Q4,430.41,6.88105289297245,2.459055418015632,5.8,2.0999999999999996,16.44495323407542,2.048479832949357,2.684,-1.036,0.09,1.3204191315779434,21.13101461397271
NC,2021Q1,441.25,7.977486846935045,2.518528844590029,5.5,1.5,25.240082634315407,2.048479832949357,3.0825,-0.36750000000000016,0.07,2.623645747764214,23.886685552407915
NC,2021Q2,467.4,13.377804730139475,5.926345609065153,5.1,-4.700000000000001,35.57934408628738,-0.6507680795809545,2.975,-0.1875,0.08,5.317418943207719,26.335044929396666
NC,2021Q3,498.89,18.760712245286616,6.737270004278995,4.5,-2.3,27.334758395443348,-0.6507680795809545,2.9,0.009999999999999787,0.08,5.363523425270289,22.01888191785766
NC,2021Q4,521.36,21.13101461397271,4.503998877508075,3.8,-2.0,13.2496337480984,-0.6507680795809545,3.098,0.4139999999999997,0.08,7.159457345112474,16.236381770753418
NC,2022Q1,546.65,23.886685552407915,4.850774896424737,3.5,-2.0,8.47426125596904,-0.6507680795809545,4.172,1.0894999999999997,0.2,8.540780148538584,11.912558309704568
NC,2022Q2,590.49,26.335044929396666,8.019756699899382,3.7,-1.3999999999999995,6.52383870512272,6.205265907562008,5.522,2.547,1.21,8.999298141923106,6.711375298480915
NC,2022Q3,608.74,22.01888191785766,3.0906535250385225,3.8,-0.7000000000000002,-9.147923203005693,6.205265907562008,6.112,3.212,2.56,8.205751582451759,5.5212405953280586
NC,2022Q4,606.01,16.236381770753418,-0.44846732595197336,3.6,-0.19999999999999973,-12.283239478787856,6.205265907562008,6.364,3.266,4.1,6.410831677385809,6.034553885249427
NC,2023Q1,611.77,11.912558309704568,0.9504793650269683,3.4,-0.10000000000000009,-3.4106763834993115,6.205265907562008,6.544,2.372,4.65,4.931348641757127,6.884940418784846
NC,2023Q2,630.12,6.711375298480915,2.9994932736159052,3.4,-0.30000000000000027,0.4532729574358907,3.5663142185018426,6.714,1.1920000000000002,5.08,3.0592533347792994,6.025836348632008
NC,2023Q3,642.35,5.5212405953280586,1.9409001460039432,3.5,-0.2999999999999998,5.420916182373059,3.5663142185018426,7.2,1.088,5.33,3.6950823322234427,4.83537012532107
NC,2023Q4,642.58,6.034553885249427,0.03580602475286021,3.6,0.0,24.094971424823754,3.5663142185018426,6.815,0.4510000000000005,5.33,3.322200208829762,5.401662049861478
NC,2024Q1,653.89,6.884940418784846,1.7600921286065496,3.5,0.10000000000000009,-1.70816051534316,3.5663142185018426,6.82,0.2760000000000007,5.33,3.4690014354717524,4.673568948905782
NC,2024Q2,668.09,6.025836348632008,2.171619079661724,3.6,0.20000000000000018,2.567566498460172,3.6056884010978507,6.9175,0.20350000000000001,5.33,2.9700853998204435,3.466598811537369
NC,2024Q3,673.41,4.83537012532107,0.7962998997141035,3.7,0.20000000000000018,10.395177473301121,3.6056884010978507,6.18,-1.0200000000000005,5.13,2.432541464144644,3.1615212129312065
NC,2024Q4,677.29,5.401662049861478,0.576172020017518,3.7,0.10000000000000009,-17.47629302476925,3.6056884010978507,6.715,-0.10000000000000053,4.48,2.872366268806581,3.3043452583088495
NC,2025Q1,684.45,4.673568948905782,1.0571542470729112,3.7,0.20000000000000018,1.085638479196871,3.6056884010978507,6.65,-0.16999999999999993,4.33,2.4055852640280317,2.61962159398057
NC,2025Q2,691.25,3.466598811537369,0.9934984293958671,3.7,0.10000000000000009,-14.755236678542893,3.279051041154446,6.8175,-0.10000000000000053,4.33,2.6726833178446263,2.392766726943929
NC,2025Q3,694.7,3.1615212129312065,0.4990958408680024,3.7,0.0,-20.203042021912843,3.279051041154446,6.3525,0.17250000000000032,4.22,2.9392196249335534,
ND,2014Q2,324.42,7.712739466781771,1.4287947475378981,2.6,-0.2999999999999998,26.989423911358546,2.5580008551047584,4.1625,0.09249999999999936,0.1,2.0589816945944195,5.838111090561626
ND,2014Q3,332.5,6.447688564476883,2.490598606744343,2.7,-0.09999999999999964,34.848683781180156,2.5580008551047584,4.1625,-0.32750000000000057,0.09,1.6840509711232077,5.269172932330823
ND,2014Q4,337.07,6.445398850502104,1.3744360902255615,2.6,-0.19999999999999973,23.84468989897295,2.5580008551047584,3.864,-0.5934999999999997,0.12,0.6531213919623191,4.019936511703803
ND,2015Q1,340.34,6.406127872440193,0.9701248998724266,2.7,0.0,-36.542854290955994,2.5580008551047584,3.77,-0.5725000000000002,0.11,-0.022031284423873476,3.0498912851854243
ND,2015Q2,343.36,5.838111090561626,0.8873479461714906,2.8,0.19999999999999973,-38.11613363818089,10.06035739035196,3.9825,-0.17999999999999972,0.13,0.1795718097550525,2.7405638397017595
ND,2015Q3,350.02,5.269172932330823,1.93965517241379,2.8,0.09999999999999964,-39.240577894558214,10.06035739035196,3.89,-0.2724999999999995,0.14,0.008842961634170088,1.8827495571681618
ND,2015Q4,350.62,4.019936511703803,0.1714187760699426,2.9,0.2999999999999998,-51.34847405832368,10.06035739035196,3.964,0.10000000000000009,0.24,0.6387247515364791,1.5971707261422718
ND,2016Q1,350.72,3.0498912851854243,0.028520905823969933,3.1,0.3999999999999999,20.633925928342368,10.06035739035196,3.694,-0.07600000000000007,0.36,0.8916160965521946,2.0985401459853836
ND,2016Q2,352.77,2.7405638397017595,0.5845118613138522,3.1,0.30000000000000027,-44.83414649264525,-2.489492133636806,3.568,-0.41449999999999987,0.38,1.0792865347959424,1.1678997647192269
ND,2016Q3,356.61,1.8827495571681618,1.0885279360489886,3.0,0.20000000000000018,-40.21549472632905,-2.489492133636806,3.46,-0.43000000000000016,0.4,1.5486446201652182,1.3067496705083892
ND,2016Q4,356.22,1.5971707261422718,-0.10936316984940797,2.9,0.0,-23.11573120575052,-2.489492133636806,4.198,0.23400000000000043,0.54,2.0507989115119862,0.9320083094716658
ND,2017Q1,358.08,2.0985401459853836,0.522149233619662,2.7,-0.3999999999999999,-40.96434251735614,-2.489492133636806,4.196,0.5019999999999998,0.79,2.44119623655914,0.7512287756925806
ND,2017Q2,356.89,1.1678997647192269,-0.3323279714030347,2.5,-0.6000000000000001,-9.445053122099745,-6.710168755164458,3.904,0.33599999999999985,1.04,1.640565809959127,1.6195466390204416
ND,2017Q3,361.27,1.3067496705083892,1.2272689063857145,2.5,-0.5,-31.466353903798392,-6.710168755164458,3.805,0.3450000000000002,1.15,2.1805652303711787,0.3515376311346241
ND,2017Q4,359.54,0.9320083094716658,-0.4788662219392559,2.6,-0.2999999999999998,-27.884854202775422,-6.710168755164458,3.95,-0.24800000000000022,1.3,2.129930719552253,1.3016632363575642
ND,2018Q1,360.77,0.7512287756925806,0.3421037992990872,2.6,-0.10000000000000009,-51.331808712892666,-6.710168755164458,4.444,0.24800000000000022,1.51,2.3309497646499366,1.6243035729134991
ND,2018Q2,362.67,1.6195466390204416,0.5266513291016572,2.3,-0.20000000000000018,-7.630229078951956,3.2401928555774617,4.57,0.6660000000000004,1.82,2.8075506935940187,2.4788375106846505
ND,2018Q3,362.54,0.3515376311346241,-0.03584525877519118,2.3,-0.20000000000000018,24.85603458471033,3.2401928555774617,4.6275,0.8225000000000002,1.95,2.332055105808828,3.2934296905169136
ND,2018Q4,364.22,1.3016632363575642,0.46339714238428087,2.3,-0.30000000000000027,-8.892504494433739,3.2401928555774617,4.6375,0.6875,2.27,2.0023809043401064,3.2315633408379396
ND,2019Q1,366.63,1.6243035729134991,0.6616879907747952,2.3,-0.30000000000000027,-13.028777090564414,3.2401928555774617,4.265,-0.17900000000000027,2.41,1.8831863513063984,2.978479666148437
ND,2019Q2,371.66,2.4788375106846505,1.3719553773559268,2.1,-0.19999999999999973,-31.311615717204177,3.5135202068982574,3.8025,-0.7675000000000001,2.38,1.671194894390049,1.4367970725932322
ND,2019Q3,374.48,3.2934296905169136,0.7587580046278797,2.1,-0.19999999999999973,-12.734250556250737,3.5135202068982574,3.605,-1.0225000000000004,2.04,1.6844977040391562,2.128284554582338
ND,2019Q4,375.99,3.2315633408379396,0.40322580645160144,2.0,-0.2999999999999998,-25.42035285059073,3.5135202068982574,3.72,-0.9175,1.55,2.3195274699624457,3.0160376605760764
ND,2020Q1,377.55,2.978479666148437,0.4149046517194721,2.5,0.20000000000000018,43.380661202332234,3.5135202068982574,3.45,-0.8149999999999995,0.65,1.4940399642909163,2.7095748907429273
ND,2020Q2,377.0,1.4367970725932322,-0.1456760693947845,6.5,4.4,38.78835479356384,1.5245298753853609,3.1625,-0.6400000000000001,0.08,0.7166562831830481,5.668435013262596
ND,2020Q3,382.45,2.128284554582338,1.445623342175062,5.3,3.1999999999999997,8.59617561978916,1.5245298753853609,2.89,-0.7149999999999999,0.09,1.3910228912373812,8.123937769643085
ND,2020Q4,387.33,3.0160376605760764,1.2759837887305503,4.4,2.4000000000000004,104.04799898153554,1.5245298753853609,2.684,-1.036,0.09,1.3204191315779434,8.84258900679007
ND,2021Q1,387.78,2.7095748907429273,0.11618000154907104,3.7,1.2000000000000002,115.12525731305745,1.5245298753853609,3.0825,-0.36750000000000016,0.07,2.623645747764214,10.126876063747492
ND,2021Q2,398.37,5.668435013262596,2.7309299087111327,3.1,-3.4,-1.7127513111317105,-4.722724862603833,2.975,-0.1875,0.08,5.317418943207719,12.777066546175654
ND,2021Q3,413.52,8.123937769643085,3.802997213645609,2.6,-2.6999999999999997,-24.60889060883087,-4.722724862603833,2.9,0.009999999999999787,0.08,5.363523425270289,10.212323466821438
ND,2021Q4,421.58,8.84258900679007,1.9491197523698878,2.3,-2.1000000000000005,0.7523008147696908,-4.722724862603833,3.098,0.4139999999999997,0.08,7.159457345112474,8.586745101760052
ND,2022Q1,427.05,10.126876063747492,1.297499881398556,2.1,-1.6,-61.701788395758804,-4.722724862603833,4.172,1.0894999999999997,0.2,8.540780148538584,6.978105608242591
ND,2022Q2,449.27,12.777066546175654,5.2031378058775335,2.0,-1.1,14.237823690873054,1.3223727448112177,5.522,2.547,1.21,8.999298141923106,4.643087675562585
ND,2022Q3,455.75,10.212323466821438,1.4423397956685235,2.1,-0.5,16.818247140070277,1.3223727448112177,6.112,3.212,2.56,8.205751582451759,4.346681294569388
ND,2022Q4,457.78,8.586745101760052,0.44541963795941,2.1,-0.19999999999999973,-9.976536285988546,1.3223727448112177,6.364,3.266,4.1,6.410831677385809,3.6174581676788
ND,2023Q1,456.85,6.978105608242591,-0.20315435361962786,2.0,-0.10000000000000009,169.17062454381545,1.3223727448112177,6.544,2.372,4.65,4.931348641757127,4.386560140089735
ND,2023Q2,470.13,4.643087675562585,2.90686220860239,1.9,-0.10000000000000009,-38.179988311983735,-0.5583134122504663,6.714,1.1920000000000002,5.08,3.0592533347792994,4.060578988790331
ND,2023Q3,475.56,4.346681294569388,1.154999680939306,2.0,-0.10000000000000009,-0.8791004687400128,-0.5583134122504663,7.2,1.088,5.33,3.6950823322234427,4.499957944318278
ND,2023Q4,474.34,3.6174581676788,-0.2565396585078705,2.2,0.10000000000000009,-67.31660079253632,-0.5583134122504663,6.815,0.4510000000000005,5.33,3.322200208829762,4.593751317620276
ND,2024Q1,476.89,4.386560140089735,0.5375890711304177,2.3,0.2999999999999998,-74.30762010596138,-0.5583134122504663,6.82,0.2760000000000007,5.33,3.4690014354717524,5.540061649436989
ND,2024Q2,489.22,4.060578988790331,2.5855018977122723,2.5,0.6000000000000001,25.21343281952504,8.913733033380034,6.9175,0.20350000000000001,5.33,2.9700853998204435,5.433138465312104
ND,2024Q3,496.96,4.499957944318278,1.5821102980254187,2.5,0.5,-38.51712393192517,8.913733033380034,6.18,-1.0200000000000005,5.13,2.432541464144644,5.583950418544759
ND,2024Q4,496.13,4.593751317620276,-0.16701545396007322,2.5,0.2999999999999998,70.60255962033142,8.913733033380034,6.715,-0.10000000000000053,4.48,2.872366268806581,5.230483945740039
ND,2025Q1,503.31,5.540061649436989,1.4472013383588944,2.6,0.30000000000000027,33.02730647480365,8.913733033380034,6.65,-0.16999999999999993,4.33,2.4055852640280317,4.0094573920645304
ND,2025Q2,515.8,5.433138465312104,2.481571993403664,2.5,0.0,-13.95601131099241,2.0151429532783816,6.8175,-0.10000000000000053,4.33,2.6726833178446263,4.674292361380372
ND,2025Q3,524.71,5.583950418544759,1.727413726250493,2.5,0.0,32.44274820224922,2.0151429532783816,6.3525,0.17250000000000032,4.22,2.9392196249335534,
NE,2014Q2,266.21,3.434743754128289,2.1644855509076244,3.3,-0.5,-14.248368967944913,1.546136573118062,4.1625,0.09249999999999936,0.1,2.0589816945944195,3.981818864805997
NE,2014Q3,268.57,3.819243109513315,0.8865181623530338,3.1,-0.5,-4.489095197941806,1.546136573118062,4.1625,-0.32750000000000057,0.09,1.6840509711232077,4.792046766206215
NE,2014Q4,270.4,3.916067791399258,0.6813866031202265,2.9,-0.6000000000000001,21.184605584479364,1.546136573118062,3.864,-0.5934999999999997,0.12,0.6531213919623191,4.471153846153864
NE,2015Q1,272.19,4.45945427332386,0.6619822485207205,2.9,-0.6000000000000001,-17.580803174682057,1.546136573118062,3.77,-0.5725000000000002,0.11,-0.022031284423873476,3.703295492119474
NE,2015Q2,276.81,3.981818864805997,1.6973437672214375,3.0,-0.2999999999999998,-8.579602343418202,3.8333773260000203,3.9825,-0.17999999999999972,0.13,0.1795718097550525,4.074997290560312
NE,2015Q3,281.44,4.792046766206215,1.6726274339799785,3.0,-0.10000000000000009,3.240886106291807,3.8333773260000203,3.89,-0.2724999999999995,0.14,0.008842961634170088,4.292211483797614
NE,2015Q4,282.49,4.471153846153864,0.3730812961910246,3.0,0.10000000000000009,8.331217664536883,3.8333773260000203,3.964,0.10000000000000009,0.24,0.6387247515364791,4.173599065453626
NE,2016Q1,282.27,3.703295492119474,-0.07787886296860558,3.0,0.10000000000000009,33.19665324207377,3.8333773260000203,3.694,-0.07600000000000007,0.36,0.8916160965521946,5.523080738300212
NE,2016Q2,288.09,4.074997290560312,2.0618556701030855,3.1,0.10000000000000009,28.836652285778452,3.449057040999759,3.568,-0.41449999999999987,0.38,1.0792865347959424,6.334825922454779
NE,2016Q3,293.52,4.292211483797614,1.8848276580235357,3.2,0.20000000000000018,5.875800729224179,3.449057040999759,3.46,-0.43000000000000016,0.4,1.5486446201652182,5.526028890705925
NE,2016Q4,294.28,4.173599065453626,0.25892613791222985,3.1,0.10000000000000009,-9.166691206097234,3.449057040999759,4.198,0.23400000000000043,0.54,2.0507989115119862,5.834579312219668
NE,2017Q1,297.86,5.523080738300212,1.216528476281109,2.9,-0.10000000000000009,15.313817507554873,3.449057040999759,4.196,0.5019999999999998,0.79,2.44119623655914,5.710736587658638
NE,2017Q2,306.34,6.334825922454779,2.8469750889679624,2.9,-0.20000000000000018,-5.660594047652589,1.3894089641660834,3.904,0.33599999999999985,1.04,1.640565809959127,4.948749755174009
NE,2017Q3,309.74,5.526028890705925,1.1098779134295356,3.0,-0.20000000000000018,19.028883992962786,1.3894089641660834,3.805,0.3450000000000002,1.15,2.1805652303711787,5.430360947891777
NE,2017Q4,311.45,5.834579312219668,0.552075934654872,3.0,-0.10000000000000009,8.07922199175719,1.3894089641660834,3.95,-0.24800000000000022,1.3,2.129930719552253,4.973510996949759
NE,2018Q1,314.87,5.710736587658638,1.0980895809921343,2.9,0.0,-18.521980668467464,1.3894089641660834,4.444,0.24800000000000022,1.51,2.3309497646499366,5.252961539683043
NE,2018Q2,321.5,4.948749755174009,2.1056308952901226,2.8,-0.10000000000000009,15.65265423760518,1.5801739609292653,4.57,0.6660000000000004,1.82,2.8075506935940187,5.284603421461909
NE,2018Q3,326.56,5.430360947891777,1.5738724727838216,2.9,-0.10000000000000009,-19.99110448088467,1.5801739609292653,4.6275,0.8225000000000002,1.95,2.332055105808828,4.660705536501708
NE,2018Q4,326.94,4.973510996949759,0.1163645271925473,3.1,0.10000000000000009,-12.127600020754203,1.5801739609292653,4.6375,0.6875,2.27,2.0023809043401064,5.1569095246834395
NE,2019Q1,331.41,5.252961539683043,1.367223343732804,3.1,0.20000000000000018,3.1556691303495477,1.5801739609292653,4.265,-0.17900000000000027,2.41,1.8831863513063984,5.011918771310442
NE,2019Q2,338.49,5.284603421461909,2.1363266045079987,3.1,0.30000000000000027,-9.756518506636635,1.8856532102363266,3.8025,-0.7675000000000001,2.38,1.671194894390049,3.6131052616030113
NE,2019Q3,341.78,4.660705536501708,0.9719637212325161,3.2,0.30000000000000027,1.2159577020275147,1.8856532102363266,3.605,-1.0225000000000004,2.04,1.6844977040391562,4.031833343086211
NE,2019Q4,343.8,5.1569095246834395,0.5910234653871083,3.1,0.0,-10.60992392394111,1.8856532102363266,3.72,-0.9175,1.55,2.3195274699624457,5.453752181500882
NE,2020Q1,348.02,5.011918771310442,1.227457824316458,4.4,1.3000000000000003,5.980833770885674,1.8856532102363266,3.45,-0.8149999999999995,0.65,1.4940399642909163,6.014022182633183
NE,2020Q2,350.72,3.6131052616030113,0.7758174817539265,5.3,2.1999999999999997,-6.84980262937075,1.6133862871325677,3.1625,-0.6400000000000001,0.08,0.7166562831830481,11.407960766423365
NE,2020Q3,355.56,4.031833343086211,1.3800182481751744,3.4,0.19999999999999973,10.18509536766734,1.6133862871325677,2.89,-0.7149999999999999,0.09,1.3910228912373812,15.201372482843967
NE,2020Q4,362.55,5.453752181500882,1.9659129260884312,3.0,-0.10000000000000009,67.9700457028458,1.6133862871325677,2.684,-1.036,0.09,1.3204191315779434,15.526134326299811
NE,2021Q1,368.95,6.014022182633183,1.7652737553440767,2.9,-1.5000000000000004,3.3730738451490883,1.6133862871325677,3.0825,-0.36750000000000016,0.07,2.623645747764214,16.170212765957448
NE,2021Q2,390.73,11.407960766423365,5.903238921263054,2.7,-2.5999999999999996,28.71019108644837,-0.6723425537101924,2.975,-0.1875,0.08,5.317418943207719,17.72579530622169
NE,2021Q3,409.61,15.201372482843967,4.8319811634632615,2.4,-1.0,12.22814919839761,-0.6723425537101924,2.9,0.009999999999999787,0.08,5.363523425270289,13.652010448963647
NE,2021Q4,418.84,15.526134326299811,2.2533629550059775,2.1,-0.8999999999999999,-10.536995401103354,-0.6723425537101924,3.098,0.4139999999999997,0.08,7.159457345112474,10.41686562887978
NE,2022Q1,428.61,16.170212765957448,2.3326329863432527,2.0,-0.8999999999999999,29.065570475780156,-0.6723425537101924,4.172,1.0894999999999997,0.2,8.540780148538584,10.480390098224479
NE,2022Q2,459.99,17.72579530622169,7.321341079302868,2.1,-0.6000000000000001,21.89939855706924,6.67281187456199,5.522,2.547,1.21,8.999298141923106,6.413182895280323
NE,2022Q3,465.53,13.652010448963647,1.2043740081306042,2.3,-0.10000000000000009,-8.521698003878452,6.67281187456199,6.112,3.212,2.56,8.205751582451759,6.571005090971593
NE,2022Q4,462.47,10.41686562887978,-0.6573153180246094,2.2,0.10000000000000009,-9.199346826018683,6.67281187456199,6.364,3.266,4.1,6.410831677385809,6.214457153977548
NE,2023Q1,473.53,10.480390098224479,2.3915064760957394,2.1,0.10000000000000009,-28.14834610088477,6.67281187456199,6.544,2.372,4.65,4.931348641757127,6.037632251388514
NE,2023Q2,489.49,6.413182895280323,3.370430595738405,2.2,0.10000000000000009,-32.387104864195926,3.4858515133938672,6.714,1.1920000000000002,5.08,3.0592533347792994,5.483258084945564
NE,2023Q3,496.12,6.571005090971593,1.354470979999589,2.5,0.20000000000000018,0.582542451673973,3.4858515133938672,7.2,1.088,5.33,3.6950823322234427,4.150205595420475
NE,2023Q4,491.21,6.214457153977548,-0.9896799161493219,2.6,0.3999999999999999,6.883694689072017,3.4858515133938672,6.815,0.4510000000000005,5.33,3.322200208829762,6.231550660613605
NE,2024Q1,502.12,6.037632251388514,2.2210459884774325,2.6,0.5,29.79227237698112,3.4858515133938672,6.82,0.2760000000000007,5.33,3.4690014354717524,4.154385405879069
NE,2024Q2,516.33,5.483258084945564,2.830000796622323,2.8,0.5999999999999996,13.34635096375527,5.196238725004121,6.9175,0.20350000000000001,5.33,2.9700853998204435,3.5035732961477883
NE,2024Q3,516.71,4.150205595420475,0.0735963434237874,2.9,0.3999999999999999,38.96626998189956,5.196238725004121,6.18,-1.0200000000000005,5.13,2.432541464144644,4.309961100036763
NE,2024Q4,521.82,6.231550660613605,0.9889493139285221,2.9,0.2999999999999998,-0.11804315090768736,5.196238725004121,6.715,-0.10000000000000053,4.48,2.872366268806581,3.7330880380207487
NE,2025Q1,522.98,4.154385405879069,0.2222988770073986,2.9,0.2999999999999998,13.646553791779837,5.196238725004121,6.65,-0.16999999999999993,4.33,2.4055852640280317,4.28888294007419
NE,2025Q2,534.42,3.5035732961477883,2.1874641477685364,3.0,0.20000000000000018,12.665905505208762,0.6498965316878103,6.8175,-0.10000000000000053,4.33,2.6726833178446263,3.195988174095299
NE,2025Q3,538.98,4.309961100036763,0.8532614797350568,3.0,0.10000000000000009,14.555352111466814,0.6498965316878103,6.3525,0.17250000000000032,4.22,2.9392196249335534,
NH,2014Q2,385.87,2.9014107042854453,0.6652405301053932,4.3,-0.9000000000000004,6.345220799984452,1.9175841085919965,4.1625,0.09249999999999936,0.1,2.0589816945944195,4.51706533288414
NH,2014Q3,391.86,3.2786885245901676,1.5523362790577089,4.1,-1.0,66.49276128838488,1.9175841085919965,4.1625,-0.32750000000000057,0.09,1.6840509711232077,4.167304649619763
NH,2014Q4,393.69,3.788358114520718,0.46700352166588743,3.9,-1.0000000000000004,21.14475503917601,1.9175841085919965,3.864,-0.5934999999999997,0.12,0.6531213919623191,3.815184536056293
NH,2015Q1,397.01,3.571428571428581,0.8433031065051111,3.7,-0.8999999999999995,14.31932945344161,1.9175841085919965,3.77,-0.5725000000000002,0.11,-0.022031284423873476,3.755572907483451
NH,2015Q2,403.3,4.51706533288414,1.5843429636533068,3.4,-0.8999999999999999,-0.08068992502435757,1.7652185199606985,3.9825,-0.17999999999999972,0.13,0.1795718097550525,3.54326803868088
NH,2015Q3,408.19,4.167304649619763,1.2124969005702813,3.2,-0.8999999999999995,-21.850565183764438,1.7652185199606985,3.89,-0.2724999999999995,0.14,0.008842961634170088,4.059384110340769
NH,2015Q4,408.71,3.815184536056293,0.12739165584654266,3.0,-0.8999999999999999,4.6820879910147495,1.7652185199606985,3.964,0.10000000000000009,0.24,0.6387247515364791,4.553350786621335
NH,2016Q1,411.92,3.755572907483451,0.7853979594333538,2.8,-0.9000000000000004,11.11953299904016,1.7652185199606985,3.694,-0.07600000000000007,0.36,0.8916160965521946,4.3260827345115604
NH,2016Q2,417.59,3.54326803868088,1.37648087007185,2.9,-0.5,17.93269610018151,3.2316798592330276,3.568,-0.41449999999999987,0.38,1.0792865347959424,5.270720084293212
NH,2016Q3,424.76,4.059384110340769,1.7169951387724813,2.9,-0.30000000000000027,-9.776745960811905,3.2316798592330276,3.46,-0.43000000000000016,0.4,1.5486446201652182,5.36302853376025
NH,2016Q4,427.32,4.553350786621335,0.6026932856201261,2.9,-0.10000000000000009,64.97557296367135,3.2316798592330276,4.198,0.23400000000000043,0.54,2.0507989115119862,5.534494055976791
NH,2017Q1,429.74,4.3260827345115604,0.5663203220069413,2.9,0.10000000000000009,17.91031128209113,3.2316798592330276,4.196,0.5019999999999998,0.79,2.44119623655914,6.485316703122823
NH,2017Q2,439.6,5.270720084293212,2.294410573835348,2.7,-0.19999999999999973,-17.015621565621363,1.786198314912002,3.904,0.33599999999999985,1.04,1.640565809959127,6.15787079162875
NH,2017Q3,447.54,5.36302853376025,1.806187443130125,2.8,-0.10000000000000009,16.549069221771127,1.786198314912002,3.805,0.3450000000000002,1.15,2.1805652303711787,5.773785583411528
NH,2017Q4,450.97,5.534494055976791,0.7664119408321124,2.8,-0.10000000000000009,-45.81803340187338,1.786198314912002,3.95,-0.24800000000000022,1.3,2.129930719552253,5.392819921502534
NH,2018Q1,457.61,6.485316703122823,1.4723817548839113,2.7,-0.19999999999999973,33.15987925358539,1.786198314912002,4.444,0.24800000000000022,1.51,2.3309497646499366,4.969296999628514
NH,2018Q2,466.67,6.15787079162875,1.9798518389021247,2.6,-0.10000000000000009,22.934606230540066,0.5493205641590393,4.57,0.6660000000000004,1.82,2.8075506935940187,4.896393597188586
NH,2018Q3,473.38,5.773785583411528,1.4378468725223303,2.5,-0.2999999999999998,-12.498093630667507,0.5493205641590393,4.6275,0.8225000000000002,1.95,2.332055105808828,4.9262748743081675
NH,2018Q4,475.29,5.392819921502534,0.40348134690946225,2.6,-0.19999999999999973,33.49346388942636,0.5493205641590393,4.6375,0.6875,2.27,2.0023809043401064,5.676534326411242
NH,2019Q1,480.35,4.969296999628514,1.064613183530061,2.6,-0.10000000000000009,-20.544550906014337,0.5493205641590393,4.265,-0.17900000000000027,2.41,1.8831863513063984,5.997710003122725
NH,2019Q2,489.52,4.896393597188586,1.9090246695118163,2.5,-0.10000000000000009,-17.215110803697854,1.3425786774017068,3.8025,-0.7675000000000001,2.38,1.671194894390049,5.533992482431782
NH,2019Q3,496.7,4.9262748743081675,1.4667429318516056,2.6,0.10000000000000009,45.51604576262209,1.3425786774017068,3.605,-1.0225000000000004,2.04,1.6844977040391562,6.468693376283485
NH,2019Q4,502.27,5.676534326411242,1.1214012482383628,2.5,-0.10000000000000009,-9.901255283219879,1.3425786774017068,3.72,-0.9175,1.55,2.3195274699624457,8.326199056284489
NH,2020Q1,509.16,5.997710003122725,1.3717721544189487,2.6,0.0,1.2467046669598414,1.3425786774017068,3.45,-0.8149999999999995,0.65,1.4940399642909163,10.075418336082965
NH,2020Q2,516.61,5.533992482431782,1.46319428077617,9.6,7.1,-1.0186822092563497,2.6360923550039717,3.1625,-0.6400000000000001,0.08,0.7166562831830481,15.024873695824702
NH,2020Q3,528.83,6.468693376283485,2.3654207235632274,6.1,3.4999999999999996,-16.235363980763097,2.6360923550039717,2.89,-0.7149999999999999,0.09,1.3910228912373812,19.08174649698391
NH,2020Q4,544.09,8.326199056284489,2.8856154151617686,4.6,2.0999999999999996,50.631972182292316,2.6360923550039717,2.684,-1.036,0.09,1.3204191315779434,19.28357440864561
NH,2021Q1,560.46,10.075418336082965,3.0086934146924316,4.0,1.4,10.440600794519362,2.6360923550039717,3.0825,-0.36750000000000016,0.07,2.623645747764214,19.202084002426577
NH,2021Q2,594.23,15.024873695824702,6.025407700817187,3.7,-5.8999999999999995,71.90394752181915,-0.8945003564737375,2.975,-0.1875,0.08,5.317418943207719,20.269929152011844
NH,2021Q3,629.74,19.08174649698391,5.9758006159231325,3.1,-2.9999999999999996,8.727404734930989,-0.8945003564737375,2.9,0.009999999999999787,0.08,5.363523425270289,15.789055800806672
NH,2021Q4,649.01,19.28357440864561,3.0599930129894926,2.5,-2.0999999999999996,-25.977436462031424,-0.8945003564737375,3.098,0.4139999999999997,0.08,7.159457345112474,11.989029444846766
NH,2022Q1,668.08,19.202084002426577,2.938321443429226,2.3,-1.7000000000000002,-0.6247136591429059,-0.8945003564737375,4.172,1.0894999999999997,0.2,8.540780148538584,10.652915818464859
NH,2022Q2,714.68,20.269929152011844,6.97521254939526,2.4,-1.3000000000000003,-20.668032800200432,7.903406789200673,5.522,2.547,1.21,8.999298141923106,7.9546090558012095
NH,2022Q3,729.17,15.789055800806672,2.0274808305815295,2.5,-0.6000000000000001,5.01502851130573,7.903406789200673,6.112,3.212,2.56,8.205751582451759,8.478132671393501
NH,2022Q4,726.82,11.989029444846766,-0.3222842409863147,2.5,0.0,13.580789032152918,7.903406789200673,6.364,3.266,4.1,6.410831677385809,8.729809306293168
NH,2023Q1,739.25,10.652915818464859,1.7101895930216493,2.2,-0.09999999999999964,-12.085636922422193,7.903406789200673,6.544,2.372,4.65,4.931348641757127,9.183632059519775
NH,2023Q2,771.53,7.9546090558012095,4.366587757862694,2.2,-0.19999999999999973,19.508704698563363,1.5564245426466394,6.714,1.1920000000000002,5.08,3.0592533347792994,8.580353323914824
NH,2023Q3,790.99,8.478132671393501,2.5222609619846237,2.3,-0.20000000000000018,-13.66239338492663,1.5564245426466394,7.2,1.088,5.33,3.6950823322234427,7.202366654445691
NH,2023Q4,790.27,8.729809306293168,-0.09102517098825702,2.3,-0.20000000000000018,0.17639000030011953,1.5564245426466394,6.815,0.4510000000000005,5.33,3.322200208829762,7.489845242765147
NH,2024Q1,807.14,9.183632059519775,2.1347134523643785,2.4,0.19999999999999973,28.830180260222416,1.5564245426466394,6.82,0.2760000000000007,5.33,3.4690014354717524,6.4648016453155766
NH,2024Q2,837.73,8.580353323914824,3.7899249200882057,2.5,0.2999999999999998,-10.80994958539867,2.119580685720379,6.9175,0.20350000000000001,5.33,2.9700853998204435,5.671278335501895
NH,2024Q3,847.96,7.202366654445691,1.221157174746046,2.7,0.40000000000000036,47.69344333885171,2.119580685720379,6.18,-1.0200000000000005,5.13,2.432541464144644,5.251426954101612
NH,2024Q4,849.46,7.489845242765147,0.1768951365630489,2.8,0.5,7.02644133065522,2.119580685720379,6.715,-0.10000000000000053,4.48,2.872366268806581,5.516445742000808
NH,2025Q1,859.32,6.4648016453155766,1.1607374096484824,3.1,0.7000000000000002,-19.48758896169226,2.119580685720379,6.65,-0.16999999999999993,4.33,2.4055852640280317,5.235535074244746
NH,2025Q2,885.24,5.671278335501895,3.016338500209459,3.1,0.6000000000000001,-7.916056068576416,1.367066115084703,6.8175,-0.10000000000000053,4.33,2.6726833178446263,3.9458226017803133
NH,2025Q3,892.49,5.251426954101612,0.8189869413944173,3.0,0.3999999999999999,-22.40311154417046,1.367066115084703,6.3525,0.17250000000000032,4.22,2.9392196249335534,
NJ,2014Q2,461.75,1.9360678175636803,1.119043447792567,6.6,-2.0,5.6246834157629655,1.8231065698856463,4.1625,0.09249999999999936,0.1,2.0589816945944195,2.992961559285323
NJ,2014Q3,466.03,2.7810859688588874,0.9269085002707067,6.5,-1.5,15.073438985246867,1.8231065698856463,4.1625,-0.32750000000000057,0.09,1.6840509711232077,2.268094328691306
NJ,2014Q4,468.04,2.990427989877875,0.4313027058344021,6.4,-1.0,-8.537395725150098,1.8231065698856463,3.864,-0.5934999999999997,0.12,0.6531213919623191,1.9528245449106807
NJ,2015Q1,472.01,3.365889978976866,0.8482181010170065,6.2,-0.7000000000000002,-10.10564790131273,1.8231065698856463,3.77,-0.5725000000000002,0.11,-0.022031284423873476,1.6821677506832389
NJ,2015Q2,475.57,2.992961559285323,0.7542213088705729,5.8,-0.7999999999999998,90.44757543469306,-0.044837362974570194,3.9825,-0.17999999999999972,0.13,0.1795718097550525,2.149000147191793
NJ,2015Q3,476.6,2.268094328691306,0.21658220661522343,5.3,-1.2000000000000002,-9.79783213795632,-0.044837362974570194,3.89,-0.2724999999999995,0.14,0.008842961634170088,2.9332773814519486
NJ,2015Q4,477.18,1.9528245449106807,0.12169534200587862,5.0,-1.4000000000000004,49.25892348032899,-0.044837362974570194,3.964,0.10000000000000009,0.24,0.6387247515364791,3.1455635190074993
NJ,2016Q1,479.95,1.6821677506832389,0.5804937340206928,5.0,-1.2000000000000002,22.75418732990189,-0.044837362974570194,3.694,-0.07600000000000007,0.36,0.8916160965521946,1.4772372122096034
NJ,2016Q2,485.79,2.149000147191793,1.2167934159808436,5.0,-0.7999999999999998,-48.82868301361781,1.8781439658634547,3.568,-0.41449999999999987,0.38,1.0792865347959424,1.889705428271471
NJ,2016Q3,490.58,2.9332773814519486,0.9860227670392518,4.9,-0.39999999999999947,-10.874270172076017,1.8781439658634547,3.46,-0.43000000000000016,0.4,1.5486446201652182,2.242243874597416
NJ,2016Q4,492.19,3.1455635190074993,0.3281829671001768,4.7,-0.2999999999999998,-26.337843056159606,1.8781439658634547,4.198,0.23400000000000043,0.54,2.0507989115119862,2.1495763831040904
NJ,2017Q1,487.04,1.4772372122096034,-1.0463438915865764,4.4,-0.5999999999999996,-4.951609995964191,1.8781439658634547,4.196,0.5019999999999998,0.79,2.44119623655914,3.835413929040743
NJ,2017Q2,494.97,1.889705428271471,1.6282030223390365,4.5,-0.5,6.13983228479531,0.9691530093225875,3.904,0.33599999999999985,1.04,1.640565809959127,3.0910964300866706
NJ,2017Q3,501.58,2.242243874597416,1.335434470775998,4.6,-0.3000000000000007,15.153157580843036,0.9691530093225875,3.805,0.3450000000000002,1.15,2.1805652303711787,2.462219386737896
NJ,2017Q4,502.77,2.1495763831040904,0.23725028908647694,4.5,-0.20000000000000018,32.10996947142269,0.9691530093225875,3.95,-0.24800000000000022,1.3,2.129930719552253,2.3131849553473804
NJ,2018Q1,505.72,3.835413929040743,0.5867494082781421,4.3,-0.10000000000000053,6.556016075873128,0.9691530093225875,4.444,0.24800000000000022,1.51,2.3309497646499366,2.5251127105908378
NJ,2018Q2,510.27,3.0910964300866706,0.8997073479395601,4.1,-0.40000000000000036,2.258961283610872,0.5173326892084162,4.57,0.6660000000000004,1.82,2.8075506935940187,3.176749563956349
NJ,2018Q3,513.93,2.462219386737896,0.7172673290610776,3.8,-0.7999999999999998,-11.225138905795774,0.5173326892084162,4.6275,0.8225000000000002,1.95,2.332055105808828,3.9752495476037764
NJ,2018Q4,514.4,2.3131849553473804,0.09145214328800666,3.6,-0.8999999999999999,-23.92999332330683,0.5173326892084162,4.6375,0.6875,2.27,2.0023809043401064,4.589813374805596
NJ,2019Q1,518.49,2.5251127105908378,0.7951010886469767,3.3,-1.0,-11.181186649261686,0.5173326892084162,4.265,-0.17900000000000027,2.41,1.8831863513063984,4.700187081718066
NJ,2019Q2,526.48,3.176749563956349,1.5410133271615667,3.2,-0.8999999999999995,5.865928400959786,2.847971323536025,3.8025,-0.7675000000000001,2.38,1.671194894390049,4.0970217292204625
NJ,2019Q3,534.36,3.9752495476037764,1.49673301929798,3.6,-0.19999999999999973,64.02343515194964,2.847971323536025,3.605,-1.0225000000000004,2.04,1.6844977040391562,4.377198892132639
NJ,2019Q4,538.01,4.589813374805596,0.6830601092896238,3.9,0.2999999999999998,55.490852440116065,2.847971323536025,3.72,-0.9175,1.55,2.3195274699624457,5.854909760041638
NJ,2020Q1,542.86,4.700187081718066,0.9014702328953073,4.1,0.7999999999999998,22.347530911742574,2.847971323536025,3.45,-0.8149999999999995,0.65,1.4940399642909163,7.491802674722758
NJ,2020Q2,548.05,4.0970217292204625,0.9560475997494544,14.5,11.3,-9.523351645482848,1.9441343948727763,3.1625,-0.6400000000000001,0.08,0.7166562831830481,11.540917799470861
NJ,2020Q3,557.75,4.377198892132639,1.7699115044247815,7.4,3.8000000000000003,-15.517319296814714,1.9441343948727763,2.89,-0.7149999999999999,0.09,1.3910228912373812,14.949350067234413
NJ,2020Q4,569.51,5.854909760041638,2.10847153742717,7.3,3.4,-0.8075068636140381,1.9441343948727763,2.684,-1.036,0.09,1.3204191315779434,16.189355761970823
NJ,2021Q1,583.53,7.491802674722758,2.4617653772541326,7.2,3.1000000000000005,21.196802279158568,1.9441343948727763,3.0825,-0.36750000000000016,0.07,2.623645747764214,16.874882182578443
NJ,2021Q2,611.3,11.540917799470861,4.758966976847812,7.2,-7.3,59.35346066523542,-3.2665256161799605,2.975,-0.1875,0.08,5.317418943207719,18.820546376574534
NJ,2021Q3,641.13,14.949350067234413,4.879764436446932,6.3,-1.1000000000000005,-3.5684816291929655,-3.2665256161799605,2.9,0.009999999999999787,0.08,5.363523425270289,15.439926379985348
NJ,2021Q4,661.71,16.189355761970823,3.2099574189321967,5.5,-1.7999999999999998,11.337324175916997,-3.2665256161799605,3.098,0.4139999999999997,0.08,7.159457345112474,11.786129875625285
NJ,2022Q1,682.0,16.874882182578443,3.066297925072914,4.3,-2.9000000000000004,18.155301789076738,-3.2665256161799605,4.172,1.0894999999999997,0.2,8.540780148538584,9.34017595307919
NJ,2022Q2,726.35,18.820546376574534,6.502932551319662,3.6,-3.6,-4.7818633257147525,5.459986803263517,5.522,2.547,1.21,8.999298141923106,7.2568321057341345
NJ,2022Q3,740.12,15.439926379985348,1.8957802712191052,3.3,-3.0,2.5118991821897696,5.459986803263517,6.112,3.212,2.56,8.205751582451759,8.313516727017234
NJ,2022Q4,739.7,11.786129875625285,-0.056747554450620186,3.8,-1.7000000000000002,-27.054331132016408,5.459986803263517,6.364,3.266,4.1,6.410831677385809,10.01487089360551
NJ,2023Q1,745.7,9.34017595307919,0.8111396512099578,4.0,-0.2999999999999998,-22.664645725266475,5.459986803263517,6.544,2.372,4.65,4.931348641757127,11.202896607214697
NJ,2023Q2,779.06,7.2568321057341345,4.473648920477391,4.3,0.6999999999999997,-6.7422224042562595,2.7495637782153803,6.714,1.1920000000000002,5.08,3.0592533347792994,10.08138012476576
NJ,2023Q3,801.65,8.313516727017234,2.8996482940980117,4.5,1.2000000000000002,-5.127913441066989,2.7495637782153803,7.2,1.088,5.33,3.6950823322234427,8.804341046591402
NJ,2023Q4,813.78,10.01487089360551,1.5131291710846373,4.5,0.7000000000000002,-7.627910118497027,2.7495637782153803,6.815,0.4510000000000005,5.33,3.322200208829762,8.594460419277938
NJ,2024Q1,829.24,11.202896607214697,1.899776352331095,4.4,0.40000000000000036,30.793578336095308,2.7495637782153803,6.82,0.2760000000000007,5.33,3.4690014354717524,8.2605759490618
NJ,2024Q2,857.6,10.08138012476576,3.419999035261201,4.6,0.2999999999999998,1.1420421581767481,2.129134307994729,6.9175,0.20350000000000001,5.33,2.9700853998204435,6.998600746268657
NJ,2024Q3,872.23,8.804341046591402,1.705923507462681,4.6,0.09999999999999964,16.153044678418848,2.129134307994729,6.18,-1.0200000000000005,5.13,2.432541464144644,6.283893009871244
NJ,2024Q4,883.72,8.594460419277938,1.3173130940233646,4.6,0.09999999999999964,35.671218042015695,2.129134307994729,6.715,-0.10000000000000053,4.48,2.872366268806581,6.152401213053915
NJ,2025Q1,897.74,8.2605759490618,1.586475354184591,4.7,0.2999999999999998,-17.69475759332121,2.129134307994729,6.65,-0.16999999999999993,4.33,2.4055852640280317,5.447011384142408
NJ,2025Q2,917.62,6.998600746268657,2.2144496179294704,4.9,0.3000000000000007,-12.189429252289685,2.0499906314182414,6.8175,-0.10000000000000053,4.33,2.6726833178446263,5.446699069331529
NJ,2025Q3,927.04,6.283893009871244,1.02656873215492,5.0,0.40000000000000036,-18.25931156352768,2.0499906314182414,6.3525,0.17250000000000032,4.22,2.9392196249335534,
NM,2014Q2,286.01,0.7006548834589177,0.8000281948262522,6.6,-0.3000000000000007,-14.364751160174105,-0.7254105224189678,4.1625,0.09249999999999936,0.1,2.0589816945944195,1.860074822558655
NM,2014Q3,288.72,1.7910026794528466,0.9475193175063845,6.5,-0.2999999999999998,-17.26509515359389,-0.7254105224189678,4.1625,-0.32750000000000057,0.09,1.6840509711232077,1.9915489055139846
NM,2014Q4,289.14,1.4811175066685278,0.14546965918535992,6.4,-0.39999999999999947,1.1613909446192006,-0.7254105224189678,3.864,-0.5934999999999997,0.12,0.6531213919623191,1.5597980217195717
NM,2015Q1,290.27,2.301402692605903,0.39081413847963375,6.6,-0.10000000000000053,-25.128251684758062,-0.7254105224189678,3.77,-0.5725000000000002,0.11,-0.022031284423873476,1.760429944534403
NM,2015Q2,291.33,1.860074822558655,0.3651772487683891,6.7,0.10000000000000053,36.351444165463676,2.7935496759300404,3.9825,-0.17999999999999972,0.13,0.1795718097550525,3.0137644595475965
NM,2015Q3,294.47,1.9915489055139846,1.0778155356468755,6.6,0.09999999999999964,5.494479771144589,2.7935496759300404,3.89,-0.2724999999999995,0.14,0.008842961634170088,2.51298943865248
NM,2015Q4,293.65,1.5597980217195717,-0.2784663972561052,6.5,0.09999999999999964,-19.375543785178618,2.7935496759300404,3.964,0.10000000000000009,0.24,0.6387247515364791,4.301038651455813
NM,2016Q1,295.38,1.760429944534403,0.5891367273965775,6.5,-0.09999999999999964,38.222264798861104,2.7935496759300404,3.694,-0.07600000000000007,0.36,0.8916160965521946,3.2703635994312474
NM,2016Q2,300.11,3.0137644595475965,1.60132710406935,6.8,0.09999999999999964,-6.648718180175894,0.9531305501661924,3.568,-0.41449999999999987,0.38,1.0792865347959424,2.605711239212294
NM,2016Q3,301.87,2.51298943865248,0.5864516344007198,7.0,0.40000000000000036,2.738287037591447,0.9531305501661924,3.46,-0.43000000000000016,0.4,1.5486446201652182,3.7996488554675745
NM,2016Q4,306.28,4.301038651455813,1.4608937622155205,6.9,0.40000000000000036,34.12303353188009,0.9531305501661924,4.198,0.23400000000000043,0.54,2.0507989115119862,2.6283139610813633
NM,2017Q1,305.04,3.2703635994312474,-0.4048582995951233,6.6,0.09999999999999964,-19.894514906128247,0.9531305501661924,4.196,0.5019999999999998,0.79,2.44119623655914,3.504458431681079
NM,2017Q2,307.93,2.605711239212294,0.9474167322318428,6.2,-0.5999999999999996,10.064517300823471,-0.4923858790916724,3.904,0.33599999999999985,1.04,1.640565809959127,4.137303932711989
NM,2017Q3,313.34,3.7996488554675745,1.756892800311749,5.8,-1.2000000000000002,7.034562571315783,-0.4923858790916724,3.805,0.3450000000000002,1.15,2.1805652303711787,3.3382268462373244
NM,2017Q4,314.33,2.6283139610813633,0.3159507244526738,5.4,-1.5,-11.806171267218025,-0.4923858790916724,3.95,-0.24800000000000022,1.3,2.129930719552253,3.7540164794960695
NM,2018Q1,315.73,3.504458431681079,0.44539178570293103,4.9,-1.6999999999999993,44.38799371715467,-0.4923858790916724,4.444,0.24800000000000022,1.51,2.3309497646499366,3.9939188547176263
NM,2018Q2,320.67,4.137303932711989,1.5646280049409267,4.7,-1.5,-6.566240810631174,0.1790560329308466,4.57,0.6660000000000004,1.82,2.8075506935940187,4.786852527520491
NM,2018Q3,323.8,3.3382268462373244,0.9760813297159165,4.9,-0.8999999999999995,-6.096680770555595,0.1790560329308466,4.6275,0.8225000000000002,1.95,2.332055105808828,5.512662137121671
NM,2018Q4,326.13,3.7540164794960695,0.7195799876466902,5.2,-0.20000000000000018,-0.9477572634443043,0.1790560329308466,4.6375,0.6875,2.27,2.0023809043401064,5.608193051850496
NM,2019Q1,328.34,3.9939188547176263,0.6776438843405952,5.0,0.09999999999999964,-18.366347324595488,0.1790560329308466,4.265,-0.17900000000000027,2.41,1.8831863513063984,6.47804105500398
NM,2019Q2,336.02,4.786852527520491,2.339038801242621,4.9,0.20000000000000018,3.154731631958607,3.075739646240039,3.8025,-0.7675000000000001,2.38,1.671194894390049,5.264567585262792
NM,2019Q3,341.65,5.512662137121671,1.6754955062198595,4.9,0.0,15.653088468056131,3.075739646240039,3.605,-1.0225000000000004,2.04,1.6844977040391562,5.578808722376705
NM,2019Q4,344.42,5.608193051850496,0.8107712571345127,5.0,-0.20000000000000018,25.540569944803604,3.075739646240039,3.72,-0.9175,1.55,2.3195274699624457,6.979850182916203
NM,2020Q1,349.61,6.47804105500398,1.5068811334997934,5.9,0.9000000000000004,-1.6501511436943894,3.075739646240039,3.45,-0.8149999999999995,0.65,1.4940399642909163,8.417951431595206
NM,2020Q2,353.71,5.264567585262792,1.172735333657493,9.0,4.1,-18.903872304085034,4.439355933261857,3.1625,-0.6400000000000001,0.08,0.7166562831830481,11.59707104690284
NM,2020Q3,360.71,5.578808722376705,1.9790223629527093,8.7,3.799999999999999,6.355435964752942,4.439355933261857,2.89,-0.7149999999999999,0.09,1.3910228912373812,15.522164619777667
NM,2020Q4,368.46,6.979850182916203,2.148540378697561,8.4,3.4000000000000004,-4.172696269089826,4.439355933261857,2.684,-1.036,0.09,1.3204191315779434,17.05476849590186
NM,2021Q1,379.04,8.417951431595206,2.871410736579283,8.0,2.0999999999999996,48.70862739395652,4.439355933261857,3.0825,-0.36750000000000016,0.07,2.623645747764214,17.44934571549177
NM,2021Q2,394.73,11.59707104690284,4.1394048121570215,7.4,-1.5999999999999996,80.4109155125871,-2.3302259667418057,2.975,-0.1875,0.08,5.317418943207719,18.686190560636383
NM,2021Q3,416.7,15.522164619777667,5.565829807716649,6.3,-2.3999999999999995,45.16072618414837,-2.3302259667418057,2.9,0.009999999999999787,0.08,5.363523425270289,14.84041276697865
NM,2021Q4,431.3,17.05476849590186,3.503719702423802,5.6,-2.8000000000000007,37.254618533480375,-2.3302259667418057,3.098,0.4139999999999997,0.08,7.159457345112474,12.021794574542067
NM,2022Q1,445.18,17.44934571549177,3.2181776025967945,4.7,-3.3,2.427686652146832,-2.3302259667418057,4.172,1.0894999999999997,0.2,8.540780148538584,8.706590592569285
NM,2022Q2,468.49,18.686190560636383,5.23608428051574,3.9,-3.5000000000000004,39.53461860286465,3.566385045508347,5.522,2.547,1.21,8.999298141923106,5.897671241648705
NM,2022Q3,478.54,14.84041276697865,2.1451898653119583,3.5,-2.8,-4.801271670457375,3.566385045508347,6.112,3.212,2.56,8.205751582451759,6.632674384586434
NM,2022Q4,483.15,12.021794574542067,0.9633468466585748,3.6,-1.9999999999999996,-15.982987202371978,3.566385045508347,6.364,3.266,4.1,6.410831677385809,5.017075442409191
NM,2023Q1,483.94,8.706590592569285,0.16351029700920616,3.6,-1.1,1.5194471383346952,3.566385045508347,6.544,2.372,4.65,4.931348641757127,6.186717361656413
NM,2023Q2,496.12,5.897671241648705,2.5168409306938866,3.6,-0.2999999999999998,-22.525598791105484,2.673518609013681,6.714,1.1920000000000002,5.08,3.0592533347792994,6.10940901394823
NM,2023Q3,510.28,6.632674384586434,2.854148189954042,3.7,0.20000000000000018,9.616545407595755,2.673518609013681,7.2,1.088,5.33,3.6950823322234427,4.399545347652278
NM,2023Q4,507.39,5.017075442409191,-0.5663557262679308,3.8,0.19999999999999973,78.49152341342808,2.673518609013681,6.815,0.4510000000000005,5.33,3.322200208829762,5.81209720333471
NM,2024Q1,513.88,6.186717361656413,1.279094976251005,3.9,0.2999999999999998,20.531038362656307,2.673518609013681,6.82,0.2760000000000007,5.33,3.4690014354717524,4.950572118004204
NM,2024Q2,526.43,6.10940901394823,2.442204405697823,4.2,0.6000000000000001,-0.6790790572649641,9.448359510539973,6.9175,0.20350000000000001,5.33,2.9700853998204435,4.779362878255444
NM,2024Q3,532.73,4.399545347652278,1.1967403073533278,4.3,0.5999999999999996,10.627630762525841,9.448359510539973,6.18,-1.0200000000000005,5.13,2.432541464144644,3.1460589792202454
NM,2024Q4,536.88,5.81209720333471,0.7790062508212348,4.3,0.5,-26.663381743376245,9.448359510539973,6.715,-0.10000000000000053,4.48,2.872366268806581,3.0509611086276145
NM,2025Q1,539.32,4.950572118004204,0.45447772314111123,4.3,0.3999999999999999,-12.836002624338395,9.448359510539973,6.65,-0.16999999999999993,4.33,2.4055852640280317,3.1224504932136687
NM,2025Q2,551.59,4.779362878255444,2.2750871467774214,4.2,0.0,1.8747070941468769,4.3708004264452205,6.8175,-0.10000000000000053,4.33,2.6726833178446263,2.083068946137523
NM,2025Q3,549.49,3.1460589792202454,-0.3807175619572556,4.1,-0.20000000000000018,-12.737003331383189,4.3708004264452205,6.3525,0.17250000000000032,4.22,2.9392196249335534,
NV,2014Q2,249.87,17.15035866660417,3.1540271642653828,8.2,-1.8000000000000007,-11.55595210810395,1.0932531204081997,4.1625,0.09249999999999936,0.1,2.0589816945944195,10.929683435386405
NV,2014Q3,259.33,14.474265030458188,3.7859687037259393,7.9,-1.6999999999999993,39.072852791393274,1.0932531204081997,4.1625,-0.32750000000000057,0.09,1.6840509711232077,10.102957621563258
NV,2014Q4,263.11,11.223368278660818,1.4576022828056923,7.5,-1.6999999999999993,51.522141045169015,1.0932531204081997,3.864,-0.5934999999999997,0.12,0.6531213919623191,11.010603929915241
NV,2015Q1,268.79,10.96478553440945,2.1587929003078488,7.3,-1.2999999999999998,23.391410922323285,1.0932531204081997,3.77,-0.5725000000000002,0.11,-0.022031284423873476,9.877599613080834
NV,2015Q2,277.18,10.929683435386405,3.1213958852635892,6.9,-1.299999999999999,18.935576623831206,0.5218288846781105,3.9825,-0.17999999999999972,0.13,0.1795718097550525,9.344108521538352
NV,2015Q3,285.53,10.102957621563258,3.012482863121435,6.6,-1.3000000000000007,-22.2330538376727,0.5218288846781105,3.89,-0.2724999999999995,0.14,0.008842961634170088,9.294995271950413
NV,2015Q4,292.08,11.010603929915241,2.2939796168528703,6.4,-1.0999999999999996,4.190307539222493,0.5218288846781105,3.964,0.10000000000000009,0.24,0.6387247515364791,8.014927417146001
NV,2016Q1,295.34,9.877599613080834,1.1161325664201582,6.1,-1.2000000000000002,39.222515461434156,0.5218288846781105,3.694,-0.07600000000000007,0.36,0.8916160965521946,8.522380984627898
NV,2016Q2,303.08,9.344108521538352,2.6207083361549532,5.9,-1.0,31.90531960164229,3.9588145097575023,3.568,-0.41449999999999987,0.38,1.0792865347959424,9.096608156262365
NV,2016Q3,312.07,9.294995271950413,2.966213540979279,5.6,-1.0,23.049210748331927,3.9588145097575023,3.46,-0.43000000000000016,0.4,1.5486446201652182,9.459416156631528
NV,2016Q4,315.49,8.014927417146001,1.0959079693658502,5.4,-1.0,15.143597689255927,3.9588145097575023,4.198,0.23400000000000043,0.54,2.0507989115119862,10.97340644711402
NV,2017Q1,320.51,8.522380984627898,1.5911756315572623,5.2,-0.8999999999999995,-17.862400976727677,3.9588145097575023,4.196,0.5019999999999998,0.79,2.44119623655914,12.748432186203251
NV,2017Q2,330.65,9.096608156262365,3.1637078406290042,5.0,-0.9000000000000004,9.37370316422339,3.277925589136199,3.904,0.33599999999999985,1.04,1.640565809959127,13.830334190231364
NV,2017Q3,341.59,9.459416156631528,3.308634507787689,4.9,-0.6999999999999993,18.75710693985169,3.277925589136199,3.805,0.3450000000000002,1.15,2.1805652303711787,13.516203635937817
NV,2017Q4,350.11,10.97340644711402,2.494218214818944,4.8,-0.6000000000000005,24.626852569622937,3.277925589136199,3.95,-0.24800000000000022,1.3,2.129930719552253,12.404672817114616
NV,2018Q1,361.37,12.748432186203251,3.2161320727771336,4.6,-0.6000000000000005,10.669551512743759,3.277925589136199,4.444,0.24800000000000022,1.51,2.3309497646499366,9.599579378476353
NV,2018Q2,376.38,13.830334190231364,4.153637546005484,4.3,-0.7000000000000002,-10.298900704687618,4.609845430409076,4.57,0.6660000000000004,1.82,2.8075506935940187,6.854774430097255
NV,2018Q3,387.76,13.516203635937817,3.0235400393219702,4.3,-0.6000000000000005,-17.64150152500916,4.609845430409076,4.6275,0.8225000000000002,1.95,2.332055105808828,4.6678357747060195
NV,2018Q4,393.54,12.404672817114616,1.4906127501547406,4.3,-0.5,-12.870961936352899,4.609845430409076,4.6375,0.6875,2.27,2.0023809043401064,3.7836052243736207
NV,2019Q1,396.06,9.599579378476353,0.6403415154749181,4.2,-0.39999999999999947,-17.007298230574964,4.609845430409076,4.265,-0.17900000000000027,2.41,1.8831863513063984,4.239256678281067
NV,2019Q2,402.18,6.854774430097255,1.5452204211483078,4.0,-0.2999999999999998,12.554763866444073,3.33298406670135,3.8025,-0.7675000000000001,2.38,1.671194894390049,3.941021433189107
NV,2019Q3,405.86,4.6678357747060195,0.915013178178925,4.0,-0.2999999999999998,24.577660812151937,3.33298406670135,3.605,-1.0225000000000004,2.04,1.6844977040391562,4.5335830089193285
NV,2019Q4,408.43,3.7836052243736207,0.6332232789631798,4.1,-0.20000000000000018,-9.29765772864678,3.33298406670135,3.72,-0.9175,1.55,2.3195274699624457,6.216487525402137
NV,2020Q1,412.85,4.239256678281067,1.0821927870136916,7.2,3.0,38.73554426784687,3.33298406670135,3.45,-0.8149999999999995,0.65,1.4940399642909163,8.826450284607002
NV,2020Q2,418.03,3.941021433189107,1.254692987767947,18.9,14.899999999999999,-30.18195612923471,4.382866308701749,3.1625,-0.6400000000000001,0.08,0.7166562831830481,14.465468985479513
NV,2020Q3,424.26,4.5335830089193285,1.4903236609812742,12.7,8.7,19.651194743385613,4.382866308701749,2.89,-0.7149999999999999,0.09,1.3910228912373812,21.491538207702842
NV,2020Q4,433.82,6.216487525402137,2.25333521896951,9.6,5.5,36.23279345362942,4.382866308701749,2.684,-1.036,0.09,1.3204191315779434,23.979991701627412
NV,2021Q1,449.29,8.826450284607002,3.5659951131805867,8.0,0.7999999999999998,22.58991501173524,4.382866308701749,3.0825,-0.36750000000000016,0.07,2.623645747764214,24.543168109684153
NV,2021Q2,478.5,14.465468985479513,6.5013688263704905,6.9,-11.999999999999998,58.85677442365604,-5.740451753312092,2.975,-0.1875,0.08,5.317418943207719,25.08881922675026
NV,2021Q3,515.44,21.491538207702842,7.719958202716826,5.8,-6.8999999999999995,2.836916581850879,-5.740451753312092,2.9,0.009999999999999787,0.08,5.363523425270289,16.118267887629976
NV,2021Q4,537.85,23.979991701627412,4.347741735216504,5.3,-4.3,4.129731387266022,-5.740451753312092,3.098,0.4139999999999997,0.08,7.159457345112474,7.810727898112857
NV,2022Q1,559.56,24.543168109684153,4.036441387003786,5.2,-2.8,3.9200456479379753,-5.740451753312092,4.172,1.0894999999999997,0.2,8.540780148538584,1.8264350561155274
NV,2022Q2,598.55,25.08881922675026,6.967974837372215,5.1,-1.8000000000000007,11.238999636363346,10.060883002420384,5.522,2.547,1.21,8.999298141923106,-3.6387937515662827
NV,2022Q3,598.52,16.118267887629976,-0.0050121126054625265,5.2,-0.5999999999999996,-26.767665618355984,10.060883002420384,6.112,3.212,2.56,8.205751582451759,-1.3884247811267736
NV,2022Q4,579.86,7.810727898112857,-3.1176903027467673,5.3,0.0,-42.721939486022954,10.060883002420384,6.364,3.266,4.1,6.410831677385809,1.3486013865415591
NV,2023Q1,569.78,1.8264350561155274,-1.7383506363605084,5.1,-0.10000000000000053,-37.18575765532748,10.060883002420384,6.544,2.372,4.65,4.931348641757127,5.881217311944953
NV,2023Q2,576.77,-3.6387937515662827,1.226789287093255,5.0,-0.09999999999999964,-20.189092773118876,6.486535029621887,6.714,1.1920000000000002,5.08,3.0592533347792994,6.5311996116302895
NV,2023Q3,590.21,-1.3884247811267736,2.330218284584862,5.2,0.0,6.189529458331533,6.486535029621887,7.2,1.088,5.33,3.6950823322234427,4.622083665136123
NV,2023Q4,587.68,1.3486013865415591,-0.428660985073126,5.3,0.0,47.86833509393742,6.486535029621887,6.815,0.4510000000000005,5.33,3.322200208829762,6.2908385515927145
NV,2024Q1,603.29,5.881217311944953,2.656207459842097,5.3,0.20000000000000018,16.717212140628092,6.486535029621887,6.82,0.2760000000000007,5.33,3.4690014354717524,3.9931044771171376
NV,2024Q2,614.44,6.5311996116302895,1.848199041920151,5.6,0.5999999999999996,5.09599241637988,3.4426441102950234,6.9175,0.20350000000000001,5.33,2.9700853998204435,2.896946813358503
NV,2024Q3,617.49,4.622083665136123,0.4963869539743371,5.7,0.5,1.520048273208885,3.4426441102950234,6.18,-1.0200000000000005,5.13,2.432541464144644,2.192748060697336
NV,2024Q4,624.65,6.2908385515927145,1.1595329479019867,5.8,0.5,-19.091717713927203,3.4426441102950234,6.715,-0.10000000000000053,4.48,2.872366268806581,1.757784359241188
NV,2025Q1,627.38,3.9931044771171376,0.4370447450572357,5.7,0.40000000000000036,4.145347957651024,3.4426441102950234,6.65,-0.16999999999999993,4.33,2.4055852640280317,2.0641397558098795
NV,2025Q2,632.24,2.896946813358503,0.7746501322962285,5.4,-0.1999999999999993,-12.454368842955033,3.0788144280184726,6.8175,-0.10000000000000053,4.33,2.6726833178446263,2.453182335821835
NV,2025Q3,631.03,2.192748060697336,-0.19138301910667233,5.3,-0.40000000000000036,-40.53205485091167,3.0788144280184726,6.3525,0.17250000000000032,4.22,2.9392196249335534,
NY,2014Q2,562.83,1.32317995247353,1.0013458950201892,6.3,-1.6000000000000005,8.410524815714492,0.3701111843965599,4.1625,0.09249999999999936,0.1,2.0589816945944195,3.7986603414885467
NY,2014Q3,570.91,2.3062862877213153,1.4356022244727429,6.0,-1.7000000000000002,9.178562584286265,0.3701111843965599,4.1625,-0.32750000000000057,0.09,1.6840509711232077,3.1738802963689583
NY,2014Q4,573.92,3.0414018456677017,0.5272284598272892,5.7,-1.3999999999999995,-16.2441965465274,0.3701111843965599,3.864,-0.5934999999999997,0.12,0.6531213919623191,2.7861025926958494
NY,2015Q1,579.46,3.9856437864513206,0.965291329802076,5.6,-1.1000000000000005,4.5290780947307985,0.3701111843965599,3.77,-0.5725000000000002,0.11,-0.022031284423873476,2.3332067787250166
NY,2015Q2,584.21,3.7986603414885467,0.8197287129396269,5.3,-1.0,360.5964397850129,2.2344851373468533,3.9825,-0.17999999999999972,0.13,0.1795718097550525,3.1136064086544124
NY,2015Q3,589.03,3.1738802963689583,0.825045788329537,4.9,-1.0999999999999996,-13.869796184314476,2.2344851373468533,3.89,-0.2724999999999995,0.14,0.008842961634170088,3.6670458210956935
NY,2015Q4,589.91,2.7861025926958494,0.14939816308168208,4.8,-0.9000000000000004,85.81324029379753,2.2344851373468533,3.964,0.10000000000000009,0.24,0.6387247515364791,4.402366462680751
NY,2016Q1,592.98,2.3332067787250166,0.52041836890373,4.8,-0.7999999999999998,-45.01552657097151,2.2344851373468533,3.694,-0.07600000000000007,0.36,0.8916160965521946,4.106377955411644
NY,2016Q2,602.4,3.1136064086544124,1.5885864616007161,4.9,-0.39999999999999947,-77.96383555481844,1.9838334052266982,3.568,-0.41449999999999987,0.38,1.0792865347959424,4.073705179282872
NY,2016Q3,610.63,3.6670458210956935,1.3662018592297542,5.0,0.09999999999999964,20.45101126416744,1.9838334052266982,3.46,-0.43000000000000016,0.4,1.5486446201652182,4.754106414686476
NY,2016Q4,615.88,4.402366462680751,0.8597677808165338,4.8,0.0,-43.03172226585146,1.9838334052266982,4.198,0.23400000000000043,0.54,2.0507989115119862,4.744430733259741
NY,2017Q1,617.33,4.106377955411644,0.23543547444309088,4.6,-0.20000000000000018,83.67596771161665,1.9838334052266982,4.196,0.5019999999999998,0.79,2.44119623655914,5.677676445337165
NY,2017Q2,626.94,4.073705179282872,1.5567038698913072,4.6,-0.3000000000000007,18.036224313541105,1.579514881259536,3.904,0.33599999999999985,1.04,1.640565809959127,5.262066545442923
NY,2017Q3,639.66,4.754106414686476,2.028902287300216,4.7,-0.2999999999999998,-4.217184652567562,1.579514881259536,3.805,0.3450000000000002,1.15,2.1805652303711787,4.836944626833017
NY,2017Q4,645.1,4.744430733259741,0.8504518025201024,4.6,-0.20000000000000018,10.830841917807476,1.579514881259536,3.95,-0.24800000000000022,1.3,2.129930719552253,3.9916292047744495
NY,2018Q1,652.38,5.677676445337165,1.1285072081847813,4.3,-0.2999999999999998,-11.088074439836127,1.579514881259536,4.444,0.24800000000000022,1.51,2.3309497646499366,3.6650418467764068
NY,2018Q2,659.93,5.262066545442923,1.1573009595634343,4.0,-0.5999999999999996,6.530240293104139,2.1522439973951313,4.57,0.6660000000000004,1.82,2.8075506935940187,4.186807691724881
NY,2018Q3,670.6,4.836944626833017,1.61683814950071,3.9,-0.8000000000000003,-8.922287964886543,2.1522439973951313,4.6275,0.8225000000000002,1.95,2.332055105808828,4.0187891440500945
NY,2018Q4,670.85,3.9916292047744495,0.03728004771845761,4.0,-0.5999999999999996,-5.248206330502015,2.1522439973951313,4.6375,0.6875,2.27,2.0023809043401064,5.07863158679287
NY,2019Q1,676.29,3.6650418467764068,0.8109115301483172,3.9,-0.3999999999999999,10.752872720377106,2.1522439973951313,4.265,-0.17900000000000027,2.41,1.8831863513063984,5.2063463898623485
NY,2019Q2,687.56,4.186807691724881,1.6664448683257227,3.8,-0.20000000000000018,-5.604866586804036,2.4856033112245823,3.8025,-0.7675000000000001,2.38,1.671194894390049,4.345802548141275
NY,2019Q3,697.55,4.0187891440500945,1.452964104950838,3.9,0.0,15.92062426564409,2.4856033112245823,3.605,-1.0225000000000004,2.04,1.6844977040391562,4.540176331445789
NY,2019Q4,704.92,5.07863158679287,1.0565550856569406,4.0,0.0,45.33066857230625,2.4856033112245823,3.72,-0.9175,1.55,2.3195274699624457,5.719797991261433
NY,2020Q1,711.5,5.2063463898623485,0.9334392555183646,4.2,0.30000000000000027,-10.255343509523529,2.4856033112245823,3.45,-0.8149999999999995,0.65,1.4940399642909163,7.219957835558688
NY,2020Q2,717.44,4.345802548141275,0.8348559381588183,13.6,9.8,-27.810429306575113,2.352739044051999,3.1625,-0.6400000000000001,0.08,0.7166562831830481,10.133251561106139
NY,2020Q3,729.22,4.540176331445789,1.6419491525423657,10.2,6.299999999999999,9.020024322788878,2.352739044051999,2.89,-0.7149999999999999,0.09,1.3910228912373812,13.79144839691724
NY,2020Q4,745.24,5.719797991261433,2.1968678862346103,8.7,4.699999999999999,-19.574149279077524,2.352739044051999,2.684,-1.036,0.09,1.3204191315779434,13.8331275830605
NY,2021Q1,762.87,7.219957835558688,2.3656808544898267,8.1,3.8999999999999995,9.807695398725457,2.352739044051999,3.0825,-0.36750000000000016,0.07,2.623645747764214,14.032535032181093
NY,2021Q2,790.14,10.133251561106139,3.57465885406425,7.5,-6.1,50.15135405588411,-2.1784955246950455,2.975,-0.1875,0.08,5.317418943207719,16.161692864555643
NY,2021Q3,829.79,13.79144839691724,5.018098058571896,6.2,-3.999999999999999,-9.217445983322936,-2.1784955246950455,2.9,0.009999999999999787,0.08,5.363523425270289,12.86711095578399
NY,2021Q4,848.33,13.8331275830605,2.2343002446402194,5.4,-3.299999999999999,3.206631190610909,-2.1784955246950455,3.098,0.4139999999999997,0.08,7.159457345112474,9.854655617507335
NY,2022Q1,869.92,14.032535032181093,2.5450001768179797,4.6,-3.5,24.997312692082986,-2.1784955246950455,4.172,1.0894999999999997,0.2,8.540780148538584,7.14318558028324
NY,2022Q2,917.84,16.161692864555643,5.508552510575693,4.2,-3.3,8.896285206802679,4.997280527013936,5.522,2.547,1.21,8.999298141923106,5.417066155321182
NY,2022Q3,936.56,12.86711095578399,2.039571167087928,3.9,-2.3000000000000003,1.1263467913388725,4.997280527013936,6.112,3.212,2.56,8.205751582451759,6.753438113948929
NY,2022Q4,931.93,9.854655617507335,-0.49436234731357054,4.1,-1.3000000000000007,-36.09813562126975,4.997280527013936,6.364,3.266,4.1,6.410831677385809,7.396478276265395
NY,2023Q1,932.06,7.14318558028324,0.013949545566727117,4.0,-0.5999999999999996,-41.41503418206547,4.997280527013936,6.544,2.372,4.65,4.931348641757127,8.58742999377724
NY,2023Q2,967.56,5.417066155321182,3.808767675900704,3.9,-0.30000000000000027,-43.756761919304786,1.7710364598304995,6.714,1.1920000000000002,5.08,3.0592533347792994,8.42841787589399
NY,2023Q3,999.81,6.753438113948929,3.3331266278060268,4.1,0.19999999999999973,-45.1885646933283,1.7710364598304995,7.2,1.088,5.33,3.6950823322234427,6.975325311809244
NY,2023Q4,1000.86,7.396478276265395,0.10501995379121887,4.2,0.10000000000000053,-26.967065986725856,1.7710364598304995,6.815,0.4510000000000005,5.33,3.322200208829762,7.837259956437448
NY,2024Q1,1012.1,8.58742999377724,1.123034190596095,4.2,0.20000000000000018,103.43697702935461,1.7710364598304995,6.82,0.2760000000000007,5.33,3.4690014354717524,7.506175279122607
NY,2024Q2,1049.11,8.42841787589399,3.656753285248482,4.3,0.3999999999999999,47.91309821075782,0.6640494386333851,6.9175,0.20350000000000001,5.33,2.9700853998204435,7.191810201027549
NY,2024Q3,1069.55,6.975325311809244,1.9483180981975323,4.4,0.3000000000000007,77.77048296371856,0.6640494386333851,6.18,-1.0200000000000005,5.13,2.432541464144644,6.787901453882483
NY,2024Q4,1079.3,7.837259956437448,0.9115983357486757,4.4,0.20000000000000018,128.68213534123268,0.6640494386333851,6.715,-0.10000000000000053,4.48,2.872366268806581,6.393959047530817
NY,2025Q1,1088.07,7.506175279122607,0.8125636986936025,4.2,0.0,-56.275828989058695,0.6640494386333851,6.65,-0.16999999999999993,4.33,2.4055852640280317,6.455467019585148
NY,2025Q2,1124.56,7.191810201027549,3.353644526547006,4.0,-0.2999999999999998,-15.30125905738008,2.6026097582531715,6.8175,-0.10000000000000053,4.33,2.6726833178446263,5.308742975030234
NY,2025Q3,1142.15,6.787901453882483,1.5641673187735794,4.0,-0.40000000000000036,-20.46789062039772,2.6026097582531715,6.3525,0.17250000000000032,4.22,2.9392196249335534,
OH,2014Q2,239.95,2.665582748588058,2.193356047700168,5.8,-1.7000000000000002,-9.998514824006,2.815916162027232,4.1625,0.09249999999999936,0.1,2.0589816945944195,3.763284017503654
OH,2014Q3,242.68,3.3692550155471235,1.1377370285476252,5.5,-1.9000000000000004,-6.932729457484699,2.815916162027232,4.1625,-0.32750000000000057,0.09,1.6840509711232077,3.6756222185594156
OH,2014Q4,243.66,3.910614525139655,0.40382396571616574,5.2,-1.7000000000000002,1.9295535256407037,2.815916162027232,3.864,-0.5934999999999997,0.12,0.6531213919623191,3.525404251826325
OH,2015Q1,245.05,4.365417376490632,0.5704670442419735,5.1,-1.1000000000000005,-10.775237456335962,2.815916162027232,3.77,-0.5725000000000002,0.11,-0.022031284423873476,3.36257906549684
OH,2015Q2,248.98,3.763284017503654,1.6037543358498274,4.9,-0.8999999999999995,-8.476698695570295,3.6341482585239726,3.9825,-0.17999999999999972,0.13,0.1795718097550525,3.5183548879428095
OH,2015Q3,251.6,3.6756222185594156,1.052293356896139,4.8,-0.7000000000000002,-4.682558862542985,3.6341482585239726,3.89,-0.2724999999999995,0.14,0.008842961634170088,4.503179650238476
OH,2015Q4,252.25,3.525404251826325,0.2583465818760011,4.9,-0.2999999999999998,12.048102079632494,3.6341482585239726,3.964,0.10000000000000009,0.24,0.6387247515364791,4.1070366699702765
OH,2016Q1,253.29,3.36257906549684,0.4122893954410234,5.0,-0.09999999999999964,24.661108865180537,3.6341482585239726,3.694,-0.07600000000000007,0.36,0.8916160965521946,4.09017331912036
OH,2016Q2,257.74,3.5183548879428095,1.7568794662244924,5.0,0.09999999999999964,30.04939344089239,1.328280531619419,3.568,-0.41449999999999987,0.38,1.0792865347959424,5.226196942655381
OH,2016Q3,262.93,4.503179650238476,2.013657173896166,5.1,0.2999999999999998,7.816452808867069,1.328280531619419,3.46,-0.43000000000000016,0.4,1.5486446201652182,4.468870041455908
OH,2016Q4,262.61,4.1070366699702765,-0.12170539687369475,5.2,0.2999999999999998,-7.4639900698864174,1.328280531619419,4.198,0.23400000000000043,0.54,2.0507989115119862,4.916035185255696
OH,2017Q1,263.65,4.09017331912036,0.39602452305698144,5.1,0.09999999999999964,31.916588979321837,1.328280531619419,4.196,0.5019999999999998,0.79,2.44119623655914,5.920728238194584
OH,2017Q2,271.21,5.226196942655381,2.867437891143565,5.0,0.0,7.49923931721781,0.7710238904184985,3.904,0.33599999999999985,1.04,1.640565809959127,5.106743851627904
OH,2017Q3,274.68,4.468870041455908,1.2794513476641844,4.9,-0.1999999999999993,3.560564524044829,0.7710238904184985,3.805,0.3450000000000002,1.15,2.1805652303711787,5.366244357070049
OH,2017Q4,275.52,4.916035185255696,0.3058103975535076,4.6,-0.6000000000000005,0.8699499102298169,0.7710238904184985,3.95,-0.24800000000000022,1.3,2.129930719552253,5.2264808362369575
OH,2018Q1,279.26,5.920728238194584,1.3574332171893078,4.5,-0.5999999999999996,-10.038349600653873,0.7710238904184985,4.444,0.24800000000000022,1.51,2.3309497646499366,5.016830194084365
OH,2018Q2,285.06,5.106743851627904,2.0769175678579055,4.4,-0.5999999999999996,2.0075013946396547,2.1985168238248365,4.57,0.6660000000000004,1.82,2.8075506935940187,5.083140391496532
OH,2018Q3,289.42,5.366244357070049,1.529502560864393,4.4,-0.5,-9.13321414633863,2.1985168238248365,4.6275,0.8225000000000002,1.95,2.332055105808828,5.051482274894625
OH,2018Q4,289.92,5.2264808362369575,0.17275931172691106,4.5,-0.09999999999999964,2.7529254050746133,2.1985168238248365,4.6375,0.6875,2.27,2.0023809043401064,5.836092715231778
OH,2019Q1,293.27,5.016830194084365,1.155491169977907,4.0,-0.5,-10.739736395013244,2.1985168238248365,4.265,-0.17900000000000027,2.41,1.8831863513063984,6.117229856446271
OH,2019Q2,299.55,5.083140391496532,2.1413714324683752,3.9,-0.5000000000000004,-16.16287892198417,0.6170771442261636,3.8025,-0.7675000000000001,2.38,1.671194894390049,4.944082790852944
OH,2019Q3,304.04,5.051482274894625,1.4989150392255013,4.2,-0.20000000000000018,10.97929414399028,0.6170771442261636,3.605,-1.0225000000000004,2.04,1.6844977040391562,5.828180502565439
OH,2019Q4,306.84,5.836092715231778,0.9209314563872972,4.3,-0.20000000000000018,8.72207301277015,0.6170771442261636,3.72,-0.9175,1.55,2.3195274699624457,7.342588971450925
OH,2020Q1,311.21,6.117229856446271,1.424195020205965,4.8,0.7999999999999998,36.28183527096731,0.6170771442261636,3.45,-0.8149999999999995,0.65,1.4940399642909163,7.830725233764979
OH,2020Q2,314.36,4.944082790852944,1.0121782719064498,11.0,7.1,12.882999471773227,2.720447050648267,3.1625,-0.6400000000000001,0.08,0.7166562831830481,12.167578572337456
OH,2020Q3,321.76,5.828180502565439,2.3539890571319333,7.6,3.3999999999999995,21.32796662261662,2.720447050648267,2.89,-0.7149999999999999,0.09,1.3910228912373812,15.15415216310294
OH,2020Q4,329.37,7.342588971450925,2.3651168572849324,6.3,2.0,44.341250169025884,2.720447050648267,2.684,-1.036,0.09,1.3204191315779434,15.086377022801113
OH,2021Q1,335.58,7.830725233764979,1.885417615447671,6.0,1.2000000000000002,3.080709983430374,2.720447050648267,3.0825,-0.36750000000000016,0.07,2.623645747764214,16.38655462184875
OH,2021Q2,352.61,12.167578572337456,5.074795875797133,5.5,-5.5,31.165452495925884,-2.7198905029627074,2.975,-0.1875,0.08,5.317418943207719,17.90363290887951
OH,2021Q3,370.52,15.15415216310294,5.079266044638553,4.7,-2.8999999999999995,5.4336646942238165,-2.7198905029627074,2.9,0.009999999999999787,0.08,5.363523425270289,13.726654431609632
OH,2021Q4,379.06,15.086377022801113,2.30486883299148,4.1,-2.2,-6.571350449190938,-2.7198905029627074,3.098,0.4139999999999997,0.08,7.159457345112474,9.882340526565713
OH,2022Q1,390.57,16.38655462184875,3.0364586081359057,3.9,-2.1,7.305896391871025,-2.7198905029627074,4.172,1.0894999999999997,0.2,8.540780148538584,8.239240085003964
OH,2022Q2,415.74,17.90363290887951,6.444427375374451,3.9,-1.6,-16.55570526471184,5.474798243972634,5.522,2.547,1.21,8.999298141923106,6.213017751479288
OH,2022Q3,421.38,13.726654431609632,1.3566171164670182,4.1,-0.6000000000000005,-4.1677104378445184,5.474798243972634,6.112,3.212,2.56,8.205751582451759,6.628221557738856
OH,2022Q4,416.52,9.882340526565713,-1.1533532678342673,3.9,-0.19999999999999973,11.486415399350381,5.474798243972634,6.364,3.266,4.1,6.410831677385809,8.285316431383837
OH,2023Q1,422.75,8.239240085003964,1.4957264957264904,3.5,-0.3999999999999999,-16.200037780327747,5.474798243972634,6.544,2.372,4.65,4.931348641757127,7.943228858663498
OH,2023Q2,441.57,6.213017751479288,4.451803666469534,3.4,-0.5,-4.02949722847854,0.41111576999262045,6.714,1.1920000000000002,5.08,3.0592533347792994,7.446158027039873
OH,2023Q3,449.31,6.628221557738856,1.7528364698688792,3.8,-0.2999999999999998,-1.7326410397996206,0.41111576999262045,7.2,1.088,5.33,3.6950823322234427,6.732545458592054
OH,2023Q4,451.03,8.285316431383837,0.3828091963232527,3.9,0.0,-29.926404723220777,0.41111576999262045,6.815,0.4510000000000005,5.33,3.322200208829762,7.163603307983957
OH,2024Q1,456.33,7.943228858663498,1.1750881316098694,4.1,0.5999999999999996,16.21979780210896,0.41111576999262045,6.82,0.2760000000000007,5.33,3.4690014354717524,7.330221550193938
OH,2024Q2,474.45,7.446158027039873,3.9708105975938546,4.3,0.8999999999999999,19.053724602811318,1.94720200946501,6.9175,0.20350000000000001,5.33,2.9700853998204435,5.5327220992728465
OH,2024Q3,479.56,6.732545458592054,1.0770365686584515,4.4,0.6000000000000005,-0.4618524291671977,1.94720200946501,6.18,-1.0200000000000005,5.13,2.432541464144644,5.4007840520477135
OH,2024Q4,483.34,7.163603307983957,0.7882225373258667,4.5,0.6000000000000001,26.269242373959358,1.94720200946501,6.715,-0.10000000000000053,4.48,2.872366268806581,5.135101584805746
OH,2025Q1,489.78,7.330221550193938,1.3323954152356432,4.8,0.7000000000000002,14.365956321891593,1.94720200946501,6.65,-0.16999999999999993,4.33,2.4055852640280317,4.816448201233214
OH,2025Q2,500.7,5.5327220992728465,2.2295724611049783,4.9,0.6000000000000005,9.660666863107625,1.9775671112359117,6.8175,-0.10000000000000053,4.33,2.6726833178446263,4.295985620131826
OH,2025Q3,505.46,5.4007840520477135,0.9506690633113601,5.0,0.5999999999999996,4.145744176151123,1.9775671112359117,6.3525,0.17250000000000032,4.22,2.9392196249335534,
OK,2014Q2,211.74,2.161536234681094,0.7518081461743487,4.3,-0.7999999999999998,18.120462121644508,2.3665240442749536,4.1625,0.09249999999999936,0.1,2.0589816945944195,4.118258241239259
OK,2014Q3,214.4,3.0174899096675034,1.256257674506478,4.1,-1.0,-10.548071152967353,2.3665240442749536,4.1625,-0.32750000000000057,0.09,1.6840509711232077,3.894589552238803
OK,2014Q4,215.5,3.795395433965898,0.5130597014925353,4.0,-1.0,26.4074784013834,2.3665240442749536,3.864,-0.5934999999999997,0.12,0.6531213919623191,3.870069605568438
OK,2015Q1,217.33,3.411686334221553,0.8491879350348119,4.2,-0.39999999999999947,-10.785925489286441,2.3665240442749536,3.77,-0.5725000000000002,0.11,-0.022031284423873476,3.133483642387147
OK,2015Q2,220.46,4.118258241239259,1.4402061381309617,4.4,0.10000000000000053,-32.73123924472227,5.95592628181103,3.9825,-0.17999999999999972,0.13,0.1795718097550525,2.6535425927605827
OK,2015Q3,222.75,3.894589552238803,1.0387371858840533,4.3,0.20000000000000018,13.964369542839705,5.95592628181103,3.89,-0.2724999999999995,0.14,0.008842961634170088,2.4781144781144793
OK,2015Q4,223.84,3.870069605568438,0.4893378226711542,4.4,0.40000000000000036,-19.27996387652271,5.95592628181103,3.964,0.10000000000000009,0.24,0.6387247515364791,2.113116511794133
OK,2016Q1,224.14,3.133483642387147,0.1340243030736099,4.6,0.39999999999999947,2.7497762429287365,5.95592628181103,3.694,-0.07600000000000007,0.36,0.8916160965521946,3.2435085214598036
OK,2016Q2,226.31,2.6535425927605827,0.968144909431623,4.8,0.39999999999999947,37.528901127375235,3.868805152260979,3.568,-0.41449999999999987,0.38,1.0792865347959424,3.4775308205558852
OK,2016Q3,228.27,2.4781144781144793,0.8660686668728879,4.7,0.40000000000000036,-4.597882734513991,3.868805152260979,3.46,-0.43000000000000016,0.4,1.5486446201652182,3.0665440049064685
OK,2016Q4,228.57,2.113116511794133,0.131423314495982,4.5,0.09999999999999964,-22.280915483286968,3.868805152260979,4.198,0.23400000000000043,0.54,2.0507989115119862,3.4912718204488824
OK,2017Q1,231.41,3.2435085214598036,1.2425077656735395,4.2,-0.39999999999999947,-4.694597282920954,3.868805152260979,4.196,0.5019999999999998,0.79,2.44119623655914,2.515016637137535
OK,2017Q2,234.18,3.4775308205558852,1.1970096365757854,4.0,-0.7999999999999998,-4.770591857958461,-1.9087932150144038,3.904,0.33599999999999985,1.04,1.640565809959127,2.6475360833546846
OK,2017Q3,235.27,3.0665440049064685,0.4654539243317046,3.9,-0.8000000000000003,-32.196843596417715,-1.9087932150144038,3.805,0.3450000000000002,1.15,2.1805652303711787,2.7840353636247706
OK,2017Q4,236.55,3.4912718204488824,0.5440557657159895,3.8,-0.7000000000000002,11.35860851510595,-1.9087932150144038,3.95,-0.24800000000000022,1.3,2.129930719552253,2.56182625237793
OK,2018Q1,237.23,2.515016637137535,0.28746565208199737,3.5,-0.7000000000000002,-7.970103787112681,-1.9087932150144038,4.444,0.24800000000000022,1.51,2.3309497646499366,3.561944104877135
OK,2018Q2,240.38,2.6475360833546846,1.3278253172027243,3.2,-0.7999999999999998,-13.97918832195215,1.2862617606598903,4.57,0.6660000000000004,1.82,2.8075506935940187,3.0701389466677664
OK,2018Q3,241.82,2.7840353636247706,0.5990515017888276,3.1,-0.7999999999999998,-1.6029904176652177,1.2862617606598903,4.6275,0.8225000000000002,1.95,2.332055105808828,4.395831610288647
OK,2018Q4,242.61,2.56182625237793,0.3266892730130033,3.2,-0.5999999999999996,-3.864183266757526,1.2862617606598903,4.6375,0.6875,2.27,2.0023809043401064,4.575244219117103
OK,2019Q1,245.68,3.561944104877135,1.2654053831251844,3.1,-0.3999999999999999,16.99426678567406,1.2862617606598903,4.265,-0.17900000000000027,2.41,1.8831863513063984,4.933246499511568
OK,2019Q2,247.76,3.0701389466677664,0.8466297622924168,3.0,-0.20000000000000018,-4.642306113402328,1.8136103617664157,3.8025,-0.7675000000000001,2.38,1.671194894390049,4.803035195350347
OK,2019Q3,252.45,4.395831610288647,1.892960929932186,3.2,0.10000000000000009,38.20419919907885,1.8136103617664157,3.605,-1.0225000000000004,2.04,1.6844977040391562,4.341453753218483
OK,2019Q4,253.71,4.575244219117103,0.4991087344028644,3.1,-0.10000000000000009,15.038268347661287,1.8136103617664157,3.72,-0.9175,1.55,2.3195274699624457,5.7782507587403
OK,2020Q1,257.8,4.933246499511568,1.6120767805762437,3.2,0.10000000000000009,2.28093544954997,1.8136103617664157,3.45,-0.8149999999999995,0.65,1.4940399642909163,6.093871217998448
OK,2020Q2,259.66,4.803035195350347,0.7214895267649402,8.2,5.199999999999999,11.080490307521451,2.061770999920931,3.1625,-0.6400000000000001,0.08,0.7166562831830481,10.259570207194013
OK,2020Q3,263.41,4.341453753218483,1.444196256643293,5.9,2.7,17.75316288493114,2.061770999920931,2.89,-0.7149999999999999,0.09,1.3910228912373812,14.224972476367626
OK,2020Q4,268.37,5.7782507587403,1.8829960897460252,5.2,2.1,27.018214070431124,2.061770999920931,2.684,-1.036,0.09,1.3204191315779434,15.597868614226629
OK,2021Q1,273.51,6.093871217998448,1.9152662369117168,4.8,1.5999999999999996,24.607889308980035,2.061770999920931,3.0825,-0.36750000000000016,0.07,2.623645747764214,17.32294980073854
OK,2021Q2,286.3,10.259570207194013,4.676245841102711,4.3,-3.8999999999999995,30.33965957053011,-4.346031082779122,2.975,-0.1875,0.08,5.317418943207719,18.20817324484807
OK,2021Q3,300.88,14.224972476367626,5.092560251484457,3.4,-2.5000000000000004,-0.7606138890268843,-4.346031082779122,2.9,0.009999999999999787,0.08,5.363523425270289,14.627093858016483
OK,2021Q4,310.23,15.597868614226629,3.107551183195967,2.9,-2.3000000000000003,-1.9900445148334556,-4.346031082779122,3.098,0.4139999999999997,0.08,7.159457345112474,12.210295587145016
OK,2022Q1,320.89,17.32294980073854,3.4361602681881154,2.9,-1.9,-2.0408087443483547,-4.346031082779122,4.172,1.0894999999999997,0.2,8.540780148538584,9.003085169372671
OK,2022Q2,338.43,18.20817324484807,5.466047555237008,3.0,-1.2999999999999998,7.369417594814265,1.8885236992951082,5.522,2.547,1.21,8.999298141923106,6.0898856484354225
OK,2022Q3,344.89,14.627093858016483,1.908814230416911,3.2,-0.19999999999999973,-23.14897039702877,1.8885236992951082,6.112,3.212,2.56,8.205751582451759,5.44521441619068
OK,2022Q4,348.11,12.210295587145016,0.9336310127866954,3.1,0.20000000000000018,-26.30475546254345,1.8885236992951082,6.364,3.266,4.1,6.410831677385809,4.323346068771361
OK,2023Q1,349.78,9.003085169372671,0.4797334175978829,3.0,0.10000000000000009,-38.47851607602796,1.8885236992951082,6.544,2.372,4.65,4.931348641757127,6.040940019440799
OK,2023Q2,359.04,6.0898856484354225,2.6473783521070438,3.1,0.10000000000000009,-7.129201318337774,-0.4206856514550439,6.714,1.1920000000000002,5.08,3.0592533347792994,3.9187834224598816
OK,2023Q3,363.67,5.44521441619068,1.2895499108734443,3.4,0.19999999999999973,34.77196714322006,-0.4206856514550439,7.2,1.088,5.33,3.6950823322234427,4.1658646575191804
OK,2023Q4,363.16,4.323346068771361,-0.14023702807489657,3.5,0.3999999999999999,7.291336428628159,-0.4206856514550439,6.815,0.4510000000000005,5.33,3.322200208829762,5.377794911333833
OK,2024Q1,370.91,6.040940019440799,2.1340455997356456,3.3,0.2999999999999998,38.14373459907652,-0.4206856514550439,6.82,0.2760000000000007,5.33,3.4690014354717524,3.7637162654013068
OK,2024Q2,373.11,3.9187834224598816,0.5931358011377341,3.3,0.19999999999999973,-7.325670880469404,6.644558994164429,6.9175,0.20350000000000001,5.33,2.9700853998204435,4.462490954410225
OK,2024Q3,378.82,4.1658646575191804,1.5303797807616926,3.3,-0.10000000000000009,-20.674615372599902,6.644558994164429,6.18,-1.0200000000000005,5.13,2.432541464144644,2.7506467451560157
OK,2024Q4,382.69,5.377794911333833,1.021593368882323,3.3,-0.20000000000000018,12.525250641340357,6.644558994164429,6.715,-0.10000000000000053,4.48,2.872366268806581,3.35780919281925
OK,2025Q1,384.87,3.7637162654013068,0.5696516762915271,3.3,0.0,17.129646006939492,6.644558994164429,6.65,-0.16999999999999993,4.33,2.4055852640280317,2.7229973757372683
OK,2025Q2,389.76,4.462490954410225,1.2705588900148168,3.1,-0.19999999999999973,10.876973333693662,1.5662132188356992,6.8175,-0.10000000000000053,4.33,2.6726833178446263,2.791461412151075
OK,2025Q3,389.24,2.7506467451560157,-0.1334154351395722,3.1,-0.19999999999999973,16.604766755760238,1.5662132188356992,6.3525,0.17250000000000032,4.22,2.9392196249335534,
OR,2014Q2,396.64,8.996977191536137,3.297046721183383,6.7,-1.0999999999999996,31.210981401381122,1.2048417847863258,4.1625,0.09249999999999936,0.1,2.0589816945944195,7.992133924969735
OR,2014Q3,403.43,7.834384689404472,1.7118797902380134,6.4,-1.0,2.02821528312922,1.2048417847863258,4.1625,-0.32750000000000057,0.09,1.6840509711232077,9.476241231440397
OR,2014Q4,407.81,7.735186114706893,1.0856902064794394,6.0,-1.2000000000000002,24.1134297827867,1.2048417847863258,3.864,-0.5934999999999997,0.12,0.6531213919623191,10.061057845565324
OR,2015Q1,414.25,7.88322308453564,1.5791667688384248,5.7,-1.2999999999999998,0.7232355850001593,1.2048417847863258,3.77,-0.5725000000000002,0.11,-0.022031284423873476,10.689197344598655
OR,2015Q2,428.34,7.992133924969735,3.4013277006638365,5.5,-1.2000000000000002,-13.41840270910588,3.269083807421236,3.9825,-0.17999999999999972,0.13,0.1795718097550525,10.95391511416166
OR,2015Q3,441.66,9.476241231440397,3.109679226782469,5.3,-1.1000000000000005,21.855689553245394,3.269083807421236,3.89,-0.2724999999999995,0.14,0.008842961634170088,10.87035276004167
OR,2015Q4,448.84,10.061057845565324,1.6256849159987263,5.0,-1.0,13.838539056958265,3.269083807421236,3.964,0.10000000000000009,0.24,0.6387247515364791,10.78112467694503
OR,2016Q1,458.53,10.689197344598655,2.158898493895367,4.9,-0.7999999999999998,35.314490379461375,3.269083807421236,3.694,-0.07600000000000007,0.36,0.8916160965521946,9.567531023051924
OR,2016Q2,475.26,10.95391511416166,3.648616230126711,4.9,-0.5999999999999996,11.596295231200049,4.991415068418981,3.568,-0.41449999999999987,0.38,1.0792865347959424,9.018221605016198
OR,2016Q3,489.67,10.87035276004167,3.0320245760215414,4.7,-0.5999999999999996,23.71479730372532,4.991415068418981,3.46,-0.43000000000000016,0.4,1.5486446201652182,7.680682908897829
OR,2016Q4,497.23,10.78112467694503,1.5438969101639888,4.2,-0.7999999999999998,-10.870662094255124,4.991415068418981,4.198,0.23400000000000043,0.54,2.0507989115119862,6.683023952697953
OR,2017Q1,502.4,9.567531023051924,1.0397602719063537,4.0,-0.9000000000000004,-4.482842102890938,4.991415068418981,4.196,0.5019999999999998,0.79,2.44119623655914,7.054140127388542
OR,2017Q2,518.12,9.018221605016198,3.128980891719757,4.0,-0.9000000000000004,3.9196276219447768,4.469024008934652,3.904,0.33599999999999985,1.04,1.640565809959127,6.401991816567576
OR,2017Q3,527.28,7.680682908897829,1.7679302092179272,4.1,-0.6000000000000005,11.061966795701682,4.469024008934652,3.805,0.3450000000000002,1.15,2.1805652303711787,5.695266272189348
OR,2017Q4,530.46,6.683023952697953,0.6030951297223641,4.1,-0.10000000000000053,23.23397140248018,4.469024008934652,3.95,-0.24800000000000022,1.3,2.129930719552253,5.2746672699166774
OR,2018Q1,537.84,7.054140127388542,1.3912453342382003,4.0,0.0,29.15007368193303,4.469024008934652,4.444,0.24800000000000022,1.51,2.3309497646499366,5.012643165253583
OR,2018Q2,551.29,6.401991816567576,2.5007437156031376,3.8,-0.20000000000000018,-9.044708227699417,5.012448240973,4.57,0.6660000000000004,1.82,2.8075506935940187,4.1466378856862995
OR,2018Q3,557.31,5.695266272189348,1.091984255110745,4.1,0.0,-26.0673877893734,5.012448240973,4.6275,0.8225000000000002,1.95,2.332055105808828,4.263336383700289
OR,2018Q4,558.44,5.2746672699166774,0.2027596849150548,4.3,0.20000000000000018,3.2350692118236823,5.012448240973,4.6375,0.6875,2.27,2.0023809043401064,5.026502399541566
OR,2019Q1,564.8,5.012643165253583,1.138886899219238,4.0,0.0,-8.249042957998476,5.012448240973,4.265,-0.17900000000000027,2.41,1.8831863513063984,4.85304532577906
OR,2019Q2,574.15,4.1466378856862995,1.6554532577903736,3.7,-0.09999999999999964,8.995543319139742,3.8902252205316623,3.8025,-0.7675000000000001,2.38,1.671194894390049,4.477923887485846
OR,2019Q3,581.07,4.263336383700289,1.205259949490567,3.5,-0.5999999999999996,28.017069835995258,3.8902252205316623,3.605,-1.0225000000000004,2.04,1.6844977040391562,5.040700776154328
OR,2019Q4,586.51,5.026502399541566,0.9362038997022593,3.4,-0.8999999999999999,0.29559263852010353,3.8902252205316623,3.72,-0.9175,1.55,2.3195274699624457,6.901843105829397
OR,2020Q1,592.21,4.85304532577906,0.9718504373326997,3.7,-0.2999999999999998,-21.464152406479563,3.8902252205316623,3.45,-0.8149999999999995,0.65,1.4940399642909163,9.405447391972421
OR,2020Q2,599.86,4.477923887485846,1.2917714999746588,10.2,6.499999999999999,-4.045602751370659,2.341573047134915,3.1625,-0.6400000000000001,0.08,0.7166562831830481,15.145200546794246
OR,2020Q3,610.36,5.040700776154328,1.7504084286333432,7.5,4.0,-28.293709958279024,2.341573047134915,2.89,-0.7149999999999999,0.09,1.3910228912373812,20.053738777115136
OR,2020Q4,626.99,6.901843105829397,2.724621534831906,6.5,3.1,-12.317629450590884,2.341573047134915,2.684,-1.036,0.09,1.3204191315779434,20.017863123813772
OR,2021Q1,647.91,9.405447391972421,3.336576340930475,6.1,2.3999999999999995,22.48883053008308,2.341573047134915,3.0825,-0.36750000000000016,0.07,2.623645747764214,19.728048648732077
OR,2021Q2,690.71,15.145200546794246,6.605855751570444,5.4,-4.799999999999999,17.905207809372946,-1.3108707945293174,2.975,-0.1875,0.08,5.317418943207719,18.467953265480432
OR,2021Q3,732.76,20.053738777115136,6.087938498067191,4.4,-3.0999999999999996,31.890896429359184,-1.3108707945293174,2.9,0.009999999999999787,0.08,5.363523425270289,10.944920574267169
OR,2021Q4,752.5,20.017863123813772,2.693924340848297,3.9,-2.6,4.285943902991596,-1.3108707945293174,3.098,0.4139999999999997,0.08,7.159457345112474,4.9235880398670995
OR,2022Q1,775.73,19.728048648732077,3.0870431893687655,3.7,-2.3999999999999995,5.284668462640751,-1.3108707945293174,4.172,1.0894999999999997,0.2,8.540780148538584,1.6216982713057382
OR,2022Q2,818.27,18.467953265480432,5.483866809327975,3.9,-1.5000000000000004,-5.70086096300736,6.029332596384385,5.522,2.547,1.21,8.999298141923106,-1.3662971879697339
OR,2022Q3,812.96,10.944920574267169,-0.6489300597602221,4.1,-0.3000000000000007,10.989276878618703,6.029332596384385,6.112,3.212,2.56,8.205751582451759,-0.21157252509348412
OR,2022Q4,789.55,4.9235880398670995,-2.8796004723479762,4.0,0.10000000000000009,-17.814135865096247,6.029332596384385,6.364,3.266,4.1,6.410831677385809,1.114558925970499
OR,2023Q1,788.31,1.6216982713057382,-0.1570514850231186,3.6,-0.10000000000000009,-9.23677465770959,6.029332596384385,6.544,2.372,4.65,4.931348641757127,2.693102967106853
OR,2023Q2,807.09,-1.3662971879697339,2.3823115271910833,3.6,-0.2999999999999998,-5.5590838665641185,1.3221749251454362,6.714,1.1920000000000002,5.08,3.0592533347792994,2.2872294291838458
OR,2023Q3,811.24,-0.21157252509348412,0.5141929648490251,3.8,-0.2999999999999998,-26.888976722896494,1.3221749251454362,7.2,1.088,5.33,3.6950823322234427,1.8896997189487674
OR,2023Q4,798.35,1.114558925970499,-1.588925595384838,4.0,0.0,-9.408596669545322,1.3221749251454362,6.815,0.4510000000000005,5.33,3.322200208829762,3.418300244253758
OR,2024Q1,809.54,2.693102967106853,1.401640884323907,4.1,0.49999999999999956,-33.21627283878507,1.3221749251454362,6.82,0.2760000000000007,5.33,3.4690014354717524,2.565654569261544
OR,2024Q2,825.55,2.2872294291838458,1.9776663290263619,4.1,0.49999999999999956,-14.411729479881053,1.4891194257338203,6.9175,0.20350000000000001,5.33,2.9700853998204435,1.9332566168009269
OR,2024Q3,826.57,1.8896997189487674,0.12355399430683534,4.2,0.40000000000000036,-17.136543287036854,1.4891194257338203,6.18,-1.0200000000000005,5.13,2.432541464144644,1.8123086973879987
OR,2024Q4,825.64,3.418300244253758,-0.11251315678043605,4.3,0.2999999999999998,-12.28878749581187,1.4891194257338203,6.715,-0.10000000000000053,4.48,2.872366268806581,2.0517416791822063
OR,2025Q1,830.31,2.565654569261544,0.56562182064821,4.6,0.5,4.525067962091711,1.4891194257338203,6.65,-0.16999999999999993,4.33,2.4055852640280317,2.104033433295993
OR,2025Q2,841.51,1.9332566168009269,1.3488937866579898,4.9,0.8000000000000007,-17.71925836367856,2.063495016343486,6.8175,-0.10000000000000053,4.33,2.6726833178446263,1.650604270893985
OR,2025Q3,841.55,1.8123086973879987,0.004753360031362064,5.0,0.7999999999999998,-6.567470652209739,2.063495016343486,6.3525,0.17250000000000032,4.22,2.9392196249335534,
PA,2014Q2,372.69,1.4315651960917775,1.2634496250407468,6.0,-1.0999999999999996,5.773878053920267,2.204331741186949,4.1625,0.09249999999999936,0.1,2.0589816945944195,2.65904639244412
PA,2014Q3,375.36,1.74563591022443,0.7164131047250999,5.7,-1.2000000000000002,-1.9033049762304577,2.204331741186949,4.1625,-0.32750000000000057,0.09,1.6840509711232077,2.4030264279624847
PA,2014Q4,376.1,2.1760982368442594,0.19714407502131603,5.5,-1.0999999999999996,-3.4557969046959736,2.204331741186949,3.864,-0.5934999999999997,0.12,0.6531213919623191,2.305237968625362
PA,2015Q1,380.11,3.2795348331702945,1.0662057963307658,5.6,-0.7000000000000002,-14.658500703308064,2.204331741186949,3.77,-0.5725000000000002,0.11,-0.022031284423873476,1.6653074110126065
PA,2015Q2,382.6,2.65904639244412,0.6550735313461953,5.4,-0.5999999999999996,9.384903654428612,2.058605925915402,3.9825,-0.17999999999999972,0.13,0.1795718097550525,2.5274438055410187
PA,2015Q3,384.38,2.4030264279624847,0.4652378463146922,5.3,-0.40000000000000036,-2.349190299149495,2.058605925915402,3.89,-0.2724999999999995,0.14,0.008842961634170088,3.179145637129932
PA,2015Q4,384.77,2.305237968625362,0.1014620948020184,5.3,-0.20000000000000018,7.427041388226274,2.058605925915402,3.964,0.10000000000000009,0.24,0.6387247515364791,3.3136679055019824
PA,2016Q1,386.44,1.6653074110126065,0.43402552174025555,5.3,-0.2999999999999998,29.33052175501427,2.058605925915402,3.694,-0.07600000000000007,0.36,0.8916160965521946,3.050926405134047
PA,2016Q2,392.27,2.5274438055410187,1.5086429976192806,5.4,0.0,-18.784466858386107,2.150226884521822,3.568,-0.41449999999999987,0.38,1.0792865347959424,3.3752262472276806
PA,2016Q3,396.6,3.179145637129932,1.1038315445993874,5.3,0.0,-6.635206875980848,2.150226884521822,3.46,-0.43000000000000016,0.4,1.5486446201652182,3.4694906707009476
PA,2016Q4,397.52,3.3136679055019824,0.23197175995963715,5.2,-0.09999999999999964,-4.72792993218304,2.150226884521822,4.198,0.23400000000000043,0.54,2.0507989115119862,3.526866572751075
PA,2017Q1,398.23,3.050926405134047,0.1786073656671494,5.1,-0.20000000000000018,14.031061257784128,2.150226884521822,4.196,0.5019999999999998,0.79,2.44119623655914,4.482334329407611
PA,2017Q2,405.51,3.3752262472276806,1.8280892951309413,4.9,-0.5,11.22879636453591,1.457749973404443,3.904,0.33599999999999985,1.04,1.640565809959127,3.9974353283519504
PA,2017Q3,410.36,3.4694906707009476,1.1960247589455353,4.9,-0.39999999999999947,2.964207382790618,1.457749973404443,3.805,0.3450000000000002,1.15,2.1805652303711787,3.8039769958085667
PA,2017Q4,411.54,3.526866572751075,0.2875523930207624,4.9,-0.2999999999999998,0.48836913932226445,1.457749973404443,3.95,-0.24800000000000022,1.3,2.129930719552253,3.4650337755746774
PA,2018Q1,416.08,4.482334329407611,1.1031734460805742,4.6,-0.5,-11.848948618641641,1.457749973404443,4.444,0.24800000000000022,1.51,2.3309497646499366,3.516150740242252
PA,2018Q2,421.72,3.9974353283519504,1.3555085560469138,4.3,-0.6000000000000005,3.586844366357278,1.271522705800976,4.57,0.6660000000000004,1.82,2.8075506935940187,4.088020487527255
PA,2018Q3,425.97,3.8039769958085667,1.007777672389265,4.2,-0.7000000000000002,12.50252522616222,1.271522705800976,4.6275,0.8225000000000002,1.95,2.332055105808828,4.401718430875423
PA,2018Q4,425.8,3.4650337755746774,-0.039908913773278876,4.3,-0.6000000000000005,15.30547513026288,1.271522705800976,4.6375,0.6875,2.27,2.0023809043401064,5.131517144199149
PA,2019Q1,430.71,3.516150740242252,1.1531235321747157,4.3,-0.2999999999999998,-1.5904398277494014,1.271522705800976,4.265,-0.17900000000000027,2.41,1.8831863513063984,5.291263262984369
PA,2019Q2,438.96,4.088020487527255,1.9154419446959725,4.2,-0.09999999999999964,-2.207356134736438,1.2643739112681907,3.8025,-0.7675000000000001,2.38,1.671194894390049,4.253234918899218
PA,2019Q3,444.72,4.401718430875423,1.3121924548934016,4.3,0.09999999999999964,-0.5067545801384798,1.2643739112681907,3.605,-1.0225000000000004,2.04,1.6844977040391562,5.039125742039929
PA,2019Q4,447.65,5.131517144199149,0.6588415182586793,4.4,0.10000000000000053,-9.042265686552376,1.2643739112681907,3.72,-0.9175,1.55,2.3195274699624457,6.172232771138164
PA,2020Q1,453.5,5.291263262984369,1.306824528091144,4.8,0.5,20.15198985707518,1.2643739112681907,3.45,-0.8149999999999995,0.65,1.4940399642909163,7.3340683572216125
PA,2020Q2,457.63,4.253234918899218,0.9106945975744241,11.3,7.1000000000000005,-24.42946658937212,1.046938988714352,3.1625,-0.6400000000000001,0.08,0.7166562831830481,11.094115333347897
PA,2020Q3,467.13,5.039125742039929,2.0759128553635042,8.7,4.3999999999999995,15.529118692977683,1.046938988714352,2.89,-0.7149999999999999,0.09,1.3910228912373812,14.041059234046195
PA,2020Q4,475.28,6.172232771138164,1.7446963372080626,7.6,3.1999999999999993,20.644333098996313,1.046938988714352,2.684,-1.036,0.09,1.3204191315779434,14.500925770072403
PA,2021Q1,486.76,7.3340683572216125,2.4154182797508916,6.8,2.0,85.3819227062908,1.046938988714352,3.0825,-0.36750000000000016,0.07,2.623645747764214,14.890295011915523
PA,2021Q2,508.4,11.094115333347897,4.445722738105018,6.1,-5.200000000000001,69.55520691915169,-4.363061595317763,2.975,-0.1875,0.08,5.317418943207719,15.625491738788376
PA,2021Q3,532.72,14.041059234046195,4.783634933123526,5.2,-3.499999999999999,3.007372813930975,-4.363061595317763,2.9,0.009999999999999787,0.08,5.363523425270289,12.14146268208438
PA,2021Q4,544.2,14.500925770072403,2.1549782249587146,4.4,-3.1999999999999993,153.73198275176026,-4.363061595317763,3.098,0.4139999999999997,0.08,7.159457345112474,9.527747151782417
PA,2022Q1,559.24,14.890295011915523,2.763689819919146,4.2,-2.5999999999999996,-47.744257492037754,-4.363061595317763,4.172,1.0894999999999997,0.2,8.540780148538584,7.742650740290391
PA,2022Q2,587.84,15.625491738788376,5.114083398898517,4.2,-1.8999999999999995,-19.356023052725025,3.7882423990698078,5.522,2.547,1.21,8.999298141923106,5.644393032117567
PA,2022Q3,597.4,12.14146268208438,1.6262928688078215,4.1,-1.1000000000000005,-16.322278684844584,3.7882423990698078,6.112,3.212,2.56,8.205751582451759,5.957482423836624
PA,2022Q4,596.05,9.527747151782417,-0.22597924338801922,3.9,-0.5000000000000004,-64.2418963363317,3.7882423990698078,6.364,3.266,4.1,6.410831677385809,6.350138411207107
PA,2023Q1,602.54,7.742650740290391,1.0888348292928507,3.7,-0.5,-24.895810805070518,3.7882423990698078,6.544,2.372,4.65,4.931348641757127,6.791250373419211
PA,2023Q2,621.02,5.644393032117567,3.0670162976731863,3.5,-0.7000000000000002,3.332703778942525,1.3946145613073169,6.714,1.1920000000000002,5.08,3.0592533347792994,6.874174744774741
PA,2023Q3,632.99,5.957482423836624,1.9274741554217378,3.6,-0.49999999999999956,2.5351047080889533,1.3946145613073169,7.2,1.088,5.33,3.6950823322234427,6.075925370069046
PA,2023Q4,633.9,6.350138411207107,0.14376214474161042,3.7,-0.19999999999999973,0.8544110370489078,1.3946145613073169,6.815,0.4510000000000005,5.33,3.322200208829762,6.311721091654832
PA,2024Q1,643.46,6.791250373419211,1.5081243098280517,3.6,-0.10000000000000009,32.320263510331685,1.3946145613073169,6.82,0.2760000000000007,5.33,3.4690014354717524,6.416871289590653
PA,2024Q2,663.71,6.874174744774741,3.147048767600169,3.6,0.10000000000000009,1.506364907201596,1.6855540252517676,6.9175,0.20350000000000001,5.33,2.9700853998204435,5.555137032740198
PA,2024Q3,671.45,6.075925370069046,1.1661719726989261,3.7,0.10000000000000009,4.542462583827622,1.6855540252517676,6.18,-1.0200000000000005,5.13,2.432541464144644,5.438975351850472
PA,2024Q4,673.91,6.311721091654832,0.3663712860227708,3.7,0.0,-3.3893413808211426,1.6855540252517676,6.715,-0.10000000000000053,4.48,2.872366268806581,5.644670653351347
PA,2025Q1,684.75,6.416871289590653,1.6085233933314624,3.8,0.19999999999999973,8.391095865077958,1.6855540252517676,6.65,-0.16999999999999993,4.33,2.4055852640280317,5.31142752829501
PA,2025Q2,700.58,5.555137032740198,2.311792625045639,4.0,0.3999999999999999,-3.897342413299787,1.685490338560247,6.8175,-0.10000000000000053,4.33,2.6726833178446263,4.654714664991855
PA,2025Q3,707.97,5.438975351850472,1.0548402752005526,4.0,0.3999999999999999,-6.165530053701296,1.685490338560247,6.3525,0.17250000000000032,4.22,2.9392196249335534,
RI,2014Q2,443.55,1.7293181349051778,1.7573240955286895,7.8,-1.7999999999999998,6.015064918586699,0.9733144028579721,4.1625,0.09249999999999936,0.1,2.0589816945944195,5.363544132566789
RI,2014Q3,450.92,3.2089723048752683,1.6615939578401573,7.3,-2.2,20.82200863983448,0.9733144028579721,4.1625,-0.32750000000000057,0.09,1.6840509711232077,4.178124722788956
RI,2014Q4,453.99,4.712150567395512,0.6808303024926854,6.7,-2.3999999999999995,5.919602550228831,0.9733144028579721,3.864,-0.5934999999999997,0.12,0.6531213919623191,4.105817308751281
RI,2015Q1,458.44,5.173323544931074,0.9801978017137003,6.4,-2.0999999999999996,-23.019446648802667,0.9733144028579721,3.77,-0.5725000000000002,0.11,-0.022031284423873476,3.3941191868074316
RI,2015Q2,467.34,5.363544132566789,1.9413663729168418,6.0,-1.7999999999999998,2.2757412138761923,0.9914582062233057,3.9825,-0.17999999999999972,0.13,0.1795718097550525,3.575555270252928
RI,2015Q3,469.76,4.178124722788956,0.5178242821072487,5.7,-1.5999999999999996,3.0808065621947156,0.9914582062233057,3.89,-0.2724999999999995,0.14,0.008842961634170088,4.981267029972769
RI,2015Q4,472.63,4.105817308751281,0.6109502724795712,5.6,-1.1000000000000005,3.044503367846829,0.9914582062233057,3.964,0.10000000000000009,0.24,0.6387247515364791,5.907369401011375
RI,2016Q1,474.0,3.3941191868074316,0.2898673380868688,5.5,-0.9000000000000004,54.75932701080095,0.9914582062233057,3.694,-0.07600000000000007,0.36,0.8916160965521946,6.126582278481019
RI,2016Q2,484.05,3.575555270252928,2.1202531645569733,5.3,-0.7000000000000002,2.968302399300393,1.363130547700031,3.568,-0.41449999999999987,0.38,1.0792865347959424,5.813449023861184
RI,2016Q3,493.16,4.981267029972769,1.8820369796508585,5.1,-0.6000000000000005,2.933572081186231,1.363130547700031,3.46,-0.43000000000000016,0.4,1.5486446201652182,5.882472219969159
RI,2016Q4,500.55,5.907369401011375,1.4984994727877288,4.7,-0.8999999999999995,24.120515742352676,1.363130547700031,4.198,0.23400000000000043,0.54,2.0507989115119862,5.637798421736084
RI,2017Q1,503.04,6.126582278481019,0.4974528019178859,4.5,-1.0,24.296738714746336,1.363130547700031,4.196,0.5019999999999998,0.79,2.44119623655914,7.154500636132299
RI,2017Q2,512.19,5.813449023861184,1.8189408396946716,4.4,-0.8999999999999995,5.161617004890462,0.4146407046665468,3.904,0.33599999999999985,1.04,1.640565809959127,6.696733634003005
RI,2017Q3,522.17,5.882472219969159,1.9484956754329152,4.5,-0.5999999999999996,30.740684135830023,0.4146407046665468,3.805,0.3450000000000002,1.15,2.1805652303711787,6.005706953674084
RI,2017Q4,528.77,5.637798421736084,1.2639561828523327,4.5,-0.20000000000000018,-12.785136756917092,0.4146407046665468,3.95,-0.24800000000000022,1.3,2.129930719552253,4.971915955897632
RI,2018Q1,539.03,7.154500636132299,1.9403521379806055,4.3,-0.20000000000000018,2.592851193458978,0.4146407046665468,4.444,0.24800000000000022,1.51,2.3309497646499366,3.9404114798805345
RI,2018Q2,546.49,6.696733634003005,1.383967497170846,4.0,-0.40000000000000036,16.442668283133656,0.24151458297798634,4.57,0.6660000000000004,1.82,2.8075506935940187,4.391663159435666
RI,2018Q3,553.53,6.005706953674084,1.2882211934344578,3.9,-0.6000000000000001,-2.976468952363409,0.24151458297798634,4.6275,0.8225000000000002,1.95,2.332055105808828,4.303289794591092
RI,2018Q4,555.06,4.971915955897632,0.2764077827760003,3.8,-0.7000000000000002,-8.176405863156088,0.24151458297798634,4.6375,0.6875,2.27,2.0023809043401064,5.347169675350427
RI,2019Q1,560.27,3.9404114798805345,0.9386372644398788,3.6,-0.6999999999999997,-22.56203069517042,0.24151458297798634,4.265,-0.17900000000000027,2.41,1.8831863513063984,5.2385457011797865
RI,2019Q2,570.49,4.391663159435666,1.8241205133239458,3.5,-0.5,-12.449672939522516,-0.05359731571030757,3.8025,-0.7675000000000001,2.38,1.671194894390049,4.674928570176506
RI,2019Q3,577.35,4.303289794591092,1.2024750652947391,3.5,-0.3999999999999999,0.9167919596157148,-0.05359731571030757,3.605,-1.0225000000000004,2.04,1.6844977040391562,5.53044080713605
RI,2019Q4,584.74,5.347169675350427,1.2799861435870863,3.4,-0.3999999999999999,31.60105996447433,-0.05359731571030757,3.72,-0.9175,1.55,2.3195274699624457,7.2784485412319855
RI,2020Q1,589.62,5.2385457011797865,0.8345589492765981,3.7,0.10000000000000009,34.69315527775636,-0.05359731571030757,3.45,-0.8149999999999995,0.65,1.4940399642909163,9.278857569281907
RI,2020Q2,597.16,4.674928570176506,1.2787897289779693,13.4,9.9,3.957973568674622,2.413172602702418,3.1625,-0.6400000000000001,0.08,0.7166562831830481,14.60245160426017
RI,2020Q3,609.28,5.53044080713605,2.029606805546247,10.0,6.5,4.020235333090794,2.413172602702418,2.89,-0.7149999999999999,0.09,1.3910228912373812,19.370404411764696
RI,2020Q4,627.3,7.2784485412319855,2.9575892857142794,7.0,3.6,15.785978465466833,2.413172602702418,2.684,-1.036,0.09,1.3204191315779434,19.147138530208842
RI,2021Q1,644.33,9.278857569281907,2.7148095010361972,6.3,2.5999999999999996,16.05350129316121,2.413172602702418,3.0825,-0.36750000000000016,0.07,2.623645747764214,19.342572905188327
RI,2021Q2,684.36,14.60245160426017,6.212655005975187,6.2,-7.2,41.1323362002542,-3.366656914504562,2.975,-0.1875,0.08,5.317418943207719,20.293412823660063
RI,2021Q3,727.3,19.370404411764696,6.274475422292358,5.1,-4.9,-2.071481020309618,-3.366656914504562,2.9,0.009999999999999787,0.08,5.363523425270289,14.44245840780971
RI,2021Q4,747.41,19.147138530208842,2.7650213117008215,3.8,-3.2,9.588649665809147,-3.366656914504562,3.098,0.4139999999999997,0.08,7.159457345112474,9.467360618669796
RI,2022Q1,768.96,19.342572905188327,2.8832902958215723,3.2,-3.0999999999999996,-18.980729259463402,-3.366656914504562,4.172,1.0894999999999997,0.2,8.540780148538584,8.801498127340812
RI,2022Q2,823.24,20.293412823660063,7.058884727424042,3.2,-3.0,-22.78938936487448,4.3481850881523565,5.522,2.547,1.21,8.999298141923106,5.9581652980904565
RI,2022Q3,832.34,14.44245840780971,1.1053884650891632,3.3,-1.7999999999999998,9.611491399303018,4.3481850881523565,6.112,3.212,2.56,8.205751582451759,7.9030204003171844
RI,2022Q4,818.17,9.467360618669796,-1.702429295720509,3.0,-0.7999999999999998,-38.43806704574406,4.3481850881523565,6.364,3.266,4.1,6.410831677385809,10.337704877959354
RI,2023Q1,836.64,8.801498127340812,2.2574770524463217,2.8,-0.40000000000000036,-3.078529929034546,4.3481850881523565,6.544,2.372,4.65,4.931348641757127,9.764056224899598
RI,2023Q2,872.29,5.9581652980904565,4.261091986995602,2.6,-0.6000000000000001,-0.7152618880716388,1.413287174414779,6.714,1.1920000000000002,5.08,3.0592533347792994,9.237753499409607
RI,2023Q3,898.12,7.9030204003171844,2.961171170138366,3.1,-0.19999999999999973,-35.11013268348728,1.413287174414779,7.2,1.088,5.33,3.6950823322234427,8.030107335322679
RI,2023Q4,902.75,10.337704877959354,0.5155213111833534,3.8,0.7999999999999998,-9.491295903198838,1.413287174414779,6.815,0.4510000000000005,5.33,3.322200208829762,8.497369149819999
RI,2024Q1,918.33,9.764056224899598,1.7258377180836337,4.1,1.2999999999999998,14.588837675190325,1.413287174414779,6.82,0.2760000000000007,5.33,3.4690014354717524,8.226890115753594
RI,2024Q2,952.87,9.237753499409607,3.761175176679399,4.4,1.8000000000000003,-23.51290266342001,0.9785865114366299,6.9175,0.20350000000000001,5.33,2.9700853998204435,6.410108409331805
RI,2024Q3,970.24,8.030107335322679,1.8229139336950473,4.5,1.4,51.314754316219194,0.9785865114366299,6.18,-1.0200000000000005,5.13,2.432541464144644,5.295596965699212
RI,2024Q4,979.46,8.497369149819999,0.9502803430079254,4.5,0.7000000000000002,53.33379394274995,0.9785865114366299,6.715,-0.10000000000000053,4.48,2.872366268806581,5.235537949482372
RI,2025Q1,993.88,8.226890115753594,1.4722398056071562,4.8,0.7000000000000002,-4.559060754805932,0.9785865114366299,6.65,-0.16999999999999993,4.33,2.4055852640280317,4.673602446975478
RI,2025Q2,1013.95,6.410108409331805,2.0193584738600334,4.8,0.39999999999999947,68.41982978358718,2.156817607410244,6.8175,-0.10000000000000053,4.33,2.6726833178446263,5.020957640909307
RI,2025Q3,1021.62,5.295596965699212,0.7564475565856155,4.6,0.09999999999999964,38.826465364265616,2.156817607410244,6.3525,0.17250000000000032,4.22,2.9392196249335534,
SC,2014Q2,308.55,1.9359740989130847,1.7007811727479671,6.2,-1.3999999999999995,7.61757311266682,2.426331624243039,4.1625,0.09249999999999936,0.1,2.0589816945944195,4.871171609139524
SC,2014Q3,312.03,2.949618925071751,1.1278561011181187,6.6,-0.40000000000000036,12.184917845028798,2.426331624243039,4.1625,-0.32750000000000057,0.09,1.6840509711232077,4.666217991859756
SC,2014Q4,314.38,3.9685164362722514,0.7531327115982478,6.5,0.20000000000000018,14.695153078214563,2.426331624243039,3.864,-0.5934999999999997,0.12,0.6531213919623191,5.035307589541316
SC,2015Q1,320.18,5.534130986519004,1.8449010751319994,6.3,0.2999999999999998,-2.1846317510322066,2.426331624243039,3.77,-0.5725000000000002,0.11,-0.022031284423873476,4.078955587482036
SC,2015Q2,323.58,4.871171609139524,1.0619026797426434,6.0,-0.20000000000000018,33.74166221668169,2.9631176638405865,3.9825,-0.17999999999999972,0.13,0.1795718097550525,4.660362197910883
SC,2015Q3,326.59,4.666217991859756,0.9302181840657564,5.6,-1.0,20.0708037084687,2.9631176638405865,3.89,-0.2724999999999995,0.14,0.008842961634170088,6.148381763066846
SC,2015Q4,330.21,5.035307589541316,1.1084234054931308,5.4,-1.0999999999999996,-3.7470086510902334,2.9631176638405865,3.964,0.10000000000000009,0.24,0.6387247515364791,5.205778141182882
SC,2016Q1,333.24,4.078955587482036,0.917597892250388,5.2,-1.0999999999999996,-0.605330159996964,2.9631176638405865,3.694,-0.07600000000000007,0.36,0.8916160965521946,5.440523346537018
SC,2016Q2,338.66,4.660362197910883,1.6264554075141158,5.0,-1.0,-0.04048472661380975,3.4620403255273935,3.568,-0.41449999999999987,0.38,1.0792865347959424,5.542431937636572
SC,2016Q3,346.67,6.148381763066846,2.3652040394495977,4.7,-0.8999999999999995,1.5323371583160217,3.4620403255273935,3.46,-0.43000000000000016,0.4,1.5486446201652182,5.0768742608244155
SC,2016Q4,347.4,5.205778141182882,0.21057489831828313,4.4,-1.0,9.84597531362561,3.4620403255273935,4.198,0.23400000000000043,0.54,2.0507989115119862,5.331030512377666
SC,2017Q1,351.37,5.440523346537018,1.1427748992515863,4.2,-1.0,22.399972302801952,3.4620403255273935,4.196,0.5019999999999998,0.79,2.44119623655914,6.520192389788537
SC,2017Q2,357.43,5.542431937636572,1.7246776901841399,4.1,-0.9000000000000004,-1.320882515538202,3.445812720085706,3.904,0.33599999999999985,1.04,1.640565809959127,5.96200654673642
SC,2017Q3,364.27,5.0768742608244155,1.9136614162213572,4.2,-0.5,3.936406230052625,3.445812720085706,3.805,0.3450000000000002,1.15,2.1805652303711787,5.386114695143718
SC,2017Q4,365.92,5.331030512377666,0.45296071595246623,4.0,-0.40000000000000036,12.299606443901023,3.445812720085706,3.95,-0.24800000000000022,1.3,2.129930719552253,5.326300830782693
SC,2018Q1,374.28,6.520192389788537,2.2846523830345244,3.5,-0.7000000000000002,5.640350193297361,3.445812720085706,4.444,0.24800000000000022,1.51,2.3309497646499366,4.419151437426527
SC,2018Q2,378.74,5.96200654673642,1.1916212461259068,3.2,-0.8999999999999995,12.20201492309856,1.9850897241694199,4.57,0.6660000000000004,1.82,2.8075506935940187,5.381000158420024
SC,2018Q3,383.89,5.386114695143718,1.3597718751650056,3.3,-0.9000000000000004,3.1151184352456562,1.9850897241694199,4.6275,0.8225000000000002,1.95,2.332055105808828,5.368725416134823
SC,2018Q4,385.41,5.326300830782693,0.39594675558103365,3.2,-0.7999999999999998,7.734785608182948,1.9850897241694199,4.6375,0.6875,2.27,2.0023809043401064,5.926156560545914
SC,2019Q1,390.82,4.419151437426527,1.4036999558911134,3.1,-0.3999999999999999,4.212286847226276,1.9850897241694199,4.265,-0.17900000000000027,2.41,1.8831863513063984,5.92600173993143
SC,2019Q2,399.12,5.381000158420024,2.12373982907732,2.7,-0.5,-2.4229250666334523,2.9900292347744273,3.8025,-0.7675000000000001,2.38,1.671194894390049,4.547504509921829
SC,2019Q3,404.5,5.368725416134823,1.3479655241531274,2.4,-0.8999999999999999,-0.8833945479211902,2.9900292347744273,3.605,-1.0225000000000004,2.04,1.6844977040391562,5.006180469715704
SC,2019Q4,408.25,5.926156560545914,0.9270704573547617,2.6,-0.6000000000000001,-5.592852387331648,2.9900292347744273,3.72,-0.9175,1.55,2.3195274699624457,6.094304960195962
SC,2020Q1,413.98,5.92600173993143,1.403551745254128,3.1,0.0,-0.40666874111109363,2.9900292347744273,3.45,-0.8149999999999995,0.65,1.4940399642909163,7.055896420116903
SC,2020Q2,417.27,4.547504509921829,0.794724382820422,7.8,5.1,-5.249330869550817,3.176161265077382,3.1625,-0.6400000000000001,0.08,0.7166562831830481,12.229491696024164
SC,2020Q3,424.75,5.006180469715704,1.7926043089606214,5.8,3.4,24.8798737612141,3.176161265077382,2.89,-0.7149999999999999,0.09,1.3910228912373812,16.482636845203057
SC,2020Q4,433.13,6.094304960195962,1.9729252501471395,4.9,2.3000000000000003,50.79102024591147,3.176161265077382,2.684,-1.036,0.09,1.3204191315779434,19.523006949414736
SC,2021Q1,443.19,7.055896420116903,2.322628310207109,4.3,1.1999999999999997,26.13830572783695,3.176161265077382,3.0825,-0.36750000000000016,0.07,2.623645747764214,22.15979602427851
SC,2021Q2,468.3,12.229491696024164,5.6657415555405155,4.0,-3.8,52.612092103951326,-2.3959789357684835,2.975,-0.1875,0.08,5.317418943207719,23.104847320093945
SC,2021Q3,494.76,16.482636845203057,5.650224215246635,3.6,-2.1999999999999997,7.88629181241336,-2.3959789357684835,2.9,0.009999999999999787,0.08,5.363523425270289,20.650416363489366
SC,2021Q4,517.69,19.523006949414736,4.634570296709528,3.3,-1.6000000000000005,-2.0470833746407013,-2.3959789357684835,3.098,0.4139999999999997,0.08,7.159457345112474,16.11002723637698
SC,2022Q1,541.4,22.15979602427851,4.579960980509545,3.2,-1.0999999999999996,8.921311384876773,-2.3959789357684835,4.172,1.0894999999999997,0.2,8.540780148538584,11.592168452161067
SC,2022Q2,576.5,23.104847320093945,6.4831917251570115,3.2,-0.7999999999999998,-7.363931279457702,5.365580999801112,5.522,2.547,1.21,8.999298141923106,7.89939288811794
SC,2022Q3,596.93,20.650416363489366,3.54379878577622,3.2,-0.3999999999999999,-9.37435976247134,5.365580999801112,6.112,3.212,2.56,8.205751582451759,7.3258170974821235
SC,2022Q4,601.09,16.11002723637698,0.6968991339018071,3.1,-0.19999999999999973,-20.3994662622763,5.365580999801112,6.364,3.266,4.1,6.410831677385809,7.258480427223879
SC,2023Q1,604.16,11.592168452161067,0.5107388244688815,3.0,-0.20000000000000018,-22.725190984000054,5.365580999801112,6.544,2.372,4.65,4.931348641757127,7.79098252118644
SC,2023Q2,622.04,7.89939288811794,2.9594809322033955,2.8,-0.40000000000000036,-10.649004103842664,4.3921777618668,6.714,1.1920000000000002,5.08,3.0592533347792994,7.3049964632499576
SC,2023Q3,640.66,7.3258170974821235,2.993376631727873,3.0,-0.20000000000000018,0.7409201396551879,4.3921777618668,7.2,1.088,5.33,3.6950823322234427,5.258639527986775
SC,2023Q4,644.72,7.258480427223879,0.6337214747291986,3.3,0.19999999999999973,-0.01678318306150839,4.3921777618668,6.815,0.4510000000000005,5.33,3.322200208829762,5.791661496463574
SC,2024Q1,651.23,7.79098252118644,1.0097406626132344,3.7,0.7000000000000002,21.626885416455323,4.3921777618668,6.82,0.2760000000000007,5.33,3.4690014354717524,6.21592985581132
SC,2024Q2,667.48,7.3049964632499576,2.4952781659321577,4.4,1.6000000000000005,11.33158616999701,3.6745859938388525,6.9175,0.20350000000000001,5.33,2.9700853998204435,4.647330257086346
SC,2024Q3,674.35,5.258639527986775,1.0292443219272585,4.5,1.5,10.034025289057924,3.6745859938388525,6.18,-1.0200000000000005,5.13,2.432541464144644,4.783865944984056
SC,2024Q4,682.06,5.791661496463574,1.1433232001186289,4.4,1.1000000000000005,8.863595422832283,3.6745859938388525,6.715,-0.10000000000000053,4.48,2.872366268806581,4.065624725097505
SC,2025Q1,691.71,6.21592985581132,1.414831539747241,4.1,0.39999999999999947,0.4965091647978648,3.6745859938388525,6.65,-0.16999999999999993,4.33,2.4055852640280317,3.5896546240476335
SC,2025Q2,698.5,4.647330257086346,0.9816252475748355,4.1,-0.3000000000000007,-2.6614200579208713,4.508757778030037,6.8175,-0.10000000000000053,4.33,2.6726833178446263,3.8167501789549085
SC,2025Q3,706.61,4.783865944984056,1.1610594130279095,4.3,-0.2999999999999998,-6.939925525938884,4.508757778030037,6.3525,0.17250000000000032,4.22,2.9392196249335534,
SD,2014Q2,312.51,3.312506198552012,1.6424900800104059,6.2,-0.8999999999999995,8.115577092948346,2.0117690216737705,4.1625,0.09249999999999936,0.1,2.0589816945944195,3.9966721064925936
SD,2014Q3,315.31,2.8844585114366827,0.8959713289174775,5.9,-1.0499999999999998,6.42722838258325,2.0117690216737705,4.1625,-0.32750000000000057,0.09,1.6840509711232077,4.1831848022581
SD,2014Q4,318.12,3.3125487139516796,0.8911864514287604,5.6,-1.0,15.951871687325369,2.0117690216737705,3.864,-0.5934999999999997,0.12,0.6531213919623191,4.482585187979371
SD,2015Q1,321.13,4.4461068106420365,0.946183830001246,5.55,-0.7000000000000002,-5.947862671303739,2.0117690216737705,3.77,-0.5725000000000002,0.11,-0.022031284423873476,4.287983059820011
SD,2015Q2,325.0,3.9966721064925936,1.2051194220409123,5.25,-0.9500000000000002,0.5181761245113492,1.2374290793991438,3.9825,-0.17999999999999972,0.13,0.1795718097550525,3.9476923076922965
SD,2015Q3,328.5,4.1831848022581,1.0769230769230864,5.0,-0.9000000000000004,5.18190669595846,1.2374290793991438,3.89,-0.2724999999999995,0.14,0.008842961634170088,4.846270928462704
SD,2015Q4,332.38,4.482585187979371,1.1811263318112664,4.9,-0.6999999999999993,8.78288903512152,1.2374290793991438,3.964,0.10000000000000009,0.24,0.6387247515364791,4.245141103556183
SD,2016Q1,334.9,4.287983059820011,0.7581683615139223,4.9,-0.6499999999999995,16.362753450319588,1.2374290793991438,3.694,-0.07600000000000007,0.36,0.8916160965521946,4.329650641982674
SD,2016Q2,337.83,3.9476923076922965,0.8748880262765102,4.9,-0.34999999999999964,9.41086131871758,2.4299044105283496,3.568,-0.41449999999999987,0.38,1.0792865347959424,5.63893082319511
SD,2016Q3,344.42,4.846270928462704,1.9506852558979437,4.7,-0.2999999999999998,1.6681740595528405,2.4299044105283496,3.46,-0.43000000000000016,0.4,1.5486446201652182,4.985192497532065
SD,2016Q4,346.49,4.245141103556183,0.601010394286039,4.6,-0.3000000000000007,-9.793380461439781,2.4299044105283496,4.198,0.23400000000000043,0.54,2.0507989115119862,4.712978729544859
SD,2017Q1,349.4,4.329650641982674,0.8398510779531687,4.45,-0.4500000000000002,1.501628874989036,2.4299044105283496,4.196,0.5019999999999998,0.79,2.44119623655914,5.208929593589029
SD,2017Q2,356.88,5.63893082319511,2.1408128219805533,4.3,-0.6000000000000005,0.4163157814666363,3.1186791253703827,3.904,0.33599999999999985,1.04,1.640565809959127,4.155458417395197
SD,2017Q3,361.59,4.985192497532065,1.3197713517148602,4.15,-0.5499999999999998,3.800522074415036,3.1186791253703827,3.805,0.3450000000000002,1.15,2.1805652303711787,4.223015017008214
SD,2017Q4,362.82,4.712978729544859,0.3401642744544908,4.1,-0.5,14.592708423029555,3.1186791253703827,3.95,-0.24800000000000022,1.3,2.129930719552253,4.894989250868198
SD,2018Q1,367.6,5.208929593589029,1.317457692519719,4.0,-0.4500000000000002,8.603325966549358,3.1186791253703827,4.444,0.24800000000000022,1.51,2.3309497646499366,4.096844396082688
SD,2018Q2,371.71,4.155458417395197,1.118063112078338,3.8,-0.5,9.20730201157005,3.478636597733309,4.57,0.6660000000000004,1.82,2.8075506935940187,4.546555110166528
SD,2018Q3,376.86,4.223015017008214,1.385488687417613,3.75,-0.40000000000000036,-2.8130021340918687,3.478636597733309,4.6275,0.8225000000000002,1.95,2.332055105808828,4.349095154699345
SD,2018Q4,380.58,4.894989250868198,0.9871039643368773,3.65,-0.44999999999999973,-5.370747810164933,3.478636597733309,4.6375,0.6875,2.27,2.0023809043401064,4.637658310999004
SD,2019Q1,382.66,4.096844396082688,0.5465342372168891,3.5,-0.5,-11.839891186409822,3.478636597733309,4.265,-0.17900000000000027,2.41,1.8831863513063984,5.433021481210454
SD,2019Q2,388.61,4.546555110166528,1.554905137720164,3.4,-0.3999999999999999,-8.558785075041552,3.440723631940812,3.8025,-0.7675000000000001,2.38,1.671194894390049,4.269061526980766
SD,2019Q3,393.25,4.349095154699345,1.193999125086842,3.5,-0.25,8.379614157768177,3.440723631940812,3.605,-1.0225000000000004,2.04,1.6844977040391562,4.455181182453916
SD,2019Q4,398.23,4.637658310999004,1.2663699936427353,3.45,-0.19999999999999973,14.737451702342597,3.440723631940812,3.72,-0.9175,1.55,2.3195274699624457,5.752956833990397
SD,2020Q1,403.45,5.433021481210454,1.3108002912889383,3.7,0.20000000000000018,17.840577337232833,3.440723631940812,3.45,-0.8149999999999995,0.65,1.4940399642909163,5.750402776056518
SD,2020Q2,405.2,4.269061526980766,0.43375883009046934,9.8,6.4,-2.9626710612287277,2.7564984647133084,3.1625,-0.6400000000000001,0.08,0.7166562831830481,12.406219151036545
SD,2020Q3,410.77,4.455181182453916,1.3746298124382994,7.1,3.5999999999999996,5.842373268411416,2.7564984647133084,2.89,-0.7149999999999999,0.09,1.3910228912373812,17.094724541714346
SD,2020Q4,421.14,5.752956833990397,2.524527107627139,6.25,2.8,9.496507472483895,2.7564984647133084,2.684,-1.036,0.09,1.3204191315779434,18.362064871539175
SD,2021Q1,426.65,5.750402776056518,1.3083535166452887,5.95,2.25,16.939312023917765,2.7564984647133084,3.0825,-0.36750000000000016,0.07,2.623645747764214,20.684401734442748
SD,2021Q2,455.47,12.406219151036545,6.75495136528772,5.35,-4.450000000000001,33.418490298572465,-4.153097608873213,2.975,-0.1875,0.08,5.317418943207719,20.644608865567427
SD,2021Q3,480.99,17.094724541714346,5.603003490899505,4.45,-2.6499999999999995,5.612555334625857,-4.153097608873213,2.9,0.009999999999999787,0.08,5.363523425270289,16.682259506434647
SD,2021Q4,498.47,18.362064871539175,3.634171188590196,3.8,-2.45,0.2942735569262833,-4.153097608873213,3.098,0.4139999999999997,0.08,7.159457345112474,12.283587778602524
SD,2022Q1,514.9,20.684401734442748,3.296086023231082,3.25,-2.7,4.607786130530411,-4.153097608873213,4.172,1.0894999999999997,0.2,8.540780148538584,9.559137696640141
SD,2022Q2,549.5,20.644608865567427,6.7197514080403975,3.25,-2.0999999999999996,4.824152177090046,6.420080256178262,5.522,2.547,1.21,8.999298141923106,4.99363057324842
SD,2022Q3,561.23,16.682259506434647,2.134667879890806,3.3,-1.1500000000000004,-5.146560181641302,6.420080256178262,6.112,3.212,2.56,8.205751582451759,4.76631683979829
SD,2022Q4,559.7,12.283587778602524,-0.27261550522957867,3.3,-0.5,-21.40984800842106,6.420080256178262,6.364,3.266,4.1,6.410831677385809,5.024120064320181
SD,2023Q1,564.12,9.559137696640141,0.7897087725567298,3.2,-0.04999999999999982,-23.799221224283894,6.420080256178262,6.544,2.372,4.65,4.931348641757127,5.890590654470684
SD,2023Q2,576.94,4.99363057324842,2.2725661206835612,3.2,-0.04999999999999982,-18.880268185728067,1.20525616505196,6.714,1.1920000000000002,5.08,3.0592533347792994,4.681596006517141
SD,2023Q3,587.98,4.76631683979829,1.9135438693798301,3.4,0.10000000000000009,-7.742069712973998,1.20525616505196,7.2,1.088,5.33,3.6950823322234427,3.2501105479778136
SD,2023Q4,587.82,5.024120064320181,-0.0272118099254981,3.55,0.25,8.376872059312612,1.20525616505196,6.815,0.4510000000000005,5.33,3.322200208829762,4.39420230682861
SD,2024Q1,597.35,5.890590654470684,1.6212445986866664,3.55,0.34999999999999964,6.472917691236413,1.20525616505196,6.82,0.2760000000000007,5.33,3.4690014354717524,2.9296057587678836
SD,2024Q2,603.95,4.681596006517141,1.1048798861639009,3.65,0.44999999999999973,-3.8189638600984344,2.567833446797918,6.9175,0.20350000000000001,5.33,2.9700853998204435,4.089742528354989
SD,2024Q3,607.09,3.2501105479778136,0.5199105886248834,3.75,0.3500000000000001,3.9595355583202263,2.567833446797918,6.18,-1.0200000000000005,5.13,2.432541464144644,4.305786621423513
SD,2024Q4,613.65,4.39420230682861,1.080564660923411,3.75,0.20000000000000018,-3.091944950136505,2.567833446797918,6.715,-0.10000000000000053,4.48,2.872366268806581,3.635622912083436
SD,2025Q1,614.85,2.9296057587678836,0.1955512099731216,3.8,0.25,-4.691472838601197,2.567833446797918,6.65,-0.16999999999999993,4.33,2.4055852640280317,4.1652435553386935
SD,2025Q2,628.65,4.089742528354989,2.24444986582093,4.0,0.3500000000000001,0.7027991475745843,2.6492151058202795,6.8175,-0.10000000000000053,4.33,2.6726833178446263,2.203133699196691
SD,2025Q3,633.23,4.305786621423513,0.7285452954744365,3.95,0.25,-8.75059957989086,2.6492151058202795,6.3525,0.17250000000000032,4.22,2.9392196249335534,
TN,2014Q2,291.22,3.372142552889401,2.064276451827718,6.2,-0.8999999999999995,8.115577092948346,2.0117690216737705,4.1625,0.09249999999999936,0.1,2.0589816945944195,4.360964219490415
TN,2014Q3,293.69,4.031029719103119,0.8481560332394666,5.9,-1.0499999999999998,6.42722838258325,2.0117690216737705,4.1625,-0.32750000000000057,0.09,1.6840509711232077,5.311723245599098
TN,2014Q4,297.65,4.865417136414885,1.3483605161905388,5.6,-1.0,15.951871687325369,2.0117690216737705,3.864,-0.5934999999999997,0.12,0.6531213919623191,4.804300352763313
TN,2015Q1,300.23,5.222023621771288,0.866789853855221,5.55,-0.7000000000000002,-5.947862671303739,2.0117690216737705,3.77,-0.5725000000000002,0.11,-0.022031284423873476,5.295939779502379
TN,2015Q2,303.92,4.360964219490415,1.2290577224128185,5.25,-0.9500000000000002,0.5181761245113492,1.2374290793991438,3.9825,-0.17999999999999972,0.13,0.1795718097550525,5.935772571729392
TN,2015Q3,309.29,5.311723245599098,1.7669123453540436,5.0,-0.9000000000000004,5.18190669595846,1.2374290793991438,3.89,-0.2724999999999995,0.14,0.008842961634170088,6.01377348119887
TN,2015Q4,311.95,4.804300352763313,0.8600342720424203,4.9,-0.6999999999999993,8.78288903512152,1.2374290793991438,3.964,0.10000000000000009,0.24,0.6387247515364791,6.491424907837784
TN,2016Q1,316.13,5.295939779502379,1.339958326654922,4.9,-0.6499999999999995,16.362753450319588,1.2374290793991438,3.694,-0.07600000000000007,0.36,0.8916160965521946,6.2790624110334425
TN,2016Q2,321.96,5.935772571729392,1.844178028026433,4.9,-0.34999999999999964,9.41086131871758,2.4299044105283496,3.568,-0.41449999999999987,0.38,1.0792865347959424,7.013293576841861
TN,2016Q3,327.89,6.01377348119887,1.841843707292834,4.7,-0.2999999999999998,1.6681740595528405,2.4299044105283496,3.46,-0.43000000000000016,0.4,1.5486446201652182,7.136539693189792
TN,2016Q4,332.2,6.491424907837784,1.314465216993499,4.6,-0.3000000000000007,-9.793380461439781,2.4299044105283496,4.198,0.23400000000000043,0.54,2.0507989115119862,7.128236002408195
TN,2017Q1,335.98,6.2790624110334425,1.1378687537628052,4.45,-0.4500000000000002,1.501628874989036,2.4299044105283496,4.196,0.5019999999999998,0.79,2.44119623655914,7.50937555806892
TN,2017Q2,344.54,7.013293576841861,2.547770700636942,4.3,-0.6000000000000005,0.4163157814666363,3.1186791253703827,3.904,0.33599999999999985,1.04,1.640565809959127,7.177686190282695
TN,2017Q3,351.29,7.136539693189792,1.9591339176873612,4.15,-0.5499999999999998,3.800522074415036,3.1186791253703827,3.805,0.3450000000000002,1.15,2.1805652303711787,6.6981696034615235
TN,2017Q4,355.88,7.128236002408195,1.3066127700759989,4.1,-0.5,14.592708423029555,3.1186791253703827,3.95,-0.24800000000000022,1.3,2.129930719552253,6.361694953355057
TN,2018Q1,361.21,7.50937555806892,1.497695852534564,4.0,-0.4500000000000002,8.603325966549358,3.1186791253703827,4.444,0.24800000000000022,1.51,2.3309497646499366,5.946679217075945
TN,2018Q2,369.27,7.177686190282695,2.2313889427203026,3.8,-0.5,9.20730201157005,3.478636597733309,4.57,0.6660000000000004,1.82,2.8075506935940187,5.697727949738685
TN,2018Q3,374.82,6.6981696034615235,1.502965309935833,3.75,-0.40000000000000036,-2.8130021340918687,3.478636597733309,4.6275,0.8225000000000002,1.95,2.332055105808828,5.621364921829142
TN,2018Q4,378.52,6.361694953355057,0.9871404941038442,3.65,-0.44999999999999973,-5.370747810164933,3.478636597733309,4.6375,0.6875,2.27,2.0023809043401064,5.886082637641343
TN,2019Q1,382.69,5.946679217075945,1.1016590933107917,3.5,-0.5,-11.839891186409822,3.478636597733309,4.265,-0.17900000000000027,2.41,1.8831863513063984,6.287073087877926
TN,2019Q2,390.31,5.697727949738685,1.9911677859363985,3.4,-0.3999999999999999,-8.558785075041552,3.440723631940812,3.8025,-0.7675000000000001,2.38,1.671194894390049,5.395711101432199
TN,2019Q3,395.89,5.621364921829142,1.4296328559350258,3.5,-0.25,8.379614157768177,3.440723631940812,3.605,-1.0225000000000004,2.04,1.6844977040391562,6.133016747076225
TN,2019Q4,400.8,5.886082637641343,1.240243501982885,3.45,-0.19999999999999973,14.737451702342597,3.440723631940812,3.72,-0.9175,1.55,2.3195274699624457,7.402694610778449
TN,2020Q1,406.75,6.287073087877926,1.4845309381237515,3.7,0.20000000000000018,17.840577337232833,3.440723631940812,3.45,-0.8149999999999995,0.65,1.4940399642909163,8.87277197295635
TN,2020Q2,411.37,5.395711101432199,1.1358328211432012,9.8,6.4,-2.9626710612287277,2.7564984647133084,3.1625,-0.6400000000000001,0.08,0.7166562831830481,14.327734156598693
TN,2020Q3,420.17,6.133016747076225,2.139193426842012,7.1,3.5999999999999996,5.842373268411416,2.7564984647133084,2.89,-0.7149999999999999,0.09,1.3910228912373812,19.44213056619939
TN,2020Q4,430.47,7.402694610778449,2.4513887236118803,6.25,2.8,9.496507472483895,2.7564984647133084,2.684,-1.036,0.09,1.3204191315779434,22.612493321253503
TN,2021Q1,442.84,8.87277197295635,2.8736032708434944,5.95,2.25,16.939312023917765,2.7564984647133084,3.0825,-0.36750000000000016,0.07,2.623645747764214,25.20097552163312
TN,2021Q2,470.31,14.327734156598693,6.203143347484419,5.35,-4.450000000000001,33.418490298572465,-4.153097608873213,2.975,-0.1875,0.08,5.317418943207719,26.85462779868597
TN,2021Q3,501.86,19.44213056619939,6.708341306797649,4.45,-2.6499999999999995,5.612555334625857,-4.153097608873213,2.9,0.009999999999999787,0.08,5.363523425270289,22.21137368987367
TN,2021Q4,527.81,22.612493321253503,5.170764755110979,3.8,-2.45,0.2942735569262833,-4.153097608873213,3.098,0.4139999999999997,0.08,7.159457345112474,15.515052765199622
TN,2022Q1,554.44,25.20097552163312,5.045376177033423,3.25,-2.7,4.607786130530411,-4.153097608873213,4.172,1.0894999999999997,0.2,8.540780148538584,11.186061611716314
TN,2022Q2,596.61,26.85462779868597,7.605872592165053,3.25,-2.0999999999999996,4.824152177090046,6.420080256178262,5.522,2.547,1.21,8.999298141923106,5.7022175290390775
TN,2022Q3,613.33,22.21137368987367,2.8025007961649973,3.3,-1.1500000000000004,-5.146560181641302,6.420080256178262,6.112,3.212,2.56,8.205751582451759,3.8788254283990575
TN,2022Q4,609.7,15.515052765199622,-0.5918510426687118,3.3,-0.5,-21.40984800842106,6.420080256178262,6.364,3.266,4.1,6.410831677385809,5.205838937182228
TN,2023Q1,616.46,11.186061611716314,1.1087420042643847,3.2,-0.04999999999999982,-23.799221224283894,6.420080256178262,6.544,2.372,4.65,4.931348641757127,5.7635531907990645
TN,2023Q2,630.63,5.7022175290390775,2.2986081822016002,3.2,-0.04999999999999982,-18.880268185728067,1.20525616505196,6.714,1.1920000000000002,5.08,3.0592533347792994,5.1948051948051965
TN,2023Q3,637.12,3.8788254283990575,1.0291296005581652,3.4,0.10000000000000009,-7.742069712973998,1.20525616505196,7.2,1.088,5.33,3.6950823322234427,5.096371170266201
TN,2023Q4,641.44,5.205838937182228,0.6780512305374353,3.55,0.25,8.376872059312612,1.20525616505196,6.815,0.4510000000000005,5.33,3.322200208829762,5.327076577700174
TN,2024Q1,651.99,5.7635531907990645,1.6447368421052655,3.55,0.34999999999999964,6.472917691236413,1.20525616505196,6.82,0.2760000000000007,5.33,3.4690014354717524,3.9448457798432424
TN,2024Q2,663.39,5.1948051948051965,1.748493075047164,3.65,0.44999999999999973,-3.8189638600984344,2.567833446797918,6.9175,0.20350000000000001,5.33,2.9700853998204435,3.6388851203666084
TN,2024Q3,669.59,5.096371170266201,0.9345935271861228,3.75,0.3500000000000001,3.9595355583202263,2.567833446797918,6.18,-1.0200000000000005,5.13,2.432541464144644,3.67090308995055
TN,2024Q4,675.61,5.327076577700174,0.8990576322824406,3.75,0.20000000000000018,-3.091944950136505,2.567833446797918,6.715,-0.10000000000000053,4.48,2.872366268806581,3.208951910125646
TN,2025Q1,677.71,3.9448457798432424,0.31083021269666666,3.8,0.25,-4.691472838601197,2.567833446797918,6.65,-0.16999999999999993,4.33,2.4055852640280317,3.538386625547796
TN,2025Q2,687.53,3.6388851203666084,1.4489973587522575,4.0,0.3500000000000001,0.7027991475745843,2.6492151058202795,6.8175,-0.10000000000000053,4.33,2.6726833178446263,2.5947958634532364
TN,2025Q3,694.17,3.67090308995055,0.9657760388637637,3.95,0.25,-8.75059957989086,2.6492151058202795,6.3525,0.17250000000000032,4.22,2.9392196249335534,
TX,2014Q2,247.4,7.183086387661386,2.5364721485411135,6.2,-0.8999999999999995,8.115577092948346,2.0117690216737705,4.1625,0.09249999999999936,0.1,2.0589816945944195,7.14227970897332
TX,2014Q3,251.86,7.3846678604928995,1.802748585286995,5.9,-1.0499999999999998,6.42722838258325,2.0117690216737705,4.1625,-0.32750000000000057,0.09,1.6840509711232077,7.464464384975789
TX,2014Q4,254.91,7.398356856962285,1.2109902326689292,5.6,-1.0,15.951871687325369,2.0117690216737705,3.864,-0.5934999999999997,0.12,0.6531213919623191,7.077007571299676
TX,2015Q1,258.62,7.186671087533147,1.455415636891444,5.55,-0.7000000000000002,-5.947862671303739,2.0117690216737705,3.77,-0.5725000000000002,0.11,-0.022031284423873476,7.060552161472433
TX,2015Q2,265.07,7.14227970897332,2.4940066506843994,5.25,-0.9500000000000002,0.5181761245113492,1.2374290793991438,3.9825,-0.17999999999999972,0.13,0.1795718097550525,7.122646848002412
TX,2015Q3,270.66,7.464464384975789,2.1088769004414143,5.0,-0.9000000000000004,5.18190669595846,1.2374290793991438,3.89,-0.2724999999999995,0.14,0.008842961634170088,7.053129387423329
TX,2015Q4,272.95,7.077007571299676,0.8460799527081786,4.9,-0.6999999999999993,8.78288903512152,1.2374290793991438,3.964,0.10000000000000009,0.24,0.6387247515364791,7.221102766074394
TX,2016Q1,276.88,7.060552161472433,1.439824143616053,4.9,-0.6499999999999995,16.362753450319588,1.2374290793991438,3.694,-0.07600000000000007,0.36,0.8916160965521946,7.086102282577289
TX,2016Q2,283.95,7.122646848002412,2.553452759318109,4.9,-0.34999999999999964,9.41086131871758,2.4299044105283496,3.568,-0.41449999999999987,0.38,1.0792865347959424,7.515407642190541
TX,2016Q3,289.75,7.053129387423329,2.042613136115512,4.7,-0.2999999999999998,1.6681740595528405,2.4299044105283496,3.46,-0.43000000000000016,0.4,1.5486446201652182,6.8852459016393475
TX,2016Q4,292.66,7.221102766074394,1.0043140638481551,4.6,-0.3000000000000007,-9.793380461439781,2.4299044105283496,4.198,0.23400000000000043,0.54,2.0507989115119862,6.751862229207961
TX,2017Q1,296.5,7.086102282577289,1.3121027813845387,4.45,-0.4500000000000002,1.501628874989036,2.4299044105283496,4.196,0.5019999999999998,0.79,2.44119623655914,6.802698145025299
TX,2017Q2,305.29,7.515407642190541,2.964586846543016,4.3,-0.6000000000000005,0.4163157814666363,3.1186791253703827,3.904,0.33599999999999985,1.04,1.640565809959127,5.984473779029775
TX,2017Q3,309.7,6.8852459016393475,1.4445281535589105,4.15,-0.5499999999999998,3.800522074415036,3.1186791253703827,3.805,0.3450000000000002,1.15,2.1805652303711787,5.844365515014527
TX,2017Q4,312.42,6.751862229207961,0.8782692928640756,4.1,-0.5,14.592708423029555,3.1186791253703827,3.95,-0.24800000000000022,1.3,2.129930719552253,5.220536457333069
TX,2018Q1,316.67,6.802698145025299,1.3603482491517882,4.0,-0.4500000000000002,8.603325966549358,3.1186791253703827,4.444,0.24800000000000022,1.51,2.3309497646499366,5.068367701392629
TX,2018Q2,323.56,5.984473779029775,2.1757665708781904,3.8,-0.5,9.20730201157005,3.478636597733309,4.57,0.6660000000000004,1.82,2.8075506935940187,4.639015947583136
TX,2018Q3,327.8,5.844365515014527,1.3104215601434044,3.75,-0.40000000000000036,-2.8130021340918687,3.478636597733309,4.6275,0.8225000000000002,1.95,2.332055105808828,4.49664429530201
TX,2018Q4,328.73,5.220536457333069,0.283709579011604,3.65,-0.44999999999999973,-5.370747810164933,3.478636597733309,4.6375,0.6875,2.27,2.0023809043401064,4.979770632433911
TX,2019Q1,332.72,5.068367701392629,1.2137620539652616,3.5,-0.5,-11.839891186409822,3.478636597733309,4.265,-0.17900000000000027,2.41,1.8831863513063984,4.841909112767473
TX,2019Q2,338.57,4.639015947583136,1.7582351526809203,3.4,-0.3999999999999999,-8.558785075041552,3.440723631940812,3.8025,-0.7675000000000001,2.38,1.671194894390049,3.8160498567504586
TX,2019Q3,342.54,4.49664429530201,1.1725787872522764,3.5,-0.25,8.379614157768177,3.440723631940812,3.605,-1.0225000000000004,2.04,1.6844977040391562,4.186372394464866
TX,2019Q4,345.1,4.979770632433911,0.747357972791507,3.45,-0.19999999999999973,14.737451702342597,3.440723631940812,3.72,-0.9175,1.55,2.3195274699624457,5.749058243987237
TX,2020Q1,348.83,4.841909112767473,1.080846131556057,3.7,0.20000000000000018,17.840577337232833,3.440723631940812,3.45,-0.8149999999999995,0.65,1.4940399642909163,7.123813892153774
TX,2020Q2,351.49,3.8160498567504586,0.7625490926812528,9.8,6.4,-2.9626710612287277,2.7564984647133084,3.1625,-0.6400000000000001,0.08,0.7166562831830481,12.515292042447857
TX,2020Q3,356.88,4.186372394464866,1.5334717915161056,7.1,3.5999999999999996,5.842373268411416,2.7564984647133084,2.89,-0.7149999999999999,0.09,1.3910228912373812,17.823918403945306
TX,2020Q4,364.94,5.749058243987237,2.2584622281999644,6.25,2.8,9.496507472483895,2.7564984647133084,2.684,-1.036,0.09,1.3204191315779434,19.953965035348276
TX,2021Q1,373.68,7.123813892153774,2.394914232476575,5.95,2.25,16.939312023917765,2.7564984647133084,3.0825,-0.36750000000000016,0.07,2.623645747764214,22.564761293085
TX,2021Q2,395.48,12.515292042447857,5.833868550631549,5.35,-4.450000000000001,33.418490298572465,-4.153097608873213,2.975,-0.1875,0.08,5.317418943207719,23.659856377060784
TX,2021Q3,420.49,17.823918403945306,6.323960756548996,4.45,-2.6499999999999995,5.612555334625857,-4.153097608873213,2.9,0.009999999999999787,0.08,5.363523425270289,18.93029560750552
TX,2021Q4,437.76,19.953965035348276,4.107113129919848,3.8,-2.45,0.2942735569262833,-4.153097608873213,3.098,0.4139999999999997,0.08,7.159457345112474,12.714729532163748
TX,2022Q1,458.0,22.564761293085,4.623538011695905,3.25,-2.7,4.607786130530411,-4.153097608873213,4.172,1.0894999999999997,0.2,8.540780148538584,8.106986899563328
TX,2022Q2,489.05,23.659856377060784,6.7794759825327455,3.25,-2.0999999999999996,4.824152177090046,6.420080256178262,5.522,2.547,1.21,8.999298141923106,2.2942439423371708
TX,2022Q3,500.09,18.93029560750552,2.257437889786318,3.3,-1.1500000000000004,-5.146560181641302,6.420080256178262,6.112,3.212,2.56,8.205751582451759,1.127796996540642
TX,2022Q4,493.42,12.714729532163748,-1.3337599232138175,3.3,-0.5,-21.40984800842106,6.420080256178262,6.364,3.266,4.1,6.410831677385809,1.7307770256576482
TX,2023Q1,495.13,8.106986899563328,0.3465607393295711,3.2,-0.04999999999999982,-23.799221224283894,6.420080256178262,6.544,2.372,4.65,4.931348641757127,2.6619271706420644
TX,2023Q2,500.27,2.2942439423371708,1.0381112031183637,3.2,-0.04999999999999982,-18.880268185728067,1.20525616505196,6.714,1.1920000000000002,5.08,3.0592533347792994,2.866452115857454
TX,2023Q3,505.73,1.127796996540642,1.0914106382553523,3.4,0.10000000000000009,-7.742069712973998,1.20525616505196,7.2,1.088,5.33,3.6950823322234427,2.121685484349367
TX,2023Q4,501.96,1.7307770256576482,-0.7454570620686995,3.55,0.25,8.376872059312612,1.20525616505196,6.815,0.4510000000000005,5.33,3.322200208829762,3.512232050362596
TX,2024Q1,508.31,2.6619271706420644,1.2650410391266353,3.55,0.34999999999999964,6.472917691236413,1.20525616505196,6.82,0.2760000000000007,5.33,3.4690014354717524,2.4414235407526963
TX,2024Q2,514.61,2.866452115857454,1.239401152839803,3.65,0.44999999999999973,-3.8189638600984344,2.567833446797918,6.9175,0.20350000000000001,5.33,2.9700853998204435,1.6497930471619293
TX,2024Q3,516.46,2.121685484349367,0.35949554031209363,3.75,0.3500000000000001,3.9595355583202263,2.567833446797918,6.18,-1.0200000000000005,5.13,2.432541464144644,1.665182201913007
TX,2024Q4,519.59,3.512232050362596,0.6060488711613576,3.75,0.20000000000000018,-3.091944950136505,2.567833446797918,6.715,-0.10000000000000053,4.48,2.872366268806581,1.258684732192683
TX,2025Q1,520.72,2.4414235407526963,0.2174791662657105,3.8,0.25,-4.691472838601197,2.567833446797918,6.65,-0.16999999999999993,4.33,2.4055852640280317,1.4960055308034903
TX,2025Q2,523.1,1.6497930471619293,0.457059456137654,4.0,0.3500000000000001,0.7027991475745843,2.6492151058202795,6.8175,-0.10000000000000053,4.33,2.6726833178446263,1.5694895813419762
TX,2025Q3,525.06,1.665182201913007,0.37468935194033826,3.95,0.25,-8.75059957989086,2.6492151058202795,6.3525,0.17250000000000032,4.22,2.9392196249335534,
UT,2014Q2,347.53,6.206833323146488,1.8582021747413302,6.2,-0.8999999999999995,8.115577092948346,2.0117690216737705,4.1625,0.09249999999999936,0.1,2.0589816945944195,5.047046298161306
UT,2014Q3,351.41,5.001942211730959,1.1164503783846147,5.9,-1.0499999999999998,6.42722838258325,2.0117690216737705,4.1625,-0.32750000000000057,0.09,1.6840509711232077,5.910474943797839
UT,2014Q4,355.51,4.873300097347988,1.166728323041455,5.6,-1.0,15.951871687325369,2.0117690216737705,3.864,-0.5934999999999997,0.12,0.6531213919623191,6.120784225478881
UT,2015Q1,359.22,5.2844456168117615,1.0435712075609782,5.55,-0.7000000000000002,-5.947862671303739,2.0117690216737705,3.77,-0.5725000000000002,0.11,-0.022031284423873476,6.5252491509381505
UT,2015Q2,365.07,5.047046298161306,1.628528478369784,5.25,-0.9500000000000002,0.5181761245113492,1.2374290793991438,3.9825,-0.17999999999999972,0.13,0.1795718097550525,7.228750650560167
UT,2015Q3,372.18,5.910474943797839,1.9475716985783542,5.0,-0.9000000000000004,5.18190669595846,1.2374290793991438,3.89,-0.2724999999999995,0.14,0.008842961634170088,7.603847600623359
UT,2015Q4,377.27,6.120784225478881,1.367617819334721,4.9,-0.6999999999999993,8.78288903512152,1.2374290793991438,3.964,0.10000000000000009,0.24,0.6387247515364791,7.3687279667081995
UT,2016Q1,382.66,6.5252491509381505,1.428685026638754,4.9,-0.6499999999999995,16.362753450319588,1.2374290793991438,3.694,-0.07600000000000007,0.36,0.8916160965521946,7.724873255631626
UT,2016Q2,391.46,7.228750650560167,2.2996916322583827,4.9,-0.34999999999999964,9.41086131871758,2.4299044105283496,3.568,-0.41449999999999987,0.38,1.0792865347959424,8.82593368415674
UT,2016Q3,400.48,7.603847600623359,2.304194553721972,4.7,-0.2999999999999998,1.6681740595528405,2.4299044105283496,3.46,-0.43000000000000016,0.4,1.5486446201652182,8.861865761086696
UT,2016Q4,405.07,7.3687279667081995,1.1461246504195,4.6,-0.3000000000000007,-9.793380461439781,2.4299044105283496,4.198,0.23400000000000043,0.54,2.0507989115119862,9.050287604611551
UT,2017Q1,412.22,7.724873255631626,1.7651270150838227,4.45,-0.4500000000000002,1.501628874989036,2.4299044105283496,4.196,0.5019999999999998,0.79,2.44119623655914,9.388190771917904
UT,2017Q2,426.01,8.82593368415674,3.3453010528358584,4.3,-0.6000000000000005,0.4163157814666363,3.1186791253703827,3.904,0.33599999999999985,1.04,1.640565809959127,9.391798314593558
UT,2017Q3,435.97,8.861865761086696,2.3379732870120407,4.15,-0.5499999999999998,3.800522074415036,3.1186791253703827,3.805,0.3450000000000002,1.15,2.1805652303711787,9.115306099043497
UT,2017Q4,441.73,9.050287604611551,1.3211918251255783,4.1,-0.5,14.592708423029555,3.1186791253703827,3.95,-0.24800000000000022,1.3,2.129930719552253,9.089262671767816
UT,2018Q1,450.92,9.388190771917904,2.080456387385965,4.0,-0.4500000000000002,8.603325966549358,3.1186791253703827,4.444,0.24800000000000022,1.51,2.3309497646499366,8.69777344096514
UT,2018Q2,466.02,9.391798314593558,3.3487093054200168,3.8,-0.5,9.20730201157005,3.478636597733309,4.57,0.6660000000000004,1.82,2.8075506935940187,7.319428350714574
UT,2018Q3,475.71,9.115306099043497,2.079309900862625,3.75,-0.40000000000000036,-2.8130021340918687,3.478636597733309,4.6275,0.8225000000000002,1.95,2.332055105808828,6.84450610666163
UT,2018Q4,481.88,9.089262671767816,1.2970086817599036,3.65,-0.44999999999999973,-5.370747810164933,3.478636597733309,4.6375,0.6875,2.27,2.0023809043401064,7.0307960488088295
UT,2019Q1,490.14,8.69777344096514,1.7141196978500917,3.5,-0.5,-11.839891186409822,3.478636597733309,4.265,-0.17900000000000027,2.41,1.8831863513063984,6.612396458154812
UT,2019Q2,500.13,7.319428350714574,2.0381931692985633,3.4,-0.3999999999999999,-8.558785075041552,3.440723631940812,3.8025,-0.7675000000000001,2.38,1.671194894390049,6.374342670905553
UT,2019Q3,508.27,6.84450610666163,1.627576830024191,3.5,-0.25,8.379614157768177,3.440723631940812,3.605,-1.0225000000000004,2.04,1.6844977040391562,7.200897160957753
UT,2019Q4,515.76,7.0307960488088295,1.4736262222834418,3.45,-0.19999999999999973,14.737451702342597,3.440723631940812,3.72,-0.9175,1.55,2.3195274699624457,9.322165348223987
UT,2020Q1,522.55,6.612396458154812,1.3165038002171503,3.7,0.20000000000000018,17.840577337232833,3.440723631940812,3.45,-0.8149999999999995,0.65,1.4940399642909163,12.335661659171372
UT,2020Q2,532.01,6.374342670905553,1.8103530762606512,9.8,6.4,-2.9626710612287277,2.7564984647133084,3.1625,-0.6400000000000001,0.08,0.7166562831830481,21.029679893235098
UT,2020Q3,544.87,7.200897160957753,2.4172477960940686,7.1,3.5999999999999996,5.842373268411416,2.7564984647133084,2.89,-0.7149999999999999,0.09,1.3910228912373812,27.27990162791125
UT,2020Q4,563.84,9.322165348223987,3.481564409859228,6.25,2.8,9.496507472483895,2.7564984647133084,2.684,-1.036,0.09,1.3204191315779434,27.57519863791147
UT,2021Q1,587.01,12.335661659171372,4.109321793416565,5.95,2.25,16.939312023917765,2.7564984647133084,3.0825,-0.36750000000000016,0.07,2.623645747764214,28.362378835113546
UT,2021Q2,643.89,21.029679893235098,9.68978381969643,5.35,-4.450000000000001,33.418490298572465,-4.153097608873213,2.975,-0.1875,0.08,5.317418943207719,25.925235676901348
UT,2021Q3,693.51,27.27990162791125,7.7062852350556765,4.45,-2.6499999999999995,5.612555334625857,-4.153097608873213,2.9,0.009999999999999787,0.08,5.363523425270289,16.135311675390398
UT,2021Q4,719.32,27.57519863791147,3.721647849346099,3.8,-2.45,0.2942735569262833,-4.153097608873213,3.098,0.4139999999999997,0.08,7.159457345112474,8.259189234276821
UT,2022Q1,753.5,28.362378835113546,4.751709948284488,3.25,-2.7,4.607786130530411,-4.153097608873213,4.172,1.0894999999999997,0.2,8.540780148538584,2.6874585268745754
UT,2022Q2,810.82,25.925235676901348,7.607166556071676,3.25,-2.0999999999999996,4.824152177090046,6.420080256178262,5.522,2.547,1.21,8.999298141923106,-2.6627364889864613
UT,2022Q3,805.41,16.135311675390398,-0.667225771441271,3.3,-1.1500000000000004,-5.146560181641302,6.420080256178262,6.112,3.212,2.56,8.205751582451759,-1.2974758197688008
UT,2022Q4,778.73,8.259189234276821,-3.312598552290136,3.3,-0.5,-21.40984800842106,6.420080256178262,6.364,3.266,4.1,6.410831677385809,1.4215453366378528
UT,2023Q1,773.75,2.6874585268745754,-0.6395027801677111,3.2,-0.04999999999999982,-23.799221224283894,6.420080256178262,6.544,2.372,4.65,4.931348641757127,3.1883683360258486
UT,2023Q2,789.23,-2.6627364889864613,2.000646203554113,3.2,-0.04999999999999982,-18.880268185728067,1.20525616505196,6.714,1.1920000000000002,5.08,3.0592533347792994,3.602245226359857
UT,2023Q3,794.96,-1.2974758197688008,0.7260240994386935,3.4,0.10000000000000009,-7.742069712973998,1.20525616505196,7.2,1.088,5.33,3.6950823322234427,3.777548555902177
UT,2023Q4,789.8,1.4215453366378528,-0.649089262352831,3.55,0.25,8.376872059312612,1.20525616505196,6.815,0.4510000000000005,5.33,3.322200208829762,4.8037477842491905
UT,2024Q1,798.42,3.1883683360258486,1.09141554824006,3.55,0.34999999999999964,6.472917691236413,1.20525616505196,6.82,0.2760000000000007,5.33,3.4690014354717524,4.317276621327126
UT,2024Q2,817.66,3.602245226359857,2.4097592745672802,3.65,0.44999999999999973,-3.8189638600984344,2.567833446797918,6.9175,0.20350000000000001,5.33,2.9700853998204435,3.11865567595333
UT,2024Q3,824.99,3.777548555902177,0.896460631558349,3.75,0.3500000000000001,3.9595355583202263,2.567833446797918,6.18,-1.0200000000000005,5.13,2.432541464144644,2.555182487060459
UT,2024Q4,827.74,4.8037477842491905,0.33333737378635764,3.75,0.20000000000000018,-3.091944950136505,2.567833446797918,6.715,-0.10000000000000053,4.48,2.872366268806581,2.9441612100417958
UT,2025Q1,832.89,4.317276621327126,0.6221760456181835,3.8,0.25,-4.691472838601197,2.567833446797918,6.65,-0.16999999999999993,4.33,2.4055852640280317,3.011201959442422
UT,2025Q2,843.16,3.11865567595333,1.2330559857844259,4.0,0.3500000000000001,0.7027991475745843,2.6492151058202795,6.8175,-0.10000000000000053,4.33,2.6726833178446263,2.5807675885952897
UT,2025Q3,846.07,2.555182487060459,0.34513022439395247,3.95,0.25,-8.75059957989086,2.6492151058202795,6.3525,0.17250000000000032,4.22,2.9392196249335534,
VA,2014Q2,404.34,2.069975261271262,1.564894124739391,6.2,-0.8999999999999995,8.115577092948346,2.0117690216737705,4.1625,0.09249999999999936,0.1,2.0589816945944195,2.9480140475837135
VA,2014Q3,407.26,2.638675369842991,0.7221645150121248,5.9,-1.0499999999999998,6.42722838258325,2.0117690216737705,4.1625,-0.32750000000000057,0.09,1.6840509711232077,2.60030447380053
VA,2014Q4,410.68,3.513636134496134,0.839758385306677,5.6,-1.0,15.951871687325369,2.0117690216737705,3.864,-0.5934999999999997,0.12,0.6531213919623191,2.1866173176195547
VA,2015Q1,412.79,3.687423074024765,0.5137820200642906,5.55,-0.7000000000000002,-5.947862671303739,2.0117690216737705,3.77,-0.5725000000000002,0.11,-0.022031284423873476,1.4729038978657405
VA,2015Q2,416.26,2.9480140475837135,0.8406211390779683,5.25,-0.9500000000000002,0.5181761245113492,1.2374290793991438,3.9825,-0.17999999999999972,0.13,0.1795718097550525,2.2966415221255865
VA,2015Q3,417.85,2.60030447380053,0.3819728054581306,5.0,-0.9000000000000004,5.18190669595846,1.2374290793991438,3.89,-0.2724999999999995,0.14,0.008842961634170088,2.881416776355139
VA,2015Q4,419.66,2.1866173176195547,0.4331697977743243,4.9,-0.6999999999999993,8.78288903512152,1.2374290793991438,3.964,0.10000000000000009,0.24,0.6387247515364791,2.873754944478857
VA,2016Q1,418.87,1.4729038978657405,-0.18824762903303371,4.9,-0.6499999999999995,16.362753450319588,1.2374290793991438,3.694,-0.07600000000000007,0.36,0.8916160965521946,2.8481390407524954
VA,2016Q2,425.82,2.2966415221255865,1.6592260128440728,4.9,-0.34999999999999964,9.41086131871758,2.4299044105283496,3.568,-0.41449999999999987,0.38,1.0792865347959424,3.231412333849981
VA,2016Q3,429.89,2.881416776355139,0.9558029214221886,4.7,-0.2999999999999998,1.6681740595528405,2.4299044105283496,3.46,-0.43000000000000016,0.4,1.5486446201652182,2.8123473446695746
VA,2016Q4,431.72,2.873754944478857,0.42569029286563254,4.6,-0.3000000000000007,-9.793380461439781,2.4299044105283496,4.198,0.23400000000000043,0.54,2.0507989115119862,2.767997776336517
VA,2017Q1,430.8,2.8481390407524954,-0.2131010840359493,4.45,-0.4500000000000002,1.501628874989036,2.4299044105283496,4.196,0.5019999999999998,0.79,2.44119623655914,4.032033426183834
VA,2017Q2,439.58,3.231412333849981,2.038068709377905,4.3,-0.6000000000000005,0.4163157814666363,3.1186791253703827,3.904,0.33599999999999985,1.04,1.640565809959127,3.1939578688748416
VA,2017Q3,441.98,2.8123473446695746,0.5459757040811697,4.15,-0.5499999999999998,3.800522074415036,3.1186791253703827,3.805,0.3450000000000002,1.15,2.1805652303711787,3.2105525136884028
VA,2017Q4,443.67,2.767997776336517,0.3823702429974096,4.1,-0.5,14.592708423029555,3.1186791253703827,3.95,-0.24800000000000022,1.3,2.129930719552253,2.8647418126084734
VA,2018Q1,448.17,4.032033426183834,1.0142673608763308,4.0,-0.4500000000000002,8.603325966549358,3.1186791253703827,4.444,0.24800000000000022,1.51,2.3309497646499366,3.0390253698373337
VA,2018Q2,453.62,3.1939578688748416,1.21605640716691,3.8,-0.5,9.20730201157005,3.478636597733309,4.57,0.6660000000000004,1.82,2.8075506935940187,3.7806975001102083
VA,2018Q3,456.17,3.2105525136884028,0.5621445262554481,3.75,-0.40000000000000036,-2.8130021340918687,3.478636597733309,4.6275,0.8225000000000002,1.95,2.332055105808828,4.303220290681109
VA,2018Q4,456.38,2.8647418126084734,0.04603546923296342,3.65,-0.44999999999999973,-5.370747810164933,3.478636597733309,4.6375,0.6875,2.27,2.0023809043401064,5.0221306805732
VA,2019Q1,461.79,3.0390253698373337,1.185415662386613,3.5,-0.5,-11.839891186409822,3.478636597733309,4.265,-0.17900000000000027,2.41,1.8831863513063984,4.93081270707465
VA,2019Q2,470.77,3.7806975001102083,1.9446068559301866,3.4,-0.3999999999999999,-8.558785075041552,3.440723631940812,3.8025,-0.7675000000000001,2.38,1.671194894390049,4.072052169849405
VA,2019Q3,475.8,4.303220290681109,1.068462306434137,3.5,-0.25,8.379614157768177,3.440723631940812,3.605,-1.0225000000000004,2.04,1.6844977040391562,4.747793190416139
VA,2019Q4,479.3,5.0221306805732,0.7356031946195829,3.45,-0.19999999999999973,14.737451702342597,3.440723631940812,3.72,-0.9175,1.55,2.3195274699624457,5.900271228875442
VA,2020Q1,484.56,4.93081270707465,1.0974337575631044,3.7,0.20000000000000018,17.840577337232833,3.440723631940812,3.45,-0.8149999999999995,0.65,1.4940399642909163,6.944444444444442
VA,2020Q2,489.94,4.072052169849405,1.1102856199438627,9.8,6.4,-2.9626710612287277,2.7564984647133084,3.1625,-0.6400000000000001,0.08,0.7166562831830481,10.625790913173038
VA,2020Q3,498.39,4.747793190416139,1.7247009837939364,7.1,3.5999999999999996,5.842373268411416,2.7564984647133084,2.89,-0.7149999999999999,0.09,1.3910228912373812,13.78639218282871
VA,2020Q4,507.58,5.900271228875442,1.8439374786813456,6.25,2.8,9.496507472483895,2.7564984647133084,2.684,-1.036,0.09,1.3204191315779434,14.362268016864356
VA,2021Q1,518.21,6.944444444444442,2.094251152527682,5.95,2.25,16.939312023917765,2.7564984647133084,3.0825,-0.36750000000000016,0.07,2.623645747764214,15.501437641110737
VA,2021Q2,542.0,10.625790913173038,4.590802956330431,5.35,-4.450000000000001,33.418490298572465,-4.153097608873213,2.975,-0.1875,0.08,5.317418943207719,17.44280442804427
VA,2021Q3,567.1,13.78639218282871,4.630996309963109,4.45,-2.6499999999999995,5.612555334625857,-4.153097608873213,2.9,0.009999999999999787,0.08,5.363523425270289,13.641333098219022
VA,2021Q4,580.48,14.362268016864356,2.359372244754021,3.8,-2.45,0.2942735569262833,-4.153097608873213,3.098,0.4139999999999997,0.08,7.159457345112474,10.592957552370464
VA,2022Q1,598.54,15.501437641110737,3.111218302094798,3.25,-2.7,4.607786130530411,-4.153097608873213,4.172,1.0894999999999997,0.2,8.540780148538584,8.824807030440752
VA,2022Q2,636.54,17.44280442804427,6.348782036288303,3.25,-2.0999999999999996,4.824152177090046,6.420080256178262,5.522,2.547,1.21,8.999298141923106,5.803248813900153
VA,2022Q3,644.46,13.641333098219022,1.2442266000565638,3.3,-1.1500000000000004,-5.146560181641302,6.420080256178262,6.112,3.212,2.56,8.205751582451759,5.9615802377184
VA,2022Q4,641.97,10.592957552370464,-0.38636998417279633,3.3,-0.5,-21.40984800842106,6.420080256178262,6.364,3.266,4.1,6.410831677385809,6.5828621275137555
VA,2023Q1,651.36,8.824807030440752,1.4626851722043144,3.2,-0.04999999999999982,-23.799221224283894,6.420080256178262,6.544,2.372,4.65,4.931348641757127,7.201854581183986
VA,2023Q2,673.48,5.803248813900153,3.3959715057725326,3.2,-0.04999999999999982,-18.880268185728067,1.20525616505196,6.714,1.1920000000000002,5.08,3.0592533347792994,6.959375185603145
VA,2023Q3,682.88,5.9615802377184,1.3957355823484008,3.4,0.10000000000000009,-7.742069712973998,1.20525616505196,7.2,1.088,5.33,3.6950823322234427,6.266108247422686
VA,2023Q4,684.23,6.5828621275137555,0.1976921274601695,3.55,0.25,8.376872059312612,1.20525616505196,6.815,0.4510000000000005,5.33,3.322200208829762,6.874881253379717
VA,2024Q1,698.27,7.201854581183986,2.0519415985852607,3.55,0.34999999999999964,6.472917691236413,1.20525616505196,6.82,0.2760000000000007,5.33,3.4690014354717524,5.794320248614437
VA,2024Q2,720.35,6.959375185603145,3.1621006201039803,3.65,0.44999999999999973,-3.8189638600984344,2.567833446797918,6.9175,0.20350000000000001,5.33,2.9700853998204435,4.486707850350524
VA,2024Q3,725.67,6.266108247422686,0.7385298813076924,3.75,0.3500000000000001,3.9595355583202263,2.567833446797918,6.18,-1.0200000000000005,5.13,2.432541464144644,4.3435721471192235
VA,2024Q4,731.27,6.874881253379717,0.7717006352749856,3.75,0.20000000000000018,-3.091944950136505,2.567833446797918,6.715,-0.10000000000000053,4.48,2.872366268806581,4.293899654026556
VA,2025Q1,738.73,5.794320248614437,1.0201430388228738,3.8,0.25,-4.691472838601197,2.567833446797918,6.65,-0.16999999999999993,4.33,2.4055852640280317,3.913473122791822
VA,2025Q2,752.67,4.486707850350524,1.8870223220933235,4.0,0.3500000000000001,0.7027991475745843,2.6492151058202795,6.8175,-0.10000000000000053,4.33,2.6726833178446263,3.7546335047231816
VA,2025Q3,757.19,4.3435721471192235,0.6005287841949425,3.95,0.25,-8.75059957989086,2.6492151058202795,6.3525,0.17250000000000032,4.22,2.9392196249335534,
VT,2014Q2,437.24,0.464133082119389,1.2035922599759274,6.2,-0.8999999999999995,8.115577092948346,2.0117690216737705,4.1625,0.09249999999999936,0.1,2.0589816945944195,1.9234287805324213
VT,2014Q3,438.61,0.37071786539737417,0.31332906412953054,5.9,-1.0499999999999998,6.42722838258325,2.0117690216737705,4.1625,-0.32750000000000057,0.09,1.6840509711232077,1.69170789539681
VT,2014Q4,437.35,0.6258196627016099,-0.2872711520485183,5.6,-1.0,15.951871687325369,2.0117690216737705,3.864,-0.5934999999999997,0.12,0.6531213919623191,1.461072367668903
VT,2015Q1,441.47,2.182668271456345,0.9420372699211255,5.55,-0.7000000000000002,-5.947862671303739,2.0117690216737705,3.77,-0.5725000000000002,0.11,-0.022031284423873476,0.5572292568011283
VT,2015Q2,445.65,1.9234287805324213,0.946836704645837,5.25,-0.9500000000000002,0.5181761245113492,1.2374290793991438,3.9825,-0.17999999999999972,0.13,0.1795718097550525,0.9514192752159811
VT,2015Q3,446.03,1.69170789539681,0.0852687086278392,5.0,-0.9000000000000004,5.18190669595846,1.2374290793991438,3.89,-0.2724999999999995,0.14,0.008842961634170088,1.768939309015094
VT,2015Q4,443.74,1.461072367668903,-0.5134183799295977,4.9,-0.6999999999999993,8.78288903512152,1.2374290793991438,3.964,0.10000000000000009,0.24,0.6387247515364791,2.298643349709284
VT,2016Q1,443.93,0.5572292568011283,0.04281786631812334,4.9,-0.6499999999999995,16.362753450319588,1.2374290793991438,3.694,-0.07600000000000007,0.36,0.8916160965521946,2.4350685918951287
VT,2016Q2,449.89,0.9514192752159811,1.342554006262242,4.9,-0.34999999999999964,9.41086131871758,2.4299044105283496,3.568,-0.41449999999999987,0.38,1.0792865347959424,2.2094289715263837
VT,2016Q3,453.92,1.768939309015094,0.8957745226610969,4.7,-0.2999999999999998,1.6681740595528405,2.4299044105283496,3.46,-0.43000000000000016,0.4,1.5486446201652182,1.425361297144856
VT,2016Q4,453.94,2.298643349709284,0.004406062742323691,4.6,-0.3000000000000007,-9.793380461439781,2.4299044105283496,4.198,0.23400000000000043,0.54,2.0507989115119862,2.7867119002511265
VT,2017Q1,454.74,2.4350685918951287,0.17623474467991507,4.45,-0.4500000000000002,1.501628874989036,2.4299044105283496,4.196,0.5019999999999998,0.79,2.44119623655914,3.1886352641069537
VT,2017Q2,459.83,2.2094289715263837,1.1193209306416874,4.3,-0.6000000000000005,0.4163157814666363,3.1186791253703827,3.904,0.33599999999999985,1.04,1.640565809959127,3.327316617010645
VT,2017Q3,460.39,1.425361297144856,0.12178413761607665,4.15,-0.5499999999999998,3.800522074415036,3.1186791253703827,3.805,0.3450000000000002,1.15,2.1805652303711787,3.5078954799192097
VT,2017Q4,466.59,2.7867119002511265,1.3466843328482359,4.1,-0.5,14.592708423029555,3.1186791253703827,3.95,-0.24800000000000022,1.3,2.129930719552253,1.9996142223365432
VT,2018Q1,469.24,3.1886352641069537,0.5679504490023524,4.0,-0.4500000000000002,8.603325966549358,3.1186791253703827,4.444,0.24800000000000022,1.51,2.3309497646499366,2.1481544625351567
VT,2018Q2,475.13,3.327316617010645,1.2552212087631132,3.8,-0.5,9.20730201157005,3.478636597733309,4.57,0.6660000000000004,1.82,2.8075506935940187,3.295940058510305
VT,2018Q3,476.54,3.5078954799192097,0.2967608864942184,3.75,-0.40000000000000036,-2.8130021340918687,3.478636597733309,4.6275,0.8225000000000002,1.95,2.332055105808828,4.517983799890879
VT,2018Q4,475.92,1.9996142223365432,-0.13010450329458134,3.65,-0.44999999999999973,-5.370747810164933,3.478636597733309,4.6375,0.6875,2.27,2.0023809043401064,4.7802151622121425
VT,2019Q1,479.32,2.1481544625351567,0.7144057824844507,3.5,-0.5,-11.839891186409822,3.478636597733309,4.265,-0.17900000000000027,2.41,1.8831863513063984,5.518234165067182
VT,2019Q2,490.79,3.295940058510305,2.3929733789535224,3.4,-0.3999999999999999,-8.558785075041552,3.440723631940812,3.8025,-0.7675000000000001,2.38,1.671194894390049,3.5554921656920424
VT,2019Q3,498.07,4.517983799890879,1.4833228060881387,3.5,-0.25,8.379614157768177,3.440723631940812,3.605,-1.0225000000000004,2.04,1.6844977040391562,4.47929005963017
VT,2019Q4,498.67,4.7802151622121425,0.12046499488023166,3.45,-0.19999999999999973,14.737451702342597,3.440723631940812,3.72,-0.9175,1.55,2.3195274699624457,7.227224416949096
VT,2020Q1,505.77,5.518234165067182,1.4237872741492241,3.7,0.20000000000000018,17.840577337232833,3.440723631940812,3.45,-0.8149999999999995,0.65,1.4940399642909163,8.258694663582267
VT,2020Q2,508.24,3.5554921656920424,0.48836427625205125,9.8,6.4,-2.9626710612287277,2.7564984647133084,3.1625,-0.6400000000000001,0.08,0.7166562831830481,12.631827483078872
VT,2020Q3,520.38,4.47929005963017,2.3886352904139763,7.1,3.5999999999999996,5.842373268411416,2.7564984647133084,2.89,-0.7149999999999999,0.09,1.3910228912373812,17.116338060648005
VT,2020Q4,534.71,7.227224416949096,2.753756869979629,6.25,2.8,9.496507472483895,2.7564984647133084,2.684,-1.036,0.09,1.3204191315779434,17.489854313553145
VT,2021Q1,547.54,8.258694663582267,2.3994314675244377,5.95,2.25,16.939312023917765,2.7564984647133084,3.0825,-0.36750000000000016,0.07,2.623645747764214,18.11739781568471
VT,2021Q2,572.44,12.631827483078872,4.547612959783787,5.35,-4.450000000000001,33.418490298572465,-4.153097608873213,2.975,-0.1875,0.08,5.317418943207719,20.64670533156312
VT,2021Q3,609.45,17.116338060648005,6.465306407658433,4.45,-2.6499999999999995,5.612555334625857,-4.153097608873213,2.9,0.009999999999999787,0.08,5.363523425270289,18.58889162359503
VT,2021Q4,628.23,17.489854313553145,3.081466896381979,3.8,-2.45,0.2942735569262833,-4.153097608873213,3.098,0.4139999999999997,0.08,7.159457345112474,12.976139312035407
VT,2022Q1,646.74,18.11739781568471,2.9463731435938945,3.25,-2.7,4.607786130530411,-4.153097608873213,4.172,1.0894999999999997,0.2,8.540780148538584,11.59971549618084
VT,2022Q2,690.63,20.64670533156312,6.786343816680573,3.25,-2.0999999999999996,4.824152177090046,6.420080256178262,5.522,2.547,1.21,8.999298141923106,10.672863906867658
VT,2022Q3,722.74,18.58889162359503,4.649378104049928,3.3,-1.1500000000000004,-5.146560181641302,6.420080256178262,6.112,3.212,2.56,8.205751582451759,10.125356283033993
VT,2022Q4,709.75,12.976139312035407,-1.7973268395273578,3.3,-0.5,-21.40984800842106,6.420080256178262,6.364,3.266,4.1,6.410831677385809,9.882352941176475
VT,2023Q1,721.76,11.59971549618084,1.692145121521671,3.2,-0.04999999999999982,-23.799221224283894,6.420080256178262,6.544,2.372,4.65,4.931348641757127,10.370483263134567
VT,2023Q2,764.34,10.672863906867658,5.899467967191319,3.2,-0.04999999999999982,-18.880268185728067,1.20525616505196,6.714,1.1920000000000002,5.08,3.0592533347792994,9.429049899259478
VT,2023Q3,795.92,10.125356283033993,4.131669152471407,3.4,0.10000000000000009,-7.742069712973998,1.20525616505196,7.2,1.088,5.33,3.6950823322234427,5.539501457432916
VT,2023Q4,779.89,9.882352941176475,-2.0140215096994596,3.55,0.25,8.376872059312612,1.20525616505196,6.815,0.4510000000000005,5.33,3.322200208829762,8.620446473220579
VT,2024Q1,796.61,10.370483263134567,2.1438920873456446,3.55,0.34999999999999964,6.472917691236413,1.20525616505196,6.82,0.2760000000000007,5.33,3.4690014354717524,7.038575965654448
VT,2024Q2,836.41,9.429049899259478,4.996171275781114,3.65,0.44999999999999973,-3.8189638600984344,2.567833446797918,6.9175,0.20350000000000001,5.33,2.9700853998204435,3.4456785547757773
VT,2024Q3,840.01,5.539501457432916,0.4304109228727482,3.75,0.3500000000000001,3.9595355583202263,2.567833446797918,6.18,-1.0200000000000005,5.13,2.432541464144644,3.136867418245015
VT,2024Q4,847.12,8.620446473220579,0.8464184950179199,3.75,0.20000000000000018,-3.091944950136505,2.567833446797918,6.715,-0.10000000000000053,4.48,2.872366268806581,4.622721692322207
VT,2025Q1,852.68,7.038575965654448,0.6563414864481976,3.8,0.25,-4.691472838601197,2.567833446797918,6.65,-0.16999999999999993,4.33,2.4055852640280317,3.7939203452643566
VT,2025Q2,865.23,3.4456785547757773,1.4718299948398128,4.0,0.3500000000000001,0.7027991475745843,2.6492151058202795,6.8175,-0.10000000000000053,4.33,2.6726833178446263,4.3109924528738075
VT,2025Q3,866.36,3.136867418245015,0.1306011118430872,3.95,0.25,-8.75059957989086,2.6492151058202795,6.3525,0.17250000000000032,4.22,2.9392196249335534,
WA,2014Q2,424.25,6.955579085362773,2.666795731190863,6.2,-0.8999999999999995,8.115577092948346,2.0117690216737705,4.1625,0.09249999999999936,0.1,2.0589816945944195,7.686505598114324
WA,2014Q3,433.55,7.054669366388455,2.1921037124337017,5.9,-1.0499999999999998,6.42722838258325,2.0117690216737705,4.1625,-0.32750000000000057,0.09,1.6840509711232077,8.298927459347238
WA,2014Q4,437.79,7.0600606475594185,0.9779725521854576,5.6,-1.0,15.951871687325369,2.0117690216737705,3.864,-0.5934999999999997,0.12,0.6531213919623191,9.043148541538182
WA,2015Q1,443.75,7.385717397091196,1.361383311633424,5.55,-0.7000000000000002,-5.947862671303739,2.0117690216737705,3.77,-0.5725000000000002,0.11,-0.022031284423873476,9.714929577464781
WA,2015Q2,456.86,7.686505598114324,2.9543661971831003,5.25,-0.9500000000000002,0.5181761245113492,1.2374290793991438,3.9825,-0.17999999999999972,0.13,0.1795718097550525,10.408002451516873
WA,2015Q3,469.53,8.298927459347238,2.773278466050866,5.0,-0.9000000000000004,5.18190669595846,1.2374290793991438,3.89,-0.2724999999999995,0.14,0.008842961634170088,10.678763870253238
WA,2015Q4,477.38,9.043148541538182,1.6718846506080576,4.9,-0.6999999999999993,8.78288903512152,1.2374290793991438,3.964,0.10000000000000009,0.24,0.6387247515364791,10.364908458670241
WA,2016Q1,486.86,9.714929577464781,1.9858393732456348,4.9,-0.6499999999999995,16.362753450319588,1.2374290793991438,3.694,-0.07600000000000007,0.36,0.8916160965521946,10.156923961713815
WA,2016Q2,504.41,10.408002451516873,3.604732366594088,4.9,-0.34999999999999964,9.41086131871758,2.4299044105283496,3.568,-0.41449999999999987,0.38,1.0792865347959424,10.45974504867071
WA,2016Q3,519.67,10.678763870253238,3.025316706647363,4.7,-0.2999999999999998,1.6681740595528405,2.4299044105283496,3.46,-0.43000000000000016,0.4,1.5486446201652182,10.385436911886403
WA,2016Q4,526.86,10.364908458670241,1.3835703427174995,4.6,-0.3000000000000007,-9.793380461439781,2.4299044105283496,4.198,0.23400000000000043,0.54,2.0507989115119862,10.517025395740799
WA,2017Q1,536.31,10.156923961713815,1.7936453706866917,4.45,-0.4500000000000002,1.501628874989036,2.4299044105283496,4.196,0.5019999999999998,0.79,2.44119623655914,11.088735992243294
WA,2017Q2,557.17,10.45974504867071,3.8895414965225417,4.3,-0.6000000000000005,0.4163157814666363,3.1186791253703827,3.904,0.33599999999999985,1.04,1.640565809959127,10.702299118760884
WA,2017Q3,573.64,10.385436911886403,2.956009835418283,4.15,-0.5499999999999998,3.800522074415036,3.1186791253703827,3.805,0.3450000000000002,1.15,2.1805652303711787,8.787741440624774
WA,2017Q4,582.27,10.517025395740799,1.5044278641656694,4.1,-0.5,14.592708423029555,3.1186791253703827,3.95,-0.24800000000000022,1.3,2.129930719552253,7.405499167053087
WA,2018Q1,595.78,11.088735992243294,2.320229446820199,4.0,-0.4500000000000002,8.603325966549358,3.1186791253703827,4.444,0.24800000000000022,1.51,2.3309497646499366,6.435261338077813
WA,2018Q2,616.8,10.702299118760884,3.5281479740843835,3.8,-0.5,9.20730201157005,3.478636597733309,4.57,0.6660000000000004,1.82,2.8075506935940187,4.904345006485089
WA,2018Q3,624.05,8.787741440624774,1.175421530479892,3.75,-0.40000000000000036,-2.8130021340918687,3.478636597733309,4.6275,0.8225000000000002,1.95,2.332055105808828,5.0236359266084385
WA,2018Q4,625.39,7.405499167053087,0.21472638410384715,3.65,-0.44999999999999973,-5.370747810164933,3.478636597733309,4.6375,0.6875,2.27,2.0023809043401064,5.989862325908635
WA,2019Q1,634.12,6.435261338077813,1.39592894034124,3.5,-0.5,-11.839891186409822,3.478636597733309,4.265,-0.17900000000000027,2.41,1.8831863513063984,6.336340124897477
WA,2019Q2,647.05,4.904345006485089,2.039046237305242,3.4,-0.3999999999999999,-8.558785075041552,3.440723631940812,3.8025,-0.7675000000000001,2.38,1.671194894390049,5.795533575457856
WA,2019Q3,655.4,5.0236359266084385,1.2904721428019572,3.5,-0.25,8.379614157768177,3.440723631940812,3.605,-1.0225000000000004,2.04,1.6844977040391562,6.844675007628931
WA,2019Q4,662.85,5.989862325908635,1.1367104058590316,3.45,-0.19999999999999973,14.737451702342597,3.440723631940812,3.72,-0.9175,1.55,2.3195274699624457,8.43931507882627
WA,2020Q1,674.3,6.336340124897477,1.7273893037640375,3.7,0.20000000000000018,17.840577337232833,3.440723631940812,3.45,-0.8149999999999995,0.65,1.4940399642909163,9.801275396707698
WA,2020Q2,684.55,5.795533575457856,1.5200949132433639,9.8,6.4,-2.9626710612287277,2.7564984647133084,3.1625,-0.6400000000000001,0.08,0.7166562831830481,16.347965816960052
WA,2020Q3,700.26,6.844675007628931,2.294938280622305,7.1,3.5999999999999996,5.842373268411416,2.7564984647133084,2.89,-0.7149999999999999,0.09,1.3910228912373812,20.430982777825378
WA,2020Q4,718.79,8.43931507882627,2.646159997715136,6.25,2.8,9.496507472483895,2.7564984647133084,2.684,-1.036,0.09,1.3204191315779434,21.202298306876855
WA,2021Q1,740.39,9.801275396707698,3.005050153730582,5.95,2.25,16.939312023917765,2.7564984647133084,3.0825,-0.36750000000000016,0.07,2.623645747764214,22.669133834870813
WA,2021Q2,796.46,16.347965816960052,7.57303583246669,5.35,-4.450000000000001,33.418490298572465,-4.153097608873213,2.975,-0.1875,0.08,5.317418943207719,21.770082615573916
WA,2021Q3,843.33,20.430982777825378,5.884790196620049,4.45,-2.6499999999999995,5.612555334625857,-4.153097608873213,2.9,0.009999999999999787,0.08,5.363523425270289,13.879501500005919
WA,2021Q4,871.19,21.202298306876855,3.303570369843367,3.8,-2.45,0.2942735569262833,-4.153097608873213,3.098,0.4139999999999997,0.08,7.159457345112474,6.603611152561428
WA,2022Q1,908.23,22.669133834870813,4.251655781172881,3.25,-2.7,4.607786130530411,-4.153097608873213,4.172,1.0894999999999997,0.2,8.540780148538584,2.301179216718219
WA,2022Q2,969.85,21.770082615573916,6.784625039912795,3.25,-2.0999999999999996,4.824152177090046,6.420080256178262,5.522,2.547,1.21,8.999298141923106,-1.5641594060937347
WA,2022Q3,960.38,13.879501500005919,-0.9764396556168453,3.3,-1.1500000000000004,-5.146560181641302,6.420080256178262,6.112,3.212,2.56,8.205751582451759,-0.12703304941794613
WA,2022Q4,928.72,6.603611152561428,-3.2966117578458465,3.3,-0.5,-21.40984800842106,6.420080256178262,6.364,3.266,4.1,6.410831677385809,2.462529072271513
WA,2023Q1,929.13,2.301179216718219,0.04414678266861927,3.2,-0.04999999999999982,-23.799221224283894,6.420080256178262,6.544,2.372,4.65,4.931348641757127,4.322323033375297
WA,2023Q2,954.68,-1.5641594060937347,2.7498843003670004,3.2,-0.04999999999999982,-18.880268185728067,1.20525616505196,6.714,1.1920000000000002,5.08,3.0592533347792994,4.123894917668758
WA,2023Q3,959.16,-0.12703304941794613,0.46926718900575093,3.4,0.10000000000000009,-7.742069712973998,1.20525616505196,7.2,1.088,5.33,3.6950823322234427,4.262062638141706
WA,2023Q4,951.59,2.462529072271513,-0.789232244880933,3.55,0.25,8.376872059312612,1.20525616505196,6.815,0.4510000000000005,5.33,3.322200208829762,4.907575741653436
WA,2024Q1,969.29,4.322323033375297,1.8600447671791365,3.55,0.34999999999999964,6.472917691236413,1.20525616505196,6.82,0.2760000000000007,5.33,3.4690014354717524,4.378462586016574
WA,2024Q2,994.05,4.123894917668758,2.554447069504473,3.65,0.44999999999999973,-3.8189638600984344,2.567833446797918,6.9175,0.20350000000000001,5.33,2.9700853998204435,2.876112871585934
WA,2024Q3,1000.04,4.262062638141706,0.6025853830290195,3.75,0.3500000000000001,3.9595355583202263,2.567833446797918,6.18,-1.0200000000000005,5.13,2.432541464144644,1.9669213231470861
WA,2024Q4,998.29,4.907575741653436,-0.1749930002799882,3.75,0.20000000000000018,-3.091944950136505,2.567833446797918,6.715,-0.10000000000000053,4.48,2.872366268806581,2.8138116178665573
WA,2025Q1,1011.73,4.378462586016574,1.3463021767222028,3.8,0.25,-4.691472838601197,2.567833446797918,6.65,-0.16999999999999993,4.33,2.4055852640280317,1.7277336838879886
WA,2025Q2,1022.64,2.876112871585934,1.0783509434335148,4.0,0.3500000000000001,0.7027991475745843,2.6492151058202795,6.8175,-0.10000000000000053,4.33,2.6726833178446263,1.0453336462489249
WA,2025Q3,1019.71,1.9669213231470861,-0.28651333802706125,3.95,0.25,-8.75059957989086,2.6492151058202795,6.3525,0.17250000000000032,4.22,2.9392196249335534,
WI,2014Q2,293.16,0.9538895967492023,1.5448562521648945,6.2,-0.8999999999999995,8.115577092948346,2.0117690216737705,4.1625,0.09249999999999936,0.1,2.0589816945944195,3.3258288988948115
WI,2014Q3,296.44,2.013145669155869,1.1188429526538313,5.9,-1.0499999999999998,6.42722838258325,2.0117690216737705,4.1625,-0.32750000000000057,0.09,1.6840509711232077,3.0259074348940818
WI,2014Q4,298.02,3.049792531120321,0.5329914991229145,5.6,-1.0,15.951871687325369,2.0117690216737705,3.864,-0.5934999999999997,0.12,0.6531213919623191,3.076974699684598
WI,2015Q1,299.94,3.8933148597159795,0.6442520636198878,5.55,-0.7000000000000002,-5.947862671303739,2.0117690216737705,3.77,-0.5725000000000002,0.11,-0.022031284423873476,3.340668133626723
WI,2015Q2,302.91,3.3258288988948115,0.9901980396079368,5.25,-0.9500000000000002,0.5181761245113492,1.2374290793991438,3.9825,-0.17999999999999972,0.13,0.1795718097550525,3.7601927965402293
WI,2015Q3,305.41,3.0259074348940818,0.8253276550790556,5.0,-0.9000000000000004,5.18190669595846,1.2374290793991438,3.89,-0.2724999999999995,0.14,0.008842961634170088,4.3384303068007
WI,2015Q4,307.19,3.076974699684598,0.5828230902720888,4.9,-0.6999999999999993,8.78288903512152,1.2374290793991438,3.964,0.10000000000000009,0.24,0.6387247515364791,4.4011849344054
WI,2016Q1,309.96,3.340668133626723,0.9017220612650201,4.9,-0.6499999999999995,16.362753450319588,1.2374290793991438,3.694,-0.07600000000000007,0.36,0.8916160965521946,4.387662924248303
WI,2016Q2,314.3,3.7601927965402293,1.4001806684733609,4.9,-0.34999999999999964,9.41086131871758,2.4299044105283496,3.568,-0.41449999999999987,0.38,1.0792865347959424,5.405663378937331
WI,2016Q3,318.66,4.3384303068007,1.387209672287626,4.7,-0.2999999999999998,1.6681740595528405,2.4299044105283496,3.46,-0.43000000000000016,0.4,1.5486446201652182,5.265800539760246
WI,2016Q4,320.71,4.4011849344054,0.6433188978848703,4.6,-0.3000000000000007,-9.793380461439781,2.4299044105283496,4.198,0.23400000000000043,0.54,2.0507989115119862,4.751956596301965
WI,2017Q1,323.56,4.387662924248303,0.8886533004895503,4.45,-0.4500000000000002,1.501628874989036,2.4299044105283496,4.196,0.5019999999999998,0.79,2.44119623655914,5.275683026332056
WI,2017Q2,331.29,5.405663378937331,2.389046853752008,4.3,-0.6000000000000005,0.4163157814666363,3.1186791253703827,3.904,0.33599999999999985,1.04,1.640565809959127,5.397084125690488
WI,2017Q3,335.44,5.265800539760246,1.2526789217905732,4.15,-0.5499999999999998,3.800522074415036,3.1186791253703827,3.805,0.3450000000000002,1.15,2.1805652303711787,5.392916766038636
WI,2017Q4,335.95,4.751956596301965,0.1520391128070564,4.1,-0.5,14.592708423029555,3.1186791253703827,3.95,-0.24800000000000022,1.3,2.129930719552253,5.569281143027238
WI,2018Q1,340.63,5.275683026332056,1.3930644441137119,4.0,-0.4500000000000002,8.603325966549358,3.1186791253703827,4.444,0.24800000000000022,1.51,2.3309497646499366,5.202125473387564
WI,2018Q2,349.17,5.397084125690488,2.507119161553595,3.8,-0.5,9.20730201157005,3.478636597733309,4.57,0.6660000000000004,1.82,2.8075506935940187,4.522152533150026
WI,2018Q3,353.53,5.392916766038636,1.2486754303061343,3.75,-0.40000000000000036,-2.8130021340918687,3.478636597733309,4.6275,0.8225000000000002,1.95,2.332055105808828,4.55406896161572
WI,2018Q4,354.66,5.569281143027238,0.3196334115916688,3.65,-0.44999999999999973,-5.370747810164933,3.478636597733309,4.6375,0.6875,2.27,2.0023809043401064,4.894828850166344
WI,2019Q1,358.35,5.202125473387564,1.0404330908475812,3.5,-0.5,-11.839891186409822,3.478636597733309,4.265,-0.17900000000000027,2.41,1.8831863513063984,4.665829496302498
WI,2019Q2,364.96,4.522152533150026,1.8445653690525976,3.4,-0.3999999999999999,-8.558785075041552,3.440723631940812,3.8025,-0.7675000000000001,2.38,1.671194894390049,3.526413853572996
WI,2019Q3,369.63,4.55406896161572,1.2795922840859397,3.5,-0.25,8.379614157768177,3.440723631940812,3.605,-1.0225000000000004,2.04,1.6844977040391562,4.1879717555393325
WI,2019Q4,372.02,4.894828850166344,0.6465925384844251,3.45,-0.19999999999999973,14.737451702342597,3.440723631940812,3.72,-0.9175,1.55,2.3195274699624457,5.615289500564491
WI,2020Q1,375.07,4.665829496302498,0.8198483952475799,3.7,0.20000000000000018,17.840577337232833,3.440723631940812,3.45,-0.8149999999999995,0.65,1.4940399642909163,6.268163276188443
WI,2020Q2,377.83,3.526413853572996,0.7358626389740497,9.8,6.4,-2.9626710612287277,2.7564984647133084,3.1625,-0.6400000000000001,0.08,0.7166562831830481,11.161104200301718
WI,2020Q3,385.11,4.1879717555393325,1.9267924728052277,7.1,3.5999999999999996,5.842373268411416,2.7564984647133084,2.89,-0.7149999999999999,0.09,1.3910228912373812,14.510139960011426
WI,2020Q4,392.91,5.615289500564491,2.025395341590719,6.25,2.8,9.496507472483895,2.7564984647133084,2.684,-1.036,0.09,1.3204191315779434,14.70565778422539
WI,2021Q1,398.58,6.268163276188443,1.4430785676109004,5.95,2.25,16.939312023917765,2.7564984647133084,3.0825,-0.36750000000000016,0.07,2.623645747764214,16.134778463545587
WI,2021Q2,420.0,11.161104200301718,5.374077976817704,5.35,-4.450000000000001,33.418490298572465,-4.153097608873213,2.975,-0.1875,0.08,5.317418943207719,18.15
WI,2021Q3,440.99,14.510139960011426,4.99761904761904,4.45,-2.6499999999999995,5.612555334625857,-4.153097608873213,2.9,0.009999999999999787,0.08,5.363523425270289,14.862015011678253
WI,2021Q4,450.69,14.70565778422539,2.199596362729306,3.8,-2.45,0.2942735569262833,-4.153097608873213,3.098,0.4139999999999997,0.08,7.159457345112474,11.961658789855555
WI,2022Q1,462.89,16.134778463545587,2.7069604384388324,3.25,-2.7,4.607786130530411,-4.153097608873213,4.172,1.0894999999999997,0.2,8.540780148538584,10.015338417334574
WI,2022Q2,496.23,18.15,7.2025751258398385,3.25,-2.0999999999999996,4.824152177090046,6.420080256178262,5.522,2.547,1.21,8.999298141923106,7.768575055921634
WI,2022Q3,506.53,14.862015011678253,2.075650404046492,3.3,-1.1500000000000004,-5.146560181641302,6.420080256178262,6.112,3.212,2.56,8.205751582451759,8.747754328470192
WI,2022Q4,504.6,11.961658789855555,-0.38102382879591223,3.3,-0.5,-21.40984800842106,6.420080256178262,6.364,3.266,4.1,6.410831677385809,9.209274673008338
WI,2023Q1,509.25,10.015338417334574,0.9215219976218769,3.2,-0.04999999999999982,-23.799221224283894,6.420080256178262,6.544,2.372,4.65,4.931348641757127,9.629847815414827
WI,2023Q2,534.78,7.768575055921634,5.013254786450649,3.2,-0.04999999999999982,-18.880268185728067,1.20525616505196,6.714,1.1920000000000002,5.08,3.0592533347792994,7.911664609746083
WI,2023Q3,550.84,8.747754328470192,3.003104080182517,3.4,0.10000000000000009,-7.742069712973998,1.20525616505196,7.2,1.088,5.33,3.6950823322234427,6.241376806332144
WI,2023Q4,551.07,9.209274673008338,0.04175441144433911,3.55,0.25,8.376872059312612,1.20525616505196,6.815,0.4510000000000005,5.33,3.322200208829762,6.559965158691261
WI,2024Q1,558.29,9.629847815414827,1.3101783802420552,3.55,0.34999999999999964,6.472917691236413,1.20525616505196,6.82,0.2760000000000007,5.33,3.4690014354717524,7.15936162209605
WI,2024Q2,577.09,7.911664609746083,3.3674255315337964,3.65,0.44999999999999973,-3.8189638600984344,2.567833446797918,6.9175,0.20350000000000001,5.33,2.9700853998204435,6.115164012545704
WI,2024Q3,585.22,6.241376806332144,1.4087923894019916,3.75,0.3500000000000001,3.9595355583202263,2.567833446797918,6.18,-1.0200000000000005,5.13,2.432541464144644,5.862752469156884
WI,2024Q4,587.22,6.559965158691261,0.3417518198284508,3.75,0.20000000000000018,-3.091944950136505,2.567833446797918,6.715,-0.10000000000000053,4.48,2.872366268806581,5.77637001464526
WI,2025Q1,598.26,7.15936162209605,1.880044957596816,3.8,0.25,-4.691472838601197,2.567833446797918,6.65,-0.16999999999999993,4.33,2.4055852640280317,4.940995553772609
WI,2025Q2,612.38,6.115164012545704,2.3601778490957015,4.0,0.3500000000000001,0.7027991475745843,2.6492151058202795,6.8175,-0.10000000000000053,4.33,2.6726833178446263,5.597831411868448
WI,2025Q3,619.53,5.862752469156884,1.1675756882981059,3.95,0.25,-8.75059957989086,2.6492151058202795,6.3525,0.17250000000000032,4.22,2.9392196249335534,
WV,2014Q2,207.6,2.2357923766374466,0.8109551789442948,6.2,-0.8999999999999995,8.115577092948346,2.0117690216737705,4.1625,0.09249999999999936,0.1,2.0589816945944195,3.36223506743738
WV,2014Q3,209.21,2.2681722637728052,0.7755298651252573,5.9,-1.0499999999999998,6.42722838258325,2.0117690216737705,4.1625,-0.32750000000000057,0.09,1.6840509711232077,1.8832751780507584
WV,2014Q4,209.6,1.2609304797333243,0.1864155633095832,5.6,-1.0,15.951871687325369,2.0117690216737705,3.864,-0.5934999999999997,0.12,0.6531213919623191,2.251908396946556
WV,2015Q1,209.45,1.7093187005293053,-0.07156488549618922,5.55,-0.7000000000000002,-5.947862671303739,2.0117690216737705,3.77,-0.5725000000000002,0.11,-0.022031284423873476,2.8598710909524927
WV,2015Q2,214.58,3.36223506743738,2.449271902602068,5.25,-0.9500000000000002,0.5181761245113492,1.2374290793991438,3.9825,-0.17999999999999972,0.13,0.1795718097550525,1.0438997110634674
WV,2015Q3,213.15,1.8832751780507584,-0.6664181191164187,5.0,-0.9000000000000004,5.18190669595846,1.2374290793991438,3.89,-0.2724999999999995,0.14,0.008842961634170088,2.059582453671127
WV,2015Q4,214.32,2.251908396946556,0.5489092188599498,4.9,-0.6999999999999993,8.78288903512152,1.2374290793991438,3.964,0.10000000000000009,0.24,0.6387247515364791,1.8850317282568252
WV,2016Q1,215.44,2.8598710909524927,0.5225830533781339,4.9,-0.6499999999999995,16.362753450319588,1.2374290793991438,3.694,-0.07600000000000007,0.36,0.8916160965521946,0.0742666171555939
WV,2016Q2,216.82,1.0438997110634674,0.640549572966953,4.9,-0.34999999999999964,9.41086131871758,2.4299044105283496,3.568,-0.41449999999999987,0.38,1.0792865347959424,0.5857393229407037
WV,2016Q3,217.54,2.059582453671127,0.3320726870214896,4.7,-0.2999999999999998,1.6681740595528405,2.4299044105283496,3.46,-0.43000000000000016,0.4,1.5486446201652182,0.740093775857309
WV,2016Q4,218.36,1.8850317282568252,0.3769421715546617,4.6,-0.3000000000000007,-9.793380461439781,2.4299044105283496,4.198,0.23400000000000043,0.54,2.0507989115119862,2.0653965927825535
WV,2017Q1,215.6,0.0742666171555939,-1.263967759662954,4.45,-0.4500000000000002,1.501628874989036,2.4299044105283496,4.196,0.5019999999999998,0.79,2.44119623655914,2.8942486085343333
WV,2017Q2,218.09,0.5857393229407037,1.1549165120593674,4.3,-0.6000000000000005,0.4163157814666363,3.1186791253703827,3.904,0.33599999999999985,1.04,1.640565809959127,3.1088082901554515
WV,2017Q3,219.15,0.740093775857309,0.4860378742720828,4.15,-0.5499999999999998,3.800522074415036,3.1186791253703827,3.805,0.3450000000000002,1.15,2.1805652303711787,2.318046999771828
WV,2017Q4,222.87,2.0653965927825535,1.6974674880219087,4.1,-0.5,14.592708423029555,3.1186791253703827,3.95,-0.24800000000000022,1.3,2.129930719552253,0.4935612689011437
WV,2018Q1,221.84,2.8942486085343333,-0.4621528245165374,4.0,-0.4500000000000002,8.603325966549358,3.1186791253703827,4.444,0.24800000000000022,1.51,2.3309497646499366,1.2982329606923804
WV,2018Q2,224.87,3.1088082901554515,1.3658492607284467,3.8,-0.5,9.20730201157005,3.478636597733309,4.57,0.6660000000000004,1.82,2.8075506935940187,1.4363854671588072
WV,2018Q3,224.23,2.318046999771828,-0.28460888513364146,3.75,-0.40000000000000036,-2.8130021340918687,3.478636597733309,4.6275,0.8225000000000002,1.95,2.332055105808828,2.595549212861803
WV,2018Q4,223.97,0.4935612689011437,-0.11595237033402706,3.65,-0.44999999999999973,-5.370747810164933,3.478636597733309,4.6375,0.6875,2.27,2.0023809043401064,3.9514220654552012
WV,2019Q1,224.72,1.2982329606923804,0.334866276733492,3.5,-0.5,-11.839891186409822,3.478636597733309,4.265,-0.17900000000000027,2.41,1.8831863513063984,4.0405838376646575
WV,2019Q2,228.1,1.4363854671588072,1.5040939836240552,3.4,-0.3999999999999999,-8.558785075041552,3.440723631940812,3.8025,-0.7675000000000001,2.38,1.671194894390049,3.5466900482244546
WV,2019Q3,230.05,2.595549212861803,0.8548882069267849,3.5,-0.25,8.379614157768177,3.440723631940812,3.605,-1.0225000000000004,2.04,1.6844977040391562,4.672897196261672
WV,2019Q4,232.82,3.9514220654552012,1.2040860682460242,3.45,-0.19999999999999973,14.737451702342597,3.440723631940812,3.72,-0.9175,1.55,2.3195274699624457,4.608710591873555
WV,2020Q1,233.8,4.0405838376646575,0.42092603728203226,3.7,0.20000000000000018,17.840577337232833,3.440723631940812,3.45,-0.8149999999999995,0.65,1.4940399642909163,6.124893071000859
WV,2020Q2,236.19,3.5466900482244546,1.022241231822063,9.8,6.4,-2.9626710612287277,2.7564984647133084,3.1625,-0.6400000000000001,0.08,0.7166562831830481,7.828443202506463
WV,2020Q3,240.8,4.672897196261672,1.9518184512468784,7.1,3.5999999999999996,5.842373268411416,2.7564984647133084,2.89,-0.7149999999999999,0.09,1.3910228912373812,11.245847176079726
WV,2020Q4,243.55,4.608710591873555,1.1420265780730965,6.25,2.8,9.496507472483895,2.7564984647133084,2.684,-1.036,0.09,1.3204191315779434,12.91726544857319
WV,2021Q1,248.12,6.124893071000859,1.8764114144939503,5.95,2.25,16.939312023917765,2.7564984647133084,3.0825,-0.36750000000000016,0.07,2.623645747764214,12.324681605674659
WV,2021Q2,254.68,7.828443202506463,2.6438819925842294,5.35,-4.450000000000001,33.418490298572465,-4.153097608873213,2.975,-0.1875,0.08,5.317418943207719,14.645830061253351
WV,2021Q3,267.88,11.245847176079726,5.1829747133657955,4.45,-2.6499999999999995,5.612555334625857,-4.153097608873213,2.9,0.009999999999999787,0.08,5.363523425270289,10.497237569060779
WV,2021Q4,275.01,12.91726544857319,2.661639540092575,3.8,-2.45,0.2942735569262833,-4.153097608873213,3.098,0.4139999999999997,0.08,7.159457345112474,6.759754190756717
WV,2022Q1,278.7,12.324681605674659,1.341769390203984,3.25,-2.7,4.607786130530411,-4.153097608873213,4.172,1.0894999999999997,0.2,8.540780148538584,7.63903839253679
WV,2022Q2,291.98,14.645830061253351,4.764980265518481,3.25,-2.0999999999999996,4.824152177090046,6.420080256178262,5.522,2.547,1.21,8.999298141923106,2.7570381532981525
WV,2022Q3,296.0,10.497237569060779,1.3768066305911209,3.3,-1.1500000000000004,-5.146560181641302,6.420080256178262,6.112,3.212,2.56,8.205751582451759,5.131756756756767
WV,2022Q4,293.6,6.759754190756717,-0.8108108108108025,3.3,-0.5,-21.40984800842106,6.420080256178262,6.364,3.266,4.1,6.410831677385809,7.14237057220708
WV,2023Q1,299.99,7.63903839253679,2.17643051771117,3.2,-0.04999999999999982,-23.799221224283894,6.420080256178262,6.544,2.372,4.65,4.931348641757127,4.633487782926093
WV,2023Q2,300.03,2.7570381532981525,0.013333777792579049,3.2,-0.04999999999999982,-18.880268185728067,1.20525616505196,6.714,1.1920000000000002,5.08,3.0592533347792994,9.009099090090999
WV,2023Q3,311.19,5.131756756756767,3.7196280371962986,3.4,0.10000000000000009,-7.742069712973998,1.20525616505196,7.2,1.088,5.33,3.6950823322234427,5.864584337542977
WV,2023Q4,314.57,7.14237057220708,1.0861531540216518,3.55,0.25,8.376872059312612,1.20525616505196,6.815,0.4510000000000005,5.33,3.322200208829762,6.6471691515402
WV,2024Q1,313.89,4.633487782926093,-0.21616810248911156,3.55,0.34999999999999964,6.472917691236413,1.20525616505196,6.82,0.2760000000000007,5.33,3.4690014354717524,7.604574851062473
WV,2024Q2,327.06,9.009099090090999,4.195737360221741,3.65,0.44999999999999973,-3.8189638600984344,2.567833446797918,6.9175,0.20350000000000001,5.33,2.9700853998204435,3.4397358282883816
WV,2024Q3,329.44,5.864584337542977,0.727695224117908,3.75,0.3500000000000001,3.9595355583202263,2.567833446797918,6.18,-1.0200000000000005,5.13,2.432541464144644,5.749150072850906
WV,2024Q4,335.48,6.6471691515402,1.833414278776102,3.75,0.20000000000000018,-3.091944950136505,2.567833446797918,6.715,-0.10000000000000053,4.48,2.872366268806581,5.174675092404901
WV,2025Q1,337.76,7.604574851062473,0.6796232264218327,3.8,0.25,-4.691472838601197,2.567833446797918,6.65,-0.16999999999999993,4.33,2.4055852640280317,5.119019422074844
WV,2025Q2,338.31,3.4397358282883816,0.16283751776409172,4.0,0.3500000000000001,0.7027991475745843,2.6492151058202795,6.8175,-0.10000000000000053,4.33,2.6726833178446263,8.019272265082321
WV,2025Q3,348.38,5.749150072850906,2.9765599598001735,3.95,0.25,-8.75059957989086,2.6492151058202795,6.3525,0.17250000000000032,4.22,2.9392196249335534,
WY,2014Q2,281.3,2.2462925268973644,0.6692194825179909,6.2,-0.8999999999999995,8.115577092948346,2.0117690216737705,4.1625,0.09249999999999936,0.1,2.0589816945944195,3.284749377888385
WY,2014Q3,285.36,3.6240830851913763,1.4432989690721598,5.9,-1.0499999999999998,6.42722838258325,2.0117690216737705,4.1625,-0.32750000000000057,0.09,1.6840509711232077,4.16316232127838
WY,2014Q4,287.0,3.9026862645717086,0.5747126436781658,5.6,-1.0,15.951871687325369,2.0117690216737705,3.864,-0.5934999999999997,0.12,0.6531213919623191,3.2752613240418116
WY,2015Q1,289.21,3.4999821064309433,0.7700348432055693,5.55,-0.7000000000000002,-5.947862671303739,2.0117690216737705,3.77,-0.5725000000000002,0.11,-0.022031284423873476,2.5344905086269742
WY,2015Q2,290.54,3.284749377888385,0.4598734483593381,5.25,-0.9500000000000002,0.5181761245113492,1.2374290793991438,3.9825,-0.17999999999999972,0.13,0.1795718097550525,2.9565636401183815
WY,2015Q3,297.24,4.16316232127838,2.306050801954984,5.0,-0.9000000000000004,5.18190669595846,1.2374290793991438,3.89,-0.2724999999999995,0.14,0.008842961634170088,1.3726281792490802
WY,2015Q4,296.4,3.2752613240418116,-0.282599919257176,4.9,-0.6999999999999993,8.78288903512152,1.2374290793991438,3.964,0.10000000000000009,0.24,0.6387247515364791,1.4642375168691046
WY,2016Q1,296.54,2.5344905086269742,0.04723346828612307,4.9,-0.6499999999999995,16.362753450319588,1.2374290793991438,3.694,-0.07600000000000007,0.36,0.8916160965521946,1.028529034868808
WY,2016Q2,299.13,2.9565636401183815,0.8734066230525306,4.9,-0.34999999999999964,9.41086131871758,2.4299044105283496,3.568,-0.41449999999999987,0.38,1.0792865347959424,1.220205261926255
WY,2016Q3,301.32,1.3726281792490802,0.7321231571557618,4.7,-0.2999999999999998,1.6681740595528405,2.4299044105283496,3.46,-0.43000000000000016,0.4,1.5486446201652182,0.7964954201513441
WY,2016Q4,300.74,1.4642375168691046,-0.19248639320322836,4.6,-0.3000000000000007,-9.793380461439781,2.4299044105283496,4.198,0.23400000000000043,0.54,2.0507989115119862,2.0316552503824026
WY,2017Q1,299.59,1.028529034868808,-0.382390104409136,4.45,-0.4500000000000002,1.501628874989036,2.4299044105283496,4.196,0.5019999999999998,0.79,2.44119623655914,3.958743616275573
WY,2017Q2,302.78,1.220205261926255,1.0647885443439309,4.3,-0.6000000000000005,0.4163157814666363,3.1186791253703827,3.904,0.33599999999999985,1.04,1.640565809959127,2.632274258537559
WY,2017Q3,303.72,0.7964954201513441,0.31045643701699266,4.15,-0.5499999999999998,3.800522074415036,3.1186791253703827,3.805,0.3450000000000002,1.15,2.1805652303711787,3.8555248254971586
WY,2017Q4,306.85,2.0316552503824026,1.0305544580534676,4.1,-0.5,14.592708423029555,3.1186791253703827,3.95,-0.24800000000000022,1.3,2.129930719552253,3.571777741567539
WY,2018Q1,311.45,3.958743616275573,1.4991037966433085,4.0,-0.4500000000000002,8.603325966549358,3.1186791253703827,4.444,0.24800000000000022,1.51,2.3309497646499366,1.8494140311446472
WY,2018Q2,310.75,2.632274258537559,-0.2247551773960521,3.8,-0.5,9.20730201157005,3.478636597733309,4.57,0.6660000000000004,1.82,2.8075506935940187,5.026548672566378
WY,2018Q3,315.43,3.8555248254971586,1.5060337892196296,3.75,-0.40000000000000036,-2.8130021340918687,3.478636597733309,4.6275,0.8225000000000002,1.95,2.332055105808828,4.698348286466092
WY,2018Q4,317.81,3.571777741567539,0.754525568271891,3.65,-0.44999999999999973,-5.370747810164933,3.478636597733309,4.6375,0.6875,2.27,2.0023809043401064,5.361694093955505
WY,2019Q1,317.21,1.8494140311446472,-0.18879204556182527,3.5,-0.5,-11.839891186409822,3.478636597733309,4.265,-0.17900000000000027,2.41,1.8831863513063984,6.544560385864262
WY,2019Q2,326.37,5.026548672566378,2.8876769332618846,3.4,-0.3999999999999999,-8.558785075041552,3.440723631940812,3.8025,-0.7675000000000001,2.38,1.671194894390049,4.096577504059806
WY,2019Q3,330.25,4.698348286466092,1.1888347580966352,3.5,-0.25,8.379614157768177,3.440723631940812,3.605,-1.0225000000000004,2.04,1.6844977040391562,4.351249053747153
WY,2019Q4,334.85,5.361694093955505,1.3928841786525537,3.45,-0.19999999999999973,14.737451702342597,3.440723631940812,3.72,-0.9175,1.55,2.3195274699624457,5.297894579662521
WY,2020Q1,337.97,6.544560385864262,0.9317604897715492,3.7,0.20000000000000018,17.840577337232833,3.440723631940812,3.45,-0.8149999999999995,0.65,1.4940399642909163,5.935438056632236
WY,2020Q2,339.74,4.096577504059806,0.5237151226440195,9.8,6.4,-2.9626710612287277,2.7564984647133084,3.1625,-0.6400000000000001,0.08,0.7166562831830481,9.521987402131039
WY,2020Q3,344.62,4.351249053747153,1.4363925354683005,7.1,3.5999999999999996,5.842373268411416,2.7564984647133084,2.89,-0.7149999999999999,0.09,1.3910228912373812,14.758284487261331
WY,2020Q4,352.59,5.297894579662521,2.3126922407289197,6.25,2.8,9.496507472483895,2.7564984647133084,2.684,-1.036,0.09,1.3204191315779434,15.896650500581423
WY,2021Q1,358.03,5.935438056632236,1.5428684874783771,5.95,2.25,16.939312023917765,2.7564984647133084,3.0825,-0.36750000000000016,0.07,2.623645747764214,17.14381476412592
WY,2021Q2,372.09,9.521987402131039,3.92704521967433,5.35,-4.450000000000001,33.418490298572465,-4.153097608873213,2.975,-0.1875,0.08,5.317418943207719,18.72665215404876
WY,2021Q3,395.48,14.758284487261331,6.286113574672814,4.45,-2.6499999999999995,5.612555334625857,-4.153097608873213,2.9,0.009999999999999787,0.08,5.363523425270289,14.44067968038838
WY,2021Q4,408.64,15.896650500581423,3.3276019014867986,3.8,-2.45,0.2942735569262833,-4.153097608873213,3.098,0.4139999999999997,0.08,7.159457345112474,10.366092404072047
WY,2022Q1,419.41,17.14381476412592,2.6355716523101202,3.25,-2.7,4.607786130530411,-4.153097608873213,4.172,1.0894999999999997,0.2,8.540780148538584,7.012231468014574
WY,2022Q2,441.77,18.72665215404876,5.331298729167155,3.25,-2.0999999999999996,4.824152177090046,6.420080256178262,5.522,2.547,1.21,8.999298141923106,4.32804400479887
WY,2022Q3,452.59,14.44067968038838,2.4492382914186095,3.3,-1.1500000000000004,-5.146560181641302,6.420080256178262,6.112,3.212,2.56,8.205751582451759,4.301906803066791
WY,2022Q4,451.0,10.366092404072047,-0.3513113413906588,3.3,-0.5,-21.40984800842106,6.420080256178262,6.364,3.266,4.1,6.410831677385809,3.228381374722833
WY,2023Q1,448.82,7.012231468014574,-0.4833702882483415,3.2,-0.04999999999999982,-23.799221224283894,6.420080256178262,6.544,2.372,4.65,4.931348641757127,4.76583039971481
WY,2023Q2,460.89,4.32804400479887,2.689274096519756,3.2,-0.04999999999999982,-18.880268185728067,1.20525616505196,6.714,1.1920000000000002,5.08,3.0592533347792994,4.9621384712187355
WY,2023Q3,472.06,4.301906803066791,2.4235717850246363,3.4,0.10000000000000009,-7.742069712973998,1.20525616505196,7.2,1.088,5.33,3.6950823322234427,3.340677032580608
WY,2023Q4,465.56,3.228381374722833,-1.3769436088632792,3.55,0.25,8.376872059312612,1.20525616505196,6.815,0.4510000000000005,5.33,3.322200208829762,5.27536729959619
WY,2024Q1,470.21,4.76583039971481,0.9987971475212687,3.55,0.34999999999999964,6.472917691236413,1.20525616505196,6.82,0.2760000000000007,5.33,3.4690014354717524,6.312073328938128
WY,2024Q2,483.76,4.9621384712187355,2.881691159269262,3.65,0.44999999999999973,-3.8189638600984344,2.567833446797918,6.9175,0.20350000000000001,5.33,2.9700853998204435,5.068629072267239
WY,2024Q3,487.83,3.340677032580608,0.8413262774929597,3.75,0.3500000000000001,3.9595355583202263,2.567833446797918,6.18,-1.0200000000000005,5.13,2.432541464144644,4.349875981386964
WY,2024Q4,490.12,5.27536729959619,0.46942582457003557,3.75,0.20000000000000018,-3.091944950136505,2.567833446797918,6.715,-0.10000000000000053,4.48,2.872366268806581,4.198971680404795
WY,2025Q1,499.89,6.312073328938128,1.9933893740308406,3.8,0.25,-4.691472838601197,2.567833446797918,6.65,-0.16999999999999993,4.33,2.4055852640280317,3.9188621496729414
WY,2025Q2,508.28,5.068629072267239,1.6783692412330575,4.0,0.3500000000000001,0.7027991475745843,2.6492151058202795,6.8175,-0.10000000000000053,4.33,2.6726833178446263,3.6751396867868324
WY,2025Q3,509.05,4.349875981386964,0.15149130400566868,3.95,0.25,-8.75059957989086,2.6492151058202795,6.3525,0.17250000000000032,4.22,2.9392196249335534,
