date,state_unemployment_rate,state_building_permits,state_real_gdp,state,mortgage_rate,interest_rate,cpi,gdp,building_permits,state_full
1/31/2012,8.6,895.5847877,203675.5,AL,3.915,0.08,227.842,16068.805,712,Alabama
2/29/2012,8.5,795.4440368,203675.5,AL,3.89,0.1,228.329,16068.805,738,Alabama
3/31/2012,8.4,1013.555958,203675.5,AL,3.954,0.13,228.807,16068.805,806,Alabama
4/30/2012,8.4,726.8361491,203675.5,AL,3.91,0.14,229.187,16207.115,732,Alabama
5/31/2012,8.4,1099.228657,203675.5,AL,3.798,0.16,228.713,16207.115,796,Alabama
6/30/2012,8.3,935.1176954,203675.5,AL,3.675,0.16,228.524,16207.115,794,Alabama
7/31/2012,8.2,1161.014016,203675.5,AL,3.55,0.16,228.59,16319.541,849,Alabama
8/31/2012,8.1,1143.106537,203675.5,AL,3.602,0.13,229.918,16319.541,840,Alabama
9/30/2012,7.9,833.0246758,203675.5,AL,3.4975,0.14,231.015,16319.541,930,Alabama
10/31/2012,7.8,823.2262513,203675.5,AL,3.3825,0.16,231.638,16420.419,887,Alabama
11/30/2012,7.8,1087.516125,203675.5,AL,3.352,0.16,231.249,16420.419,917,Alabama
12/31/2012,7.7,672.5122083,203675.5,AL,3.345,0.16,231.221,16420.419,941,Alabama
1/31/2013,7.7,931.0617699,206962.9,AL,3.414,0.14,231.679,16648.189,940,Alabama
2/28/2013,7.6,826.1321321,206962.9,AL,3.5325,0.15,232.937,16648.189,980,Alabama
3/31/2013,7.5,786.2965359,206962.9,AL,3.565,0.14,232.282,16648.189,936,Alabama
4/30/2013,7.4,1033.01354,206962.9,AL,3.445,0.15,231.797,16728.687,1012,Alabama
5/31/2013,7.3,1133.443085,206962.9,AL,3.536,0.11,231.893,16728.687,1003,Alabama
6/30/2013,7.3,791.5093281,206962.9,AL,4.07,0.09,232.445,16728.687,942,Alabama
7/31/2013,7.3,922.3739489,206962.9,AL,4.37,0.09,232.9,16953.838,997,Alabama
8/31/2013,7.3,820.0230926,206962.9,AL,4.456,0.08,233.456,16953.838,964,Alabama
9/30/2013,7.3,1005.98186,206962.9,AL,4.49,0.08,233.544,16953.838,1004,Alabama
10/31/2013,7.2,968.4501949,206962.9,AL,4.192,0.09,233.669,17192.019,1044,Alabama
11/30/2013,7.2,827.3126523,206962.9,AL,4.255,0.08,234.1,17192.019,1029,Alabama
12/31/2013,7.2,913.036826,206962.9,AL,4.4575,0.09,234.719,17192.019,1005,Alabama
1/31/2014,7.2,847.1993194,206070,AL,4.432,0.07,235.288,17197.738,976,Alabama
2/28/2014,7.1,1452.192932,206070,AL,4.3025,0.07,235.547,17197.738,1039,Alabama
3/31/2014,7.1,1172.876131,206070,AL,4.3425,0.08,236.028,17197.738,1067,Alabama
4/30/2014,7,905.3800226,206070,AL,4.3375,0.09,236.468,17518.508,1090,Alabama
5/31/2014,6.9,858.9860628,206070,AL,4.192,0.09,236.918,17518.508,1018,Alabama
6/30/2014,6.9,1133.865441,206070,AL,4.1625,0.1,237.231,17518.508,1010,Alabama
7/31/2014,6.8,1073.098833,206070,AL,4.13,0.09,237.498,17804.228,1076,Alabama
8/31/2014,6.7,1082.316237,206070,AL,4.115,0.09,237.46,17804.228,1047,Alabama
9/30/2014,6.6,1008.966845,206070,AL,4.1625,0.09,237.477,17804.228,1077,Alabama
10/31/2014,6.4,1301.309519,206070,AL,4.036,0.09,237.43,17912.079,1094,Alabama
11/30/2014,6.3,815.9010811,206070,AL,3.9975,0.09,236.983,17912.079,1059,Alabama
12/31/2014,6.2,1159.590344,206070,AL,3.864,0.12,236.252,17912.079,1072,Alabama
1/31/2015,6.2,1041.926278,208950.3,AL,3.67,0.11,234.747,18063.529,1049,Alabama
2/28/2015,6.1,1428.198299,208950.3,AL,3.71,0.11,235.342,18063.529,1127,Alabama
3/31/2015,6.1,875.0750126,208950.3,AL,3.77,0.11,235.976,18063.529,1072,Alabama
4/30/2015,6.1,1085.573584,208950.3,AL,3.672,0.12,236.222,18279.784,1166,Alabama
5/31/2015,6.1,1089.282464,208950.3,AL,3.84,0.12,237.001,18279.784,1272,Alabama
6/30/2015,6.1,1133.267914,208950.3,AL,3.9825,0.13,237.657,18279.784,1379,Alabama
7/31/2015,6.1,969.3712125,208950.3,AL,4.046,0.13,238.034,18401.626,1140,Alabama
8/31/2015,6.1,1797.421925,208950.3,AL,3.905,0.14,238.033,18401.626,1165,Alabama
9/30/2015,6.1,1001.104437,208950.3,AL,3.89,0.14,237.498,18401.626,1144,Alabama
10/31/2015,6,1007.472916,208950.3,AL,3.796,0.12,237.733,18435.137,1160,Alabama
11/30/2015,6,1194.62074,208950.3,AL,3.9425,0.12,238.017,18435.137,1244,Alabama
12/31/2015,6,1327.284077,208950.3,AL,3.964,0.24,237.761,18435.137,1211,Alabama
1/31/2016,5.9,1236.83607,212862.8,AL,3.8725,0.34,237.652,18525.933,1171,Alabama
2/29/2016,5.9,1149.857784,212862.8,AL,3.66,0.38,237.336,18525.933,1172,Alabama
3/31/2016,5.9,1171.931044,212862.8,AL,3.694,0.36,238.08,18525.933,1118,Alabama
4/30/2016,5.8,1370.478421,212862.8,AL,3.605,0.37,238.992,18711.702,1160,Alabama
5/31/2016,5.8,1071.809856,212862.8,AL,3.6,0.37,239.557,18711.702,1205,Alabama
6/30/2016,5.8,1464.308485,212862.8,AL,3.568,0.38,240.222,18711.702,1208,Alabama
7/31/2016,5.8,979.7142496,212862.8,AL,3.44,0.39,240.101,18892.639,1198,Alabama
8/31/2016,5.8,1145.835819,212862.8,AL,3.435,0.4,240.545,18892.639,1201,Alabama
9/30/2016,5.8,1299.137805,212862.8,AL,3.46,0.4,241.176,18892.639,1303,Alabama
10/31/2016,5.8,1113.101957,212862.8,AL,3.47,0.4,241.741,19089.379,1254,Alabama
11/30/2016,5.7,1120.948796,212862.8,AL,3.77,0.41,242.026,19089.379,1230,Alabama
12/31/2016,5.6,1018.166583,212862.8,AL,4.198,0.54,242.637,19089.379,1248,Alabama
1/31/2017,5.4,1103.663569,216615.5,AL,4.15,0.65,243.618,19280.084,1303,Alabama
2/28/2017,5.2,1217.16232,216615.5,AL,4.1675,0.66,244.006,19280.084,1234,Alabama
3/31/2017,5,1286.50385,216615.5,AL,4.196,0.79,243.892,19280.084,1272,Alabama
4/30/2017,4.8,970.3706608,216615.5,AL,4.045,0.9,244.193,19438.643,1251,Alabama
5/31/2017,4.6,1245.442601,216615.5,AL,4.01,0.91,244.004,19438.643,1208,Alabama
6/30/2017,4.5,1193.868201,216615.5,AL,3.904,1.04,244.163,19438.643,1353,Alabama
7/31/2017,4.3,1111.808241,216615.5,AL,3.9675,1.15,244.243,19692.595,1256,Alabama
8/31/2017,4.2,1126.567506,216615.5,AL,3.88,1.16,245.183,19692.595,1319,Alabama
9/30/2017,4.1,1395.068564,216615.5,AL,3.805,1.15,246.435,19692.595,1273,Alabama
10/31/2017,4,1173.718537,216615.5,AL,3.895,1.15,246.626,20037.088,1356,Alabama
11/30/2017,4,1329.407899,216615.5,AL,3.922,1.16,247.284,20037.088,1299,Alabama
12/31/2017,4,1442.582762,216615.5,AL,3.95,1.3,247.805,20037.088,1311,Alabama
1/31/2018,4,1235.304897,220808.8,AL,4.0325,1.41,248.859,20328.553,1317,Alabama
2/28/2018,4,1308.147862,220808.8,AL,4.33,1.42,249.529,20328.553,1321,Alabama
3/31/2018,4,1031.236507,220808.8,AL,4.444,1.51,249.577,20328.553,1385,Alabama
4/30/2018,4,1266.724945,220808.8,AL,4.4675,1.69,250.227,20580.912,1378,Alabama
5/31/2018,4,1519.981593,220808.8,AL,4.586,1.7,250.792,20580.912,1338,Alabama
6/30/2018,4,1093.02228,220808.8,AL,4.57,1.82,251.018,20580.912,1345,Alabama
7/31/2018,3.9,1241.100135,220808.8,AL,4.5275,1.91,251.214,20798.73,1334,Alabama
8/31/2018,3.9,1317.272927,220808.8,AL,4.55,1.91,251.663,20798.73,1273,Alabama
9/30/2018,3.9,1046.091706,220808.8,AL,4.6275,1.95,252.182,20798.73,1314,Alabama
10/31/2018,3.8,1200.633756,220808.8,AL,4.83,2.19,252.772,20917.867,1272,Alabama
11/30/2018,3.8,1348.884726,220808.8,AL,4.866,2.2,252.594,20917.867,1340,Alabama
12/31/2018,3.8,936.3861925,220808.8,AL,4.6375,2.27,252.767,20917.867,1317,Alabama
1/31/2019,3.7,1194.79276,225272.8,AL,4.464,2.4,252.561,21111.6,1254,Alabama
2/28/2019,3.6,1147.907488,225272.8,AL,4.37,2.4,253.319,21111.6,1286,Alabama
3/31/2019,3.4,1134.736658,225272.8,AL,4.265,2.41,254.277,21111.6,1295,Alabama
4/30/2019,3.3,1409.567112,225272.8,AL,4.1425,2.42,255.233,21397.938,1322,Alabama
5/31/2019,3.2,1279.156295,225272.8,AL,4.072,2.39,255.296,21397.938,1347,Alabama
6/30/2019,3,1257.863896,225272.8,AL,3.8025,2.38,255.213,21397.938,1299,Alabama
7/31/2019,3,1524.7248,225272.8,AL,3.765,2.4,255.802,21717.171,1379,Alabama
8/31/2019,3,1395.526967,225272.8,AL,3.616,2.13,256.036,21717.171,1482,Alabama
9/30/2019,3,1433.329924,225272.8,AL,3.605,2.04,256.43,21717.171,1469,Alabama
10/31/2019,3,1516.586118,225272.8,AL,3.688,1.83,257.155,21933.217,1523,Alabama
11/30/2019,3,1454.216546,225272.8,AL,3.695,1.55,257.879,21933.217,1535,Alabama
12/31/2019,3.1,1492.186544,225272.8,AL,3.72,1.55,258.63,21933.217,1443,Alabama
1/31/2020,3.2,1576.605349,223025.5,AL,3.624,1.55,259.127,21751.238,1495,Alabama
2/29/2020,3.3,1441.563224,223025.5,AL,3.465,1.58,259.25,21751.238,1455,Alabama
3/31/2020,3.4,1371.629806,223025.5,AL,3.45,0.65,258.076,21751.238,1346,Alabama
4/30/2020,13.8,1569.138224,223025.5,AL,3.306,0.05,256.032,19958.291,1076,Alabama
5/31/2020,10.4,1303.734215,223025.5,AL,3.2325,0.05,255.802,19958.291,1250,Alabama
6/30/2020,8.6,1558.535449,223025.5,AL,3.1625,0.08,257.042,19958.291,1334,Alabama
7/31/2020,7.5,1993.129716,223025.5,AL,3.016,0.09,258.352,21704.437,1546,Alabama
8/31/2020,6.3,1758.743973,223025.5,AL,2.935,0.1,259.316,21704.437,1533,Alabama
9/30/2020,5.9,1706.100886,223025.5,AL,2.89,0.09,259.997,21704.437,1636,Alabama
10/31/2020,5.2,1776.397267,223025.5,AL,2.834,0.09,260.319,22087.16,1613,Alabama
11/30/2020,4.8,1572.003173,223025.5,AL,2.765,0.09,260.911,22087.16,1703,Alabama
12/31/2020,4.5,1696.531687,223025.5,AL,2.684,0.09,262.045,22087.16,1752,Alabama
1/31/2021,4.1,1966.54686,233951.1,AL,2.735,0.09,262.639,22680.693,1855,Alabama
2/28/2021,3.9,1953.791189,233951.1,AL,2.81,0.08,263.573,22680.693,1711,Alabama
3/31/2021,3.7,1747.998018,233951.1,AL,3.0825,0.07,264.847,22680.693,1756,Alabama
4/30/2021,3.7,1556.65025,233951.1,AL,3.06,0.07,266.625,23425.91,1721,Alabama
5/31/2021,3.5,1705.59143,233951.1,AL,2.9625,0.06,268.404,23425.91,1703,Alabama
6/30/2021,3.5,1597.784672,233951.1,AL,2.975,0.08,270.71,23425.91,1654,Alabama
7/31/2021,3.3,1778.4276,233951.1,AL,2.868,0.1,271.965,23982.379,1658,Alabama
8/31/2021,3.2,1463.273684,233951.1,AL,2.8425,0.09,272.752,23982.379,1736,Alabama
9/30/2021,3,1932.206349,233951.1,AL,2.9,0.08,273.942,23982.379,1640,Alabama
10/31/2021,2.9,1637.755241,233951.1,AL,3.0675,0.08,276.528,24813.6,1707,Alabama
11/30/2021,2.7,1668.300367,233951.1,AL,3.0675,0.08,278.824,24813.6,1765,Alabama
12/31/2021,2.7,1573.907439,233951.1,AL,3.098,0.08,280.806,24813.6,1919,Alabama
1/31/2022,2.6,1578.706049,239846.6,AL,3.445,0.08,282.542,25250.347,1920,Alabama
2/28/2022,2.6,1769.919061,239846.6,AL,3.7625,0.08,284.525,25250.347,1857,Alabama
3/31/2022,2.5,2133.922974,239846.6,AL,4.172,0.2,287.467,25250.347,1868,Alabama
4/30/2022,2.5,1812.815572,239846.6,AL,4.9825,0.33,288.582,25861.292,1859,Alabama
5/31/2022,2.5,1740.560396,239846.6,AL,5.23,0.77,291.299,25861.292,1704,Alabama
6/30/2022,2.5,1796.335952,239846.6,AL,5.522,1.21,295.072,25861.292,1737,Alabama
7/31/2022,2.5,1620.134186,239846.6,AL,5.4125,1.68,294.94,26336.304,1703,Alabama
8/31/2022,2.5,2405.501907,239846.6,AL,5.2225,2.33,295.162,26336.304,1557,Alabama
9/30/2022,2.5,1774.653309,239846.6,AL,6.112,2.56,296.421,26336.304,1600,Alabama
10/31/2022,2.5,1587.777543,239846.6,AL,6.9,3.08,297.979,26770.514,1594,Alabama
11/30/2022,2.4,1537.326158,239846.6,AL,6.805,3.78,298.708,26770.514,1401,Alabama
12/31/2022,2.3,1272.38369,239846.6,AL,6.364,4.1,298.808,26770.514,1410,Alabama
1/31/2023,2.3,1259.001626,248313.7,AL,6.2725,4.33,300.456,27216.445,1410,Alabama
2/28/2023,2.3,1575.738845,248313.7,AL,6.2575,4.57,301.476,27216.445,1618,Alabama
3/31/2023,2.3,2077.172109,248313.7,AL,6.544,4.65,301.643,27216.445,1480,Alabama
4/30/2023,2.3,1327.749041,248313.7,AL,6.3425,4.83,302.858,27530.055,1474,Alabama
5/31/2023,2.3,2374.52179,248313.7,AL,6.425,5.06,303.316,27530.055,1575,Alabama
6/30/2023,2.3,1801.970398,248313.7,AL,6.714,5.08,304.099,27530.055,1464,Alabama
7/31/2023,2.4,1450.899121,248313.7,AL,6.84,5.12,304.615,28074.846,1522,Alabama
8/31/2023,2.5,1584.57192,248313.7,AL,7.072,5.33,306.138,28074.846,1561,Alabama
9/30/2023,2.6,1398.550879,248313.7,AL,7.2,5.33,307.374,28074.846,1537,Alabama
10/31/2023,2.7,1349.611112,248313.7,AL,7.62,5.33,307.653,28424.722,1528,Alabama
11/30/2023,2.8,1563.08629,248313.7,AL,7.442,5.33,308.087,28424.722,1503,Alabama
12/31/2023,2.8,2037.821249,248313.7,AL,6.815,5.33,308.735,28424.722,1519,Alabama
1/31/2024,2.9,2109.835212,255629.4,AL,6.6425,5.33,309.794,28708.161,1545,Alabama
2/29/2024,2.9,1626.641632,255629.4,AL,6.776,5.33,311.022,28708.161,1577,Alabama
3/31/2024,2.9,1324.331702,255629.4,AL,6.82,5.33,312.107,28708.161,1476,Alabama
4/30/2024,2.9,1695.707361,255629.4,AL,6.9925,5.33,313.016,29147.044,1459,Alabama
5/31/2024,2.9,2178.978196,255629.4,AL,7.06,5.33,313.14,29147.044,1407,Alabama
6/30/2024,2.9,1465.754655,255629.4,AL,6.9175,5.33,313.131,29147.044,1461,Alabama
7/31/2024,3,1438.840193,255629.4,AL,6.8475,5.33,313.566,29511.664,1436,Alabama
8/31/2024,3.1,1675.915177,255629.4,AL,6.5,5.33,314.131,29511.664,1476,Alabama
9/30/2024,3.3,1491.548867,255629.4,AL,6.18,5.13,314.851,29511.664,1434,Alabama
10/31/2024,3.3,2297.554588,255629.4,AL,6.428,4.83,315.564,29825.182,1428,Alabama
11/30/2024,3.3,1818.022074,255629.4,AL,6.805,4.64,316.449,29825.182,1508,Alabama
12/31/2024,3.3,1768.029573,255629.4,AL,6.715,4.48,317.603,29825.182,1480,Alabama
1/31/2025,3.3,1681.106767,255629.4,AL,6.958,4.33,319.086,30042.113,1460,Alabama
2/28/2025,3.3,1431.728485,255629.4,AL,6.8425,4.33,319.775,30042.113,1454,Alabama
3/31/2025,3.3,1310.277538,255629.4,AL,6.65,4.33,319.615,30042.113,1481,Alabama
4/30/2025,3.3,1518.751764,255629.4,AL,6.725,4.33,320.321,30485.729,1422,Alabama
5/31/2025,3.3,1383.800988,255629.4,AL,6.816,4.33,320.58,30485.729,1394,Alabama
6/30/2025,3.2,1306.571286,255629.4,AL,6.8175,4.33,321.5,30485.729,1393,Alabama
7/31/2025,3,1511.599079,255629.4,AL,6.72,4.33,322.132,30485.729,1362,Alabama
8/31/2025,2.9,1391.839027,255629.4,AL,6.5875,4.33,323.364,30485.729,1330,Alabama
9/30/2025,4.4,1258.406926,255629.4,AL,6.3525,4.22,323.364,30485.729,1330,Alabama
1/31/2012,7.3,61.46298051,57087.4,AK,3.915,0.08,227.842,16068.805,712,Alaska
2/29/2012,7.3,66.90595649,57087.4,AK,3.89,0.1,228.329,16068.805,738,Alaska
3/31/2012,7.2,69.65218909,57087.4,AK,3.954,0.13,228.807,16068.805,806,Alaska
4/30/2012,7.2,74.39055831,57087.4,AK,3.91,0.14,229.187,16207.115,732,Alaska
5/31/2012,7.2,72.15335048,57087.4,AK,3.798,0.16,228.713,16207.115,796,Alaska
6/30/2012,7.2,112.1774314,57087.4,AK,3.675,0.16,228.524,16207.115,794,Alaska
7/31/2012,7.1,83.40363707,57087.4,AK,3.55,0.16,228.59,16319.541,849,Alaska
8/31/2012,7.1,73.34108511,57087.4,AK,3.602,0.13,229.918,16319.541,840,Alaska
9/30/2012,7,104.6221725,57087.4,AK,3.4975,0.14,231.015,16319.541,930,Alaska
10/31/2012,7,108.0677796,57087.4,AK,3.3825,0.16,231.638,16420.419,887,Alaska
11/30/2012,7,112.9577602,57087.4,AK,3.352,0.16,231.249,16420.419,917,Alaska
12/31/2012,7,50.82925661,57087.4,AK,3.345,0.16,231.221,16420.419,941,Alaska
1/31/2013,7,97.1876361,54627.6,AK,3.414,0.14,231.679,16648.189,940,Alaska
2/28/2013,7,91.23365708,54627.6,AK,3.5325,0.15,232.937,16648.189,980,Alaska
3/31/2013,6.9,111.0160541,54627.6,AK,3.565,0.14,232.282,16648.189,936,Alaska
4/30/2013,6.9,93.3298544,54627.6,AK,3.445,0.15,231.797,16728.687,1012,Alaska
5/31/2013,6.9,91.9687084,54627.6,AK,3.536,0.11,231.893,16728.687,1003,Alaska
6/30/2013,6.9,91.66043119,54627.6,AK,4.07,0.09,232.445,16728.687,942,Alaska
7/31/2013,6.9,86.31498838,54627.6,AK,4.37,0.09,232.9,16953.838,997,Alaska
8/31/2013,7,79.09897176,54627.6,AK,4.456,0.08,233.456,16953.838,964,Alaska
9/30/2013,6.9,103.3971568,54627.6,AK,4.49,0.08,233.544,16953.838,1004,Alaska
10/31/2013,6.9,89.77486404,54627.6,AK,4.192,0.09,233.669,17192.019,1044,Alaska
11/30/2013,6.9,90.75048279,54627.6,AK,4.255,0.08,234.1,17192.019,1029,Alaska
12/31/2013,6.9,60.86640184,54627.6,AK,4.4575,0.09,234.719,17192.019,1005,Alaska
1/31/2014,6.9,133.2429464,53303.3,AK,4.432,0.07,235.288,17197.738,976,Alaska
2/28/2014,6.9,88.66673879,53303.3,AK,4.3025,0.07,235.547,17197.738,1039,Alaska
3/31/2014,6.9,104.4878545,53303.3,AK,4.3425,0.08,236.028,17197.738,1067,Alaska
4/30/2014,6.9,97.40734762,53303.3,AK,4.3375,0.09,236.468,17518.508,1090,Alaska
5/31/2014,6.9,107.4214197,53303.3,AK,4.192,0.09,236.918,17518.508,1018,Alaska
6/30/2014,6.8,79.71608153,53303.3,AK,4.1625,0.1,237.231,17518.508,1010,Alaska
7/31/2014,6.8,105.4786214,53303.3,AK,4.13,0.09,237.498,17804.228,1076,Alaska
8/31/2014,6.8,100.9164107,53303.3,AK,4.115,0.09,237.46,17804.228,1047,Alaska
9/30/2014,6.7,103.2898928,53303.3,AK,4.1625,0.09,237.477,17804.228,1077,Alaska
10/31/2014,6.6,143.9705517,53303.3,AK,4.036,0.09,237.43,17912.079,1094,Alaska
11/30/2014,6.4,91.92509659,53303.3,AK,3.9975,0.09,236.983,17912.079,1059,Alaska
12/31/2014,6.3,102.0281929,53303.3,AK,3.864,0.12,236.252,17912.079,1072,Alaska
1/31/2015,6.3,88.09297618,53681.1,AK,3.67,0.11,234.747,18063.529,1049,Alaska
2/28/2015,6.3,89.54093592,53681.1,AK,3.71,0.11,235.342,18063.529,1127,Alaska
3/31/2015,6.3,88.97710826,53681.1,AK,3.77,0.11,235.976,18063.529,1072,Alaska
4/30/2015,6.3,100.4755739,53681.1,AK,3.672,0.12,236.222,18279.784,1166,Alaska
5/31/2015,6.3,85.9479311,53681.1,AK,3.84,0.12,237.001,18279.784,1272,Alaska
6/30/2015,6.2,117.0923211,53681.1,AK,3.9825,0.13,237.657,18279.784,1379,Alaska
7/31/2015,6.2,112.7219685,53681.1,AK,4.046,0.13,238.034,18401.626,1140,Alaska
8/31/2015,6.2,113.6691417,53681.1,AK,3.905,0.14,238.033,18401.626,1165,Alaska
9/30/2015,6.3,102.7401447,53681.1,AK,3.89,0.14,237.498,18401.626,1144,Alaska
10/31/2015,6.3,134.1019694,53681.1,AK,3.796,0.12,237.733,18435.137,1160,Alaska
11/30/2015,6.3,110.1786095,53681.1,AK,3.9425,0.12,238.017,18435.137,1244,Alaska
12/31/2015,6.4,135.6396355,53681.1,AK,3.964,0.24,237.761,18435.137,1211,Alaska
1/31/2016,6.4,141.2610001,53463.9,AK,3.8725,0.34,237.652,18525.933,1171,Alaska
2/29/2016,6.5,150.9902216,53463.9,AK,3.66,0.38,237.336,18525.933,1172,Alaska
3/31/2016,6.5,135.3703667,53463.9,AK,3.694,0.36,238.08,18525.933,1118,Alaska
4/30/2016,6.6,121.6690943,53463.9,AK,3.605,0.37,238.992,18711.702,1160,Alaska
5/31/2016,6.6,133.3948091,53463.9,AK,3.6,0.37,239.557,18711.702,1205,Alaska
6/30/2016,6.7,99.88069324,53463.9,AK,3.568,0.38,240.222,18711.702,1208,Alaska
7/31/2016,6.7,111.8746266,53463.9,AK,3.44,0.39,240.101,18892.639,1198,Alaska
8/31/2016,6.7,109.4236858,53463.9,AK,3.435,0.4,240.545,18892.639,1201,Alaska
9/30/2016,6.7,160.3226222,53463.9,AK,3.46,0.4,241.176,18892.639,1303,Alaska
10/31/2016,6.7,115.8681272,53463.9,AK,3.47,0.4,241.741,19089.379,1254,Alaska
11/30/2016,6.7,131.8493341,53463.9,AK,3.77,0.41,242.026,19089.379,1230,Alaska
12/31/2016,6.7,125.1078621,53463.9,AK,4.198,0.54,242.637,19089.379,1248,Alaska
1/31/2017,6.7,103.3304624,53550.9,AK,4.15,0.65,243.618,19280.084,1303,Alaska
2/28/2017,6.6,126.3049576,53550.9,AK,4.1675,0.66,244.006,19280.084,1234,Alaska
3/31/2017,6.6,114.3443569,53550.9,AK,4.196,0.79,243.892,19280.084,1272,Alaska
4/30/2017,6.6,150.7859147,53550.9,AK,4.045,0.9,244.193,19438.643,1251,Alaska
5/31/2017,6.6,126.4590227,53550.9,AK,4.01,0.91,244.004,19438.643,1208,Alaska
6/30/2017,6.6,135.0216749,53550.9,AK,3.904,1.04,244.163,19438.643,1353,Alaska
7/31/2017,6.6,113.4912753,53550.9,AK,3.9675,1.15,244.243,19692.595,1256,Alaska
8/31/2017,6.6,146.8518781,53550.9,AK,3.88,1.16,245.183,19692.595,1319,Alaska
9/30/2017,6.6,119.0004256,53550.9,AK,3.805,1.15,246.435,19692.595,1273,Alaska
10/31/2017,6.6,133.3695261,53550.9,AK,3.895,1.15,246.626,20037.088,1356,Alaska
11/30/2017,6.6,144.2679343,53550.9,AK,3.922,1.16,247.284,20037.088,1299,Alaska
12/31/2017,6.6,131.6079502,53550.9,AK,3.95,1.3,247.805,20037.088,1311,Alaska
1/31/2018,6.5,157.0730737,52479.6,AK,4.0325,1.41,248.859,20328.553,1317,Alaska
2/28/2018,6.4,148.4136897,52479.6,AK,4.33,1.42,249.529,20328.553,1321,Alaska
3/31/2018,6.3,152.8170264,52479.6,AK,4.444,1.51,249.577,20328.553,1385,Alaska
4/30/2018,6.1,112.3445653,52479.6,AK,4.4675,1.69,250.227,20580.912,1378,Alaska
5/31/2018,6,149.283193,52479.6,AK,4.586,1.7,250.792,20580.912,1338,Alaska
6/30/2018,6,162.1389091,52479.6,AK,4.57,1.82,251.018,20580.912,1345,Alaska
7/31/2018,5.9,127.4097401,52479.6,AK,4.5275,1.91,251.214,20798.73,1334,Alaska
8/31/2018,5.9,138.4192989,52479.6,AK,4.55,1.91,251.663,20798.73,1273,Alaska
9/30/2018,5.9,124.6898926,52479.6,AK,4.6275,1.95,252.182,20798.73,1314,Alaska
10/31/2018,6,131.961527,52479.6,AK,4.83,2.19,252.772,20917.867,1272,Alaska
11/30/2018,6,129.9156676,52479.6,AK,4.866,2.2,252.594,20917.867,1340,Alaska
12/31/2018,6.1,165.6349119,52479.6,AK,4.6375,2.27,252.767,20917.867,1317,Alaska
1/31/2019,6,120.9452254,52377.5,AK,4.464,2.4,252.561,21111.6,1254,Alaska
2/28/2019,5.9,114.6654039,52377.5,AK,4.37,2.4,253.319,21111.6,1286,Alaska
3/31/2019,5.8,127.8039935,52377.5,AK,4.265,2.41,254.277,21111.6,1295,Alaska
4/30/2019,5.7,137.2242264,52377.5,AK,4.1425,2.42,255.233,21397.938,1322,Alaska
5/31/2019,5.6,160.3409295,52377.5,AK,4.072,2.39,255.296,21397.938,1347,Alaska
6/30/2019,5.6,105.2885645,52377.5,AK,3.8025,2.38,255.213,21397.938,1299,Alaska
7/31/2019,5.6,173.1881149,52377.5,AK,3.765,2.4,255.802,21717.171,1379,Alaska
8/31/2019,5.6,153.8062526,52377.5,AK,3.616,2.13,256.036,21717.171,1482,Alaska
9/30/2019,5.5,182.6702334,52377.5,AK,3.605,2.04,256.43,21717.171,1469,Alaska
10/31/2019,5.4,134.4019407,52377.5,AK,3.688,1.83,257.155,21933.217,1523,Alaska
11/30/2019,5.3,139.4658355,52377.5,AK,3.695,1.55,257.879,21933.217,1535,Alaska
12/31/2019,5.2,140.9447401,52377.5,AK,3.72,1.55,258.63,21933.217,1443,Alaska
1/31/2020,5.3,142.3378141,50901.3,AK,3.624,1.55,259.127,21751.238,1495,Alaska
2/29/2020,5.4,146.952088,50901.3,AK,3.465,1.58,259.25,21751.238,1455,Alaska
3/31/2020,5.4,43.41674543,50901.3,AK,3.45,0.65,258.076,21751.238,1346,Alaska
4/30/2020,11.6,92.52027381,50901.3,AK,3.306,0.05,256.032,19958.291,1076,Alaska
5/31/2020,11.7,98.76983763,50901.3,AK,3.2325,0.05,255.802,19958.291,1250,Alaska
6/30/2020,11.2,112.7992854,50901.3,AK,3.1625,0.08,257.042,19958.291,1334,Alaska
7/31/2020,11.1,125.9973056,50901.3,AK,3.016,0.09,258.352,21704.437,1546,Alaska
8/31/2020,8.6,136.1640444,50901.3,AK,2.935,0.1,259.316,21704.437,1533,Alaska
9/30/2020,7.8,129.9862057,50901.3,AK,2.89,0.09,259.997,21704.437,1636,Alaska
10/31/2020,7.2,149.8397285,50901.3,AK,2.834,0.09,260.319,22087.16,1613,Alaska
11/30/2020,7,150.1980331,50901.3,AK,2.765,0.09,260.911,22087.16,1703,Alaska
12/31/2020,7.1,168.2861078,50901.3,AK,2.684,0.09,262.045,22087.16,1752,Alaska
1/31/2021,7,144.0809322,51764,AK,2.735,0.09,262.639,22680.693,1855,Alaska
2/28/2021,7,146.0583065,51764,AK,2.81,0.08,263.573,22680.693,1711,Alaska
3/31/2021,7,145.9119126,51764,AK,3.0825,0.07,264.847,22680.693,1756,Alaska
4/30/2021,7.1,159.4799306,51764,AK,3.06,0.07,266.625,23425.91,1721,Alaska
5/31/2021,6.9,121.7513259,51764,AK,2.9625,0.06,268.404,23425.91,1703,Alaska
6/30/2021,6.8,122.0936949,51764,AK,2.975,0.08,270.71,23425.91,1654,Alaska
7/31/2021,6.4,136.6102358,51764,AK,2.868,0.1,271.965,23982.379,1658,Alaska
8/31/2021,6.2,125.6991393,51764,AK,2.8425,0.09,272.752,23982.379,1736,Alaska
9/30/2021,5.9,118.3002866,51764,AK,2.9,0.08,273.942,23982.379,1640,Alaska
10/31/2021,5.7,118.2397751,51764,AK,3.0675,0.08,276.528,24813.6,1707,Alaska
11/30/2021,5.4,136.8353232,51764,AK,3.0675,0.08,278.824,24813.6,1765,Alaska
12/31/2021,5.4,138.0314056,51764,AK,3.098,0.08,280.806,24813.6,1919,Alaska
1/31/2022,5.2,147.0807393,50509.1,AK,3.445,0.08,282.542,25250.347,1920,Alaska
2/28/2022,4.9,165.0468857,50509.1,AK,3.7625,0.08,284.525,25250.347,1857,Alaska
3/31/2022,4.6,147.9628526,50509.1,AK,4.172,0.2,287.467,25250.347,1868,Alaska
4/30/2022,4.4,144.5202545,50509.1,AK,4.9825,0.33,288.582,25861.292,1859,Alaska
5/31/2022,4.2,125.1242728,50509.1,AK,5.23,0.77,291.299,25861.292,1704,Alaska
6/30/2022,4.1,100.4986436,50509.1,AK,5.522,1.21,295.072,25861.292,1737,Alaska
7/31/2022,4,104.6984857,50509.1,AK,5.4125,1.68,294.94,26336.304,1703,Alaska
8/31/2022,3.8,120.1860532,50509.1,AK,5.2225,2.33,295.162,26336.304,1557,Alaska
9/30/2022,3.9,117.4535742,50509.1,AK,6.112,2.56,296.421,26336.304,1600,Alaska
10/31/2022,4,79.05030054,50509.1,AK,6.9,3.08,297.979,26770.514,1594,Alaska
11/30/2022,4,79.92267287,50509.1,AK,6.805,3.78,298.708,26770.514,1401,Alaska
12/31/2022,4,97.02006414,50509.1,AK,6.364,4.1,298.808,26770.514,1410,Alaska
1/31/2023,4,144.3610575,54183.8,AK,6.2725,4.33,300.456,27216.445,1410,Alaska
2/28/2023,4,105.6452675,54183.8,AK,6.2575,4.57,301.476,27216.445,1618,Alaska
3/31/2023,4,121.151259,54183.8,AK,6.544,4.65,301.643,27216.445,1480,Alaska
4/30/2023,4,38.38767961,54183.8,AK,6.3425,4.83,302.858,27530.055,1474,Alaska
5/31/2023,4.1,42.99479687,54183.8,AK,6.425,5.06,303.316,27530.055,1575,Alaska
6/30/2023,4.2,74.88617759,54183.8,AK,6.714,5.08,304.099,27530.055,1464,Alaska
7/31/2023,4.3,108.8472896,54183.8,AK,6.84,5.12,304.615,28074.846,1522,Alaska
8/31/2023,4.4,40.23631092,54183.8,AK,7.072,5.33,306.138,28074.846,1561,Alaska
9/30/2023,4.4,57.74210155,54183.8,AK,7.2,5.33,307.374,28074.846,1537,Alaska
10/31/2023,4.5,69.62890532,54183.8,AK,7.62,5.33,307.653,28424.722,1528,Alaska
11/30/2023,4.5,60.31269306,54183.8,AK,7.442,5.33,308.087,28424.722,1503,Alaska
12/31/2023,4.5,34.66999165,54183.8,AK,6.815,5.33,308.735,28424.722,1519,Alaska
1/31/2024,4.4,39.31616813,55945.7,AK,6.6425,5.33,309.794,28708.161,1545,Alaska
2/29/2024,4.4,48.49567294,55945.7,AK,6.776,5.33,311.022,28708.161,1577,Alaska
3/31/2024,4.4,44.98419607,55945.7,AK,6.82,5.33,312.107,28708.161,1476,Alaska
4/30/2024,4.5,59.99679537,55945.7,AK,6.9925,5.33,313.016,29147.044,1459,Alaska
5/31/2024,4.5,154.3806729,55945.7,AK,7.06,5.33,313.14,29147.044,1407,Alaska
6/30/2024,4.6,60.02958944,55945.7,AK,6.9175,5.33,313.131,29147.044,1461,Alaska
7/31/2024,4.7,56.59172083,55945.7,AK,6.8475,5.33,313.566,29511.664,1436,Alaska
8/31/2024,4.7,59.81254321,55945.7,AK,6.5,5.33,314.131,29511.664,1476,Alaska
9/30/2024,4.8,55.95530214,55945.7,AK,6.18,5.13,314.851,29511.664,1434,Alaska
10/31/2024,4.7,75.54918632,55945.7,AK,6.428,4.83,315.564,29825.182,1428,Alaska
11/30/2024,4.7,124.2987749,55945.7,AK,6.805,4.64,316.449,29825.182,1508,Alaska
12/31/2024,4.7,85.42190167,55945.7,AK,6.715,4.48,317.603,29825.182,1480,Alaska
1/31/2025,4.7,46.11377297,55945.7,AK,6.958,4.33,319.086,30042.113,1460,Alaska
2/28/2025,4.7,46.19178943,55945.7,AK,6.8425,4.33,319.775,30042.113,1454,Alaska
3/31/2025,4.7,125.3508946,55945.7,AK,6.65,4.33,319.615,30042.113,1481,Alaska
4/30/2025,4.7,77.81145816,55945.7,AK,6.725,4.33,320.321,30485.729,1422,Alaska
5/31/2025,4.7,93.46640013,55945.7,AK,6.816,4.33,320.58,30485.729,1394,Alaska
6/30/2025,4.7,58.17359221,55945.7,AK,6.8175,4.33,321.5,30485.729,1393,Alaska
7/31/2025,4.8,69.96739253,55945.7,AK,6.72,4.33,322.132,30485.729,1362,Alaska
8/31/2025,4.7,84.88151614,55945.7,AK,6.5875,4.33,323.364,30485.729,1330,Alaska
9/30/2025,4.4,1258.406926,55945.7,AK,6.3525,4.22,323.364,30485.729,1330,Alaska
1/31/2012,8.8,1452.835733,297077.3,AZ,3.915,0.08,227.842,16068.805,712,Arizona
2/29/2012,8.7,2253.849108,297077.3,AZ,3.89,0.1,228.329,16068.805,738,Arizona
3/31/2012,8.6,1253.270636,297077.3,AZ,3.954,0.13,228.807,16068.805,806,Arizona
4/30/2012,8.5,1532.809962,297077.3,AZ,3.91,0.14,229.187,16207.115,732,Arizona
5/31/2012,8.5,1852.279007,297077.3,AZ,3.798,0.16,228.713,16207.115,796,Arizona
6/30/2012,8.4,1527.638889,297077.3,AZ,3.675,0.16,228.524,16207.115,794,Arizona
7/31/2012,8.4,1737.65075,297077.3,AZ,3.55,0.16,228.59,16319.541,849,Arizona
8/31/2012,8.3,2050.437785,297077.3,AZ,3.602,0.13,229.918,16319.541,840,Arizona
9/30/2012,8.2,1835.561234,297077.3,AZ,3.4975,0.14,231.015,16319.541,930,Arizona
10/31/2012,8.1,2038.209173,297077.3,AZ,3.3825,0.16,231.638,16420.419,887,Arizona
11/30/2012,8.1,1947.383648,297077.3,AZ,3.352,0.16,231.249,16420.419,917,Arizona
12/31/2012,8.1,2094.620281,297077.3,AZ,3.345,0.16,231.221,16420.419,941,Arizona
1/31/2013,8.1,2154.658409,298859.9,AZ,3.414,0.14,231.679,16648.189,940,Arizona
2/28/2013,8.1,1699.245641,298859.9,AZ,3.5325,0.15,232.937,16648.189,980,Arizona
3/31/2013,8.1,1677.705519,298859.9,AZ,3.565,0.14,232.282,16648.189,936,Arizona
4/30/2013,8,2159.553391,298859.9,AZ,3.445,0.15,231.797,16728.687,1012,Arizona
5/31/2013,8,2526.216216,298859.9,AZ,3.536,0.11,231.893,16728.687,1003,Arizona
6/30/2013,7.9,1923.322575,298859.9,AZ,4.07,0.09,232.445,16728.687,942,Arizona
7/31/2013,7.9,2032.58266,298859.9,AZ,4.37,0.09,232.9,16953.838,997,Arizona
8/31/2013,7.8,1679.662798,298859.9,AZ,4.456,0.08,233.456,16953.838,964,Arizona
9/30/2013,7.7,1635.476108,298859.9,AZ,4.49,0.08,233.544,16953.838,1004,Arizona
10/31/2013,7.6,1908.491758,298859.9,AZ,4.192,0.09,233.669,17192.019,1044,Arizona
11/30/2013,7.5,1555.502886,298859.9,AZ,4.255,0.08,234.1,17192.019,1029,Arizona
12/31/2013,7.4,2406.044042,298859.9,AZ,4.4575,0.09,234.719,17192.019,1005,Arizona
1/31/2014,7.2,2103.014745,301721.2,AZ,4.432,0.07,235.288,17197.738,976,Arizona
2/28/2014,7.1,2667.839543,301721.2,AZ,4.3025,0.07,235.547,17197.738,1039,Arizona
3/31/2014,7,2891.688386,301721.2,AZ,4.3425,0.08,236.028,17197.738,1067,Arizona
4/30/2014,7,2374.771674,301721.2,AZ,4.3375,0.09,236.468,17518.508,1090,Arizona
5/31/2014,6.9,2234.726203,301721.2,AZ,4.192,0.09,236.918,17518.508,1018,Arizona
6/30/2014,6.8,2277.527887,301721.2,AZ,4.1625,0.1,237.231,17518.508,1010,Arizona
7/31/2014,6.8,2100.087261,301721.2,AZ,4.13,0.09,237.498,17804.228,1076,Arizona
8/31/2014,6.7,2003.321133,301721.2,AZ,4.115,0.09,237.46,17804.228,1047,Arizona
9/30/2014,6.7,2162.624614,301721.2,AZ,4.1625,0.09,237.477,17804.228,1077,Arizona
10/31/2014,6.6,2257.798449,301721.2,AZ,4.036,0.09,237.43,17912.079,1094,Arizona
11/30/2014,6.5,2076.555683,301721.2,AZ,3.9975,0.09,236.983,17912.079,1059,Arizona
12/31/2014,6.5,2561.104649,301721.2,AZ,3.864,0.12,236.252,17912.079,1072,Arizona
1/31/2015,6.4,2029.827067,308582.8,AZ,3.67,0.11,234.747,18063.529,1049,Arizona
2/28/2015,6.3,2359.994364,308582.8,AZ,3.71,0.11,235.342,18063.529,1127,Arizona
3/31/2015,6.3,2509.656197,308582.8,AZ,3.77,0.11,235.976,18063.529,1072,Arizona
4/30/2015,6.2,2738.550287,308582.8,AZ,3.672,0.12,236.222,18279.784,1166,Arizona
5/31/2015,6.2,2398.157501,308582.8,AZ,3.84,0.12,237.001,18279.784,1272,Arizona
6/30/2015,6.1,2844.767605,308582.8,AZ,3.9825,0.13,237.657,18279.784,1379,Arizona
7/31/2015,6.1,2866.607251,308582.8,AZ,4.046,0.13,238.034,18401.626,1140,Arizona
8/31/2015,6.1,3035.258088,308582.8,AZ,3.905,0.14,238.033,18401.626,1165,Arizona
9/30/2015,6,2858.039532,308582.8,AZ,3.89,0.14,237.498,18401.626,1144,Arizona
10/31/2015,5.9,2847.827602,308582.8,AZ,3.796,0.12,237.733,18435.137,1160,Arizona
11/30/2015,5.9,2791.935178,308582.8,AZ,3.9425,0.12,238.017,18435.137,1244,Arizona
12/31/2015,5.8,2391.634984,308582.8,AZ,3.964,0.24,237.761,18435.137,1211,Arizona
1/31/2016,5.7,3248.93059,319008.4,AZ,3.8725,0.34,237.652,18525.933,1171,Arizona
2/29/2016,5.7,2706.54275,319008.4,AZ,3.66,0.38,237.336,18525.933,1172,Arizona
3/31/2016,5.6,2380.615436,319008.4,AZ,3.694,0.36,238.08,18525.933,1118,Arizona
4/30/2016,5.6,2286.526587,319008.4,AZ,3.605,0.37,238.992,18711.702,1160,Arizona
5/31/2016,5.6,3103.288713,319008.4,AZ,3.6,0.37,239.557,18711.702,1205,Arizona
6/30/2016,5.5,4301.304932,319008.4,AZ,3.568,0.38,240.222,18711.702,1208,Arizona
7/31/2016,5.5,2254.619166,319008.4,AZ,3.44,0.39,240.101,18892.639,1198,Arizona
8/31/2016,5.4,2501.44044,319008.4,AZ,3.435,0.4,240.545,18892.639,1201,Arizona
9/30/2016,5.4,3961.554615,319008.4,AZ,3.46,0.4,241.176,18892.639,1303,Arizona
10/31/2016,5.4,2318.963879,319008.4,AZ,3.47,0.4,241.741,19089.379,1254,Arizona
11/30/2016,5.3,3749.438589,319008.4,AZ,3.77,0.41,242.026,19089.379,1230,Arizona
12/31/2016,5.3,3148.482722,319008.4,AZ,4.198,0.54,242.637,19089.379,1248,Arizona
1/31/2017,5.2,2812.533408,333099,AZ,4.15,0.65,243.618,19280.084,1303,Arizona
2/28/2017,5.2,2619.152595,333099,AZ,4.1675,0.66,244.006,19280.084,1234,Arizona
3/31/2017,5.1,3433.225977,333099,AZ,4.196,0.79,243.892,19280.084,1272,Arizona
4/30/2017,5,2892.310671,333099,AZ,4.045,0.9,244.193,19438.643,1251,Arizona
5/31/2017,5,3291.039979,333099,AZ,4.01,0.91,244.004,19438.643,1208,Arizona
6/30/2017,4.9,3110.198325,333099,AZ,3.904,1.04,244.163,19438.643,1353,Arizona
7/31/2017,4.9,2288.224042,333099,AZ,3.9675,1.15,244.243,19692.595,1256,Arizona
8/31/2017,4.8,3760.250659,333099,AZ,3.88,1.16,245.183,19692.595,1319,Arizona
9/30/2017,4.8,3485.384818,333099,AZ,3.805,1.15,246.435,19692.595,1273,Arizona
10/31/2017,4.8,3908.515112,333099,AZ,3.895,1.15,246.626,20037.088,1356,Arizona
11/30/2017,4.9,3279.905838,333099,AZ,3.922,1.16,247.284,20037.088,1299,Arizona
12/31/2017,4.9,2682.657193,333099,AZ,3.95,1.3,247.805,20037.088,1311,Arizona
1/31/2018,4.9,3904.39607,346398.3,AZ,4.0325,1.41,248.859,20328.553,1317,Arizona
2/28/2018,4.8,3406.561417,346398.3,AZ,4.33,1.42,249.529,20328.553,1321,Arizona
3/31/2018,4.8,3059.81209,346398.3,AZ,4.444,1.51,249.577,20328.553,1385,Arizona
4/30/2018,4.7,3740.764019,346398.3,AZ,4.4675,1.69,250.227,20580.912,1378,Arizona
5/31/2018,4.7,3260.593487,346398.3,AZ,4.586,1.7,250.792,20580.912,1338,Arizona
6/30/2018,4.7,3251.78054,346398.3,AZ,4.57,1.82,251.018,20580.912,1345,Arizona
7/31/2018,4.7,4105.684471,346398.3,AZ,4.5275,1.91,251.214,20798.73,1334,Arizona
8/31/2018,4.7,3614.614503,346398.3,AZ,4.55,1.91,251.663,20798.73,1273,Arizona
9/30/2018,4.8,3695.444589,346398.3,AZ,4.6275,1.95,252.182,20798.73,1314,Arizona
10/31/2018,4.9,3297.196554,346398.3,AZ,4.83,2.19,252.772,20917.867,1272,Arizona
11/30/2018,5,3034.910186,346398.3,AZ,4.866,2.2,252.594,20917.867,1340,Arizona
12/31/2018,5,3098.000853,346398.3,AZ,4.6375,2.27,252.767,20917.867,1317,Arizona
1/31/2019,5,2835.269224,359576.7,AZ,4.464,2.4,252.561,21111.6,1254,Arizona
2/28/2019,5,3187.174175,359576.7,AZ,4.37,2.4,253.319,21111.6,1286,Arizona
3/31/2019,4.9,3624.474523,359576.7,AZ,4.265,2.41,254.277,21111.6,1295,Arizona
4/30/2019,4.9,4039.254052,359576.7,AZ,4.1425,2.42,255.233,21397.938,1322,Arizona
5/31/2019,4.8,3988.606423,359576.7,AZ,4.072,2.39,255.296,21397.938,1347,Arizona
6/30/2019,4.8,3986.908208,359576.7,AZ,3.8025,2.38,255.213,21397.938,1299,Arizona
7/31/2019,4.8,3509.093465,359576.7,AZ,3.765,2.4,255.802,21717.171,1379,Arizona
8/31/2019,4.8,4004.082414,359576.7,AZ,3.616,2.13,256.036,21717.171,1482,Arizona
9/30/2019,4.7,3838.566945,359576.7,AZ,3.605,2.04,256.43,21717.171,1469,Arizona
10/31/2019,4.7,4226.632146,359576.7,AZ,3.688,1.83,257.155,21933.217,1523,Arizona
11/30/2019,4.7,4811.638676,359576.7,AZ,3.695,1.55,257.879,21933.217,1535,Arizona
12/31/2019,4.7,3672.352271,359576.7,AZ,3.72,1.55,258.63,21933.217,1443,Arizona
1/31/2020,4.8,5415.419991,366588,AZ,3.624,1.55,259.127,21751.238,1495,Arizona
2/29/2020,4.8,5149.641876,366588,AZ,3.465,1.58,259.25,21751.238,1455,Arizona
3/31/2020,4.9,4310.827253,366588,AZ,3.45,0.65,258.076,21751.238,1346,Arizona
4/30/2020,13.8,2953.341445,366588,AZ,3.306,0.05,256.032,19958.291,1076,Arizona
5/31/2020,11.2,3028.5744,366588,AZ,3.2325,0.05,255.802,19958.291,1250,Arizona
6/30/2020,9.8,4919.339653,366588,AZ,3.1625,0.08,257.042,19958.291,1334,Arizona
7/31/2020,9,5159.909231,366588,AZ,3.016,0.09,258.352,21704.437,1546,Arizona
8/31/2020,7.9,4759.006695,366588,AZ,2.935,0.1,259.316,21704.437,1533,Arizona
9/30/2020,7.5,5068.492734,366588,AZ,2.89,0.09,259.997,21704.437,1636,Arizona
10/31/2020,7,5660.064709,366588,AZ,2.834,0.09,260.319,22087.16,1613,Arizona
11/30/2020,6.7,5083.483537,366588,AZ,2.765,0.09,260.911,22087.16,1703,Arizona
12/31/2020,6.5,6240.229329,366588,AZ,2.684,0.09,262.045,22087.16,1752,Arizona
1/31/2021,6.4,5306.607813,396457.5,AZ,2.735,0.09,262.639,22680.693,1855,Arizona
2/28/2021,6.2,5626.968346,396457.5,AZ,2.81,0.08,263.573,22680.693,1711,Arizona
3/31/2021,6,4905.598539,396457.5,AZ,3.0825,0.07,264.847,22680.693,1756,Arizona
4/30/2021,5.8,5878.980456,396457.5,AZ,3.06,0.07,266.625,23425.91,1721,Arizona
5/31/2021,5.6,5338.641218,396457.5,AZ,2.9625,0.06,268.404,23425.91,1703,Arizona
6/30/2021,5.3,5441.974622,396457.5,AZ,2.975,0.08,270.71,23425.91,1654,Arizona
7/31/2021,4.9,5352.296655,396457.5,AZ,2.868,0.1,271.965,23982.379,1658,Arizona
8/31/2021,4.6,5129.399854,396457.5,AZ,2.8425,0.09,272.752,23982.379,1736,Arizona
9/30/2021,4.2,4943.271598,396457.5,AZ,2.9,0.08,273.942,23982.379,1640,Arizona
10/31/2021,4,5310.762029,396457.5,AZ,3.0675,0.08,276.528,24813.6,1707,Arizona
11/30/2021,3.8,5828.553753,396457.5,AZ,3.0675,0.08,278.824,24813.6,1765,Arizona
12/31/2021,3.7,5780.969392,396457.5,AZ,3.098,0.08,280.806,24813.6,1919,Arizona
1/31/2022,3.6,5973.529145,413798.8,AZ,3.445,0.08,282.542,25250.347,1920,Arizona
2/28/2022,3.6,5625.022921,413798.8,AZ,3.7625,0.08,284.525,25250.347,1857,Arizona
3/31/2022,3.6,6693.646542,413798.8,AZ,4.172,0.2,287.467,25250.347,1868,Arizona
4/30/2022,3.7,4958.165728,413798.8,AZ,4.9825,0.33,288.582,25861.292,1859,Arizona
5/31/2022,3.7,5333.719862,413798.8,AZ,5.23,0.77,291.299,25861.292,1704,Arizona
6/30/2022,3.7,5021.147804,413798.8,AZ,5.522,1.21,295.072,25861.292,1737,Arizona
7/31/2022,3.8,5021.227936,413798.8,AZ,5.4125,1.68,294.94,26336.304,1703,Arizona
8/31/2022,3.8,4797.455579,413798.8,AZ,5.2225,2.33,295.162,26336.304,1557,Arizona
9/30/2022,3.8,4499.91918,413798.8,AZ,6.112,2.56,296.421,26336.304,1600,Arizona
10/31/2022,3.8,4118.736602,413798.8,AZ,6.9,3.08,297.979,26770.514,1594,Arizona
11/30/2022,3.8,3097.507104,413798.8,AZ,6.805,3.78,298.708,26770.514,1401,Arizona
12/31/2022,3.7,5294.612161,413798.8,AZ,6.364,4.1,298.808,26770.514,1410,Arizona
1/31/2023,3.7,2119.152718,427644,AZ,6.2725,4.33,300.456,27216.445,1410,Arizona
2/28/2023,3.6,4734.103995,427644,AZ,6.2575,4.57,301.476,27216.445,1618,Arizona
3/31/2023,3.6,5943.519189,427644,AZ,6.544,4.65,301.643,27216.445,1480,Arizona
4/30/2023,3.6,4060.073438,427644,AZ,6.3425,4.83,302.858,27530.055,1474,Arizona
5/31/2023,3.6,4628.968698,427644,AZ,6.425,5.06,303.316,27530.055,1575,Arizona
6/30/2023,3.7,3496.229146,427644,AZ,6.714,5.08,304.099,27530.055,1464,Arizona
7/31/2023,3.7,4890.394643,427644,AZ,6.84,5.12,304.615,28074.846,1522,Arizona
8/31/2023,3.7,5129.080604,427644,AZ,7.072,5.33,306.138,28074.846,1561,Arizona
9/30/2023,3.8,6307.384712,427644,AZ,7.2,5.33,307.374,28074.846,1537,Arizona
10/31/2023,3.7,5410.168343,427644,AZ,7.62,5.33,307.653,28424.722,1528,Arizona
11/30/2023,3.7,5905.4301,427644,AZ,7.442,5.33,308.087,28424.722,1503,Arizona
12/31/2023,3.6,4864.544466,427644,AZ,6.815,5.33,308.735,28424.722,1519,Arizona
1/31/2024,3.5,5928.306284,446968.2,AZ,6.6425,5.33,309.794,28708.161,1545,Arizona
2/29/2024,3.4,5210.828971,446968.2,AZ,6.776,5.33,311.022,28708.161,1577,Arizona
3/31/2024,3.3,4840.086474,446968.2,AZ,6.82,5.33,312.107,28708.161,1476,Arizona
4/30/2024,3.4,5056.749269,446968.2,AZ,6.9925,5.33,313.016,29147.044,1459,Arizona
5/31/2024,3.4,4549.185017,446968.2,AZ,7.06,5.33,313.14,29147.044,1407,Arizona
6/30/2024,3.5,4874.636101,446968.2,AZ,6.9175,5.33,313.131,29147.044,1461,Arizona
7/31/2024,3.6,4574.443296,446968.2,AZ,6.8475,5.33,313.566,29511.664,1436,Arizona
8/31/2024,3.7,5037.583533,446968.2,AZ,6.5,5.33,314.131,29511.664,1476,Arizona
9/30/2024,3.8,4700.462054,446968.2,AZ,6.18,5.13,314.851,29511.664,1434,Arizona
10/31/2024,3.9,5194.108814,446968.2,AZ,6.428,4.83,315.564,29825.182,1428,Arizona
11/30/2024,3.9,4915.036872,446968.2,AZ,6.805,4.64,316.449,29825.182,1508,Arizona
12/31/2024,3.8,3441.683084,446968.2,AZ,6.715,4.48,317.603,29825.182,1480,Arizona
1/31/2025,3.9,3937.575943,446968.2,AZ,6.958,4.33,319.086,30042.113,1460,Arizona
2/28/2025,3.9,3973.896899,446968.2,AZ,6.8425,4.33,319.775,30042.113,1454,Arizona
3/31/2025,4.1,4537.086194,446968.2,AZ,6.65,4.33,319.615,30042.113,1481,Arizona
4/30/2025,4.1,4897.841049,446968.2,AZ,6.725,4.33,320.321,30485.729,1422,Arizona
5/31/2025,4.1,4548.670161,446968.2,AZ,6.816,4.33,320.58,30485.729,1394,Arizona
6/30/2025,4.1,4134.486593,446968.2,AZ,6.8175,4.33,321.5,30485.729,1393,Arizona
7/31/2025,4.1,4139.778917,446968.2,AZ,6.72,4.33,322.132,30485.729,1362,Arizona
8/31/2025,4.1,2566.605606,446968.2,AZ,6.5875,4.33,323.364,30485.729,1330,Arizona
9/30/2025,4.4,1258.406926,446968.2,AZ,6.3525,4.22,323.364,30485.729,1330,Arizona
1/31/2012,7.4,426.13062,116616.2,AR,3.915,0.08,227.842,16068.805,712,Arkansas
2/29/2012,7.3,820.3815153,116616.2,AR,3.89,0.1,228.329,16068.805,738,Arkansas
3/31/2012,7.3,546.4502617,116616.2,AR,3.954,0.13,228.807,16068.805,806,Arkansas
4/30/2012,7.3,426.5610146,116616.2,AR,3.91,0.14,229.187,16207.115,732,Arkansas
5/31/2012,7.3,491.2279165,116616.2,AR,3.798,0.16,228.713,16207.115,796,Arkansas
6/30/2012,7.3,469.2420437,116616.2,AR,3.675,0.16,228.524,16207.115,794,Arkansas
7/31/2012,7.2,547.1859476,116616.2,AR,3.55,0.16,228.59,16319.541,849,Arkansas
8/31/2012,7.2,818.8099186,116616.2,AR,3.602,0.13,229.918,16319.541,840,Arkansas
9/30/2012,7.2,976.6423624,116616.2,AR,3.4975,0.14,231.015,16319.541,930,Arkansas
10/31/2012,7.2,534.1318435,116616.2,AR,3.3825,0.16,231.638,16420.419,887,Arkansas
11/30/2012,7.2,557.4194458,116616.2,AR,3.352,0.16,231.249,16420.419,917,Arkansas
12/31/2012,7.2,573.2033235,116616.2,AR,3.345,0.16,231.221,16420.419,941,Arkansas
1/31/2013,7.2,424.8246001,119842.8,AR,3.414,0.14,231.679,16648.189,940,Arkansas
2/28/2013,7.2,508.2669179,119842.8,AR,3.5325,0.15,232.937,16648.189,980,Arkansas
3/31/2013,7.2,498.6107809,119842.8,AR,3.565,0.14,232.282,16648.189,936,Arkansas
4/30/2013,7.2,688.2962548,119842.8,AR,3.445,0.15,231.797,16728.687,1012,Arkansas
5/31/2013,7.2,556.8393761,119842.8,AR,3.536,0.11,231.893,16728.687,1003,Arkansas
6/30/2013,7.1,609.3665652,119842.8,AR,4.07,0.09,232.445,16728.687,942,Arkansas
7/31/2013,7.1,596.3324074,119842.8,AR,4.37,0.09,232.9,16953.838,997,Arkansas
8/31/2013,7.1,450.4100648,119842.8,AR,4.456,0.08,233.456,16953.838,964,Arkansas
9/30/2013,7,549.443264,119842.8,AR,4.49,0.08,233.544,16953.838,1004,Arkansas
10/31/2013,6.9,502.8932774,119842.8,AR,4.192,0.09,233.669,17192.019,1044,Arkansas
11/30/2013,6.7,754.3394466,119842.8,AR,4.255,0.08,234.1,17192.019,1029,Arkansas
12/31/2013,6.6,425.4023594,119842.8,AR,4.4575,0.09,234.719,17192.019,1005,Arkansas
1/31/2014,6.4,399.0197054,121409.4,AR,4.432,0.07,235.288,17197.738,976,Arkansas
2/28/2014,6.3,439.2171821,121409.4,AR,4.3025,0.07,235.547,17197.738,1039,Arkansas
3/31/2014,6.1,628.3359688,121409.4,AR,4.3425,0.08,236.028,17197.738,1067,Arkansas
4/30/2014,6,538.3651865,121409.4,AR,4.3375,0.09,236.468,17518.508,1090,Arkansas
5/31/2014,6,890.852004,121409.4,AR,4.192,0.09,236.918,17518.508,1018,Arkansas
6/30/2014,5.9,452.9325172,121409.4,AR,4.1625,0.1,237.231,17518.508,1010,Arkansas
7/31/2014,5.8,387.3760316,121409.4,AR,4.13,0.09,237.498,17804.228,1076,Arkansas
8/31/2014,5.7,400.06006,121409.4,AR,4.115,0.09,237.46,17804.228,1047,Arkansas
9/30/2014,5.7,695.0826627,121409.4,AR,4.1625,0.09,237.477,17804.228,1077,Arkansas
10/31/2014,5.6,737.701033,121409.4,AR,4.036,0.09,237.43,17912.079,1094,Arkansas
11/30/2014,5.5,740.9406637,121409.4,AR,3.9975,0.09,236.983,17912.079,1059,Arkansas
12/31/2014,5.5,969.6405795,121409.4,AR,3.864,0.12,236.252,17912.079,1072,Arkansas
1/31/2015,5.5,792.2885403,121532.5,AR,3.67,0.11,234.747,18063.529,1049,Arkansas
2/28/2015,5.4,868.9064796,121532.5,AR,3.71,0.11,235.342,18063.529,1127,Arkansas
3/31/2015,5.4,464.216198,121532.5,AR,3.77,0.11,235.976,18063.529,1072,Arkansas
4/30/2015,5.3,587.9388569,121532.5,AR,3.672,0.12,236.222,18279.784,1166,Arkansas
5/31/2015,5.2,528.4154121,121532.5,AR,3.84,0.12,237.001,18279.784,1272,Arkansas
6/30/2015,5.1,730.4829285,121532.5,AR,3.9825,0.13,237.657,18279.784,1379,Arkansas
7/31/2015,4.9,812.4475951,121532.5,AR,4.046,0.13,238.034,18401.626,1140,Arkansas
8/31/2015,4.8,1232.174268,121532.5,AR,3.905,0.14,238.033,18401.626,1165,Arkansas
9/30/2015,4.6,561.9973153,121532.5,AR,3.89,0.14,237.498,18401.626,1144,Arkansas
10/31/2015,4.5,706.1742691,121532.5,AR,3.796,0.12,237.733,18435.137,1160,Arkansas
11/30/2015,4.4,502.7871731,121532.5,AR,3.9425,0.12,238.017,18435.137,1244,Arkansas
12/31/2015,4.3,532.9919817,121532.5,AR,3.964,0.24,237.761,18435.137,1211,Arkansas
1/31/2016,4.2,692.4322612,123034.9,AR,3.8725,0.34,237.652,18525.933,1171,Arkansas
2/29/2016,4.1,1105.503214,123034.9,AR,3.66,0.38,237.336,18525.933,1172,Arkansas
3/31/2016,4,582.8509959,123034.9,AR,3.694,0.36,238.08,18525.933,1118,Arkansas
4/30/2016,4,740.4057354,123034.9,AR,3.605,0.37,238.992,18711.702,1160,Arkansas
5/31/2016,4,922.1958413,123034.9,AR,3.6,0.37,239.557,18711.702,1205,Arkansas
6/30/2016,4,838.3676353,123034.9,AR,3.568,0.38,240.222,18711.702,1208,Arkansas
7/31/2016,4,625.0807672,123034.9,AR,3.44,0.39,240.101,18892.639,1198,Arkansas
8/31/2016,3.9,961.4541657,123034.9,AR,3.435,0.4,240.545,18892.639,1201,Arkansas
9/30/2016,3.9,592.2568715,123034.9,AR,3.46,0.4,241.176,18892.639,1303,Arkansas
10/31/2016,3.9,808.1412683,123034.9,AR,3.47,0.4,241.741,19089.379,1254,Arkansas
11/30/2016,3.9,599.4684375,123034.9,AR,3.77,0.41,242.026,19089.379,1230,Arkansas
12/31/2016,3.8,806.3650424,123034.9,AR,4.198,0.54,242.637,19089.379,1248,Arkansas
1/31/2017,3.8,835.8251658,123882.6,AR,4.15,0.65,243.618,19280.084,1303,Arkansas
2/28/2017,3.7,963.4023291,123882.6,AR,4.1675,0.66,244.006,19280.084,1234,Arkansas
3/31/2017,3.7,722.8430944,123882.6,AR,4.196,0.79,243.892,19280.084,1272,Arkansas
4/30/2017,3.7,971.6269306,123882.6,AR,4.045,0.9,244.193,19438.643,1251,Arkansas
5/31/2017,3.7,685.2437904,123882.6,AR,4.01,0.91,244.004,19438.643,1208,Arkansas
6/30/2017,3.7,957.145283,123882.6,AR,3.904,1.04,244.163,19438.643,1353,Arkansas
7/31/2017,3.7,1053.952084,123882.6,AR,3.9675,1.15,244.243,19692.595,1256,Arkansas
8/31/2017,3.7,874.7969109,123882.6,AR,3.88,1.16,245.183,19692.595,1319,Arkansas
9/30/2017,3.8,1022.97776,123882.6,AR,3.805,1.15,246.435,19692.595,1273,Arkansas
10/31/2017,3.8,852.3672734,123882.6,AR,3.895,1.15,246.626,20037.088,1356,Arkansas
11/30/2017,3.8,891.2785368,123882.6,AR,3.922,1.16,247.284,20037.088,1299,Arkansas
12/31/2017,3.8,1117.463795,123882.6,AR,3.95,1.3,247.805,20037.088,1311,Arkansas
1/31/2018,3.8,1389.274717,126371.2,AR,4.0325,1.41,248.859,20328.553,1317,Arkansas
2/28/2018,3.8,753.4683528,126371.2,AR,4.33,1.42,249.529,20328.553,1321,Arkansas
3/31/2018,3.7,1169.103586,126371.2,AR,4.444,1.51,249.577,20328.553,1385,Arkansas
4/30/2018,3.7,1003.767362,126371.2,AR,4.4675,1.69,250.227,20580.912,1378,Arkansas
5/31/2018,3.6,789.6845214,126371.2,AR,4.586,1.7,250.792,20580.912,1338,Arkansas
6/30/2018,3.6,818.4234019,126371.2,AR,4.57,1.82,251.018,20580.912,1345,Arkansas
7/31/2018,3.5,736.6181682,126371.2,AR,4.5275,1.91,251.214,20798.73,1334,Arkansas
8/31/2018,3.5,682.6058443,126371.2,AR,4.55,1.91,251.663,20798.73,1273,Arkansas
9/30/2018,3.6,723.7147729,126371.2,AR,4.6275,1.95,252.182,20798.73,1314,Arkansas
10/31/2018,3.6,697.3090204,126371.2,AR,4.83,2.19,252.772,20917.867,1272,Arkansas
11/30/2018,3.7,871.263472,126371.2,AR,4.866,2.2,252.594,20917.867,1340,Arkansas
12/31/2018,3.7,821.4855846,126371.2,AR,4.6375,2.27,252.767,20917.867,1317,Arkansas
1/31/2019,3.7,697.5192678,127220,AR,4.464,2.4,252.561,21111.6,1254,Arkansas
2/28/2019,3.6,1077.640974,127220,AR,4.37,2.4,253.319,21111.6,1286,Arkansas
3/31/2019,3.5,703.7119072,127220,AR,4.265,2.41,254.277,21111.6,1295,Arkansas
4/30/2019,3.4,710.3280779,127220,AR,4.1425,2.42,255.233,21397.938,1322,Arkansas
5/31/2019,3.4,941.3650514,127220,AR,4.072,2.39,255.296,21397.938,1347,Arkansas
6/30/2019,3.4,829.1616679,127220,AR,3.8025,2.38,255.213,21397.938,1299,Arkansas
7/31/2019,3.4,946.5957728,127220,AR,3.765,2.4,255.802,21717.171,1379,Arkansas
8/31/2019,3.5,2060.645113,127220,AR,3.616,2.13,256.036,21717.171,1482,Arkansas
9/30/2019,3.5,916.7324395,127220,AR,3.605,2.04,256.43,21717.171,1469,Arkansas
10/31/2019,3.5,941.5161105,127220,AR,3.688,1.83,257.155,21933.217,1523,Arkansas
11/30/2019,3.5,1147.637997,127220,AR,3.695,1.55,257.879,21933.217,1535,Arkansas
12/31/2019,3.5,1378.975483,127220,AR,3.72,1.55,258.63,21933.217,1443,Arkansas
1/31/2020,3.5,919.1578234,128395.6,AR,3.624,1.55,259.127,21751.238,1495,Arkansas
2/29/2020,3.6,773.2667231,128395.6,AR,3.465,1.58,259.25,21751.238,1455,Arkansas
3/31/2020,4.8,1072.012466,128395.6,AR,3.45,0.65,258.076,21751.238,1346,Arkansas
4/30/2020,10.1,1035.088242,128395.6,AR,3.306,0.05,256.032,19958.291,1076,Arkansas
5/31/2020,8.9,1073.114959,128395.6,AR,3.2325,0.05,255.802,19958.291,1250,Arkansas
6/30/2020,7.9,875.1665705,128395.6,AR,3.1625,0.08,257.042,19958.291,1334,Arkansas
7/31/2020,7.3,1038.924199,128395.6,AR,3.016,0.09,258.352,21704.437,1546,Arkansas
8/31/2020,6.4,1128.048831,128395.6,AR,2.935,0.1,259.316,21704.437,1533,Arkansas
9/30/2020,5.9,1242.843906,128395.6,AR,2.89,0.09,259.997,21704.437,1636,Arkansas
10/31/2020,5.4,1249.382429,128395.6,AR,2.834,0.09,260.319,22087.16,1613,Arkansas
11/30/2020,5.1,1464.700138,128395.6,AR,2.765,0.09,260.911,22087.16,1703,Arkansas
12/31/2020,5,918.3674786,128395.6,AR,2.684,0.09,262.045,22087.16,1752,Arkansas
1/31/2021,4.9,1363.744166,137634.8,AR,2.735,0.09,262.639,22680.693,1855,Arkansas
2/28/2021,4.8,1094.707615,137634.8,AR,2.81,0.08,263.573,22680.693,1711,Arkansas
3/31/2021,4.7,1716.054656,137634.8,AR,3.0825,0.07,264.847,22680.693,1756,Arkansas
4/30/2021,4.6,1224.620589,137634.8,AR,3.06,0.07,266.625,23425.91,1721,Arkansas
5/31/2021,4.4,905.056733,137634.8,AR,2.9625,0.06,268.404,23425.91,1703,Arkansas
6/30/2021,4.2,977.488059,137634.8,AR,2.975,0.08,270.71,23425.91,1654,Arkansas
7/31/2021,3.9,1190.231081,137634.8,AR,2.868,0.1,271.965,23982.379,1658,Arkansas
8/31/2021,3.7,1017.98342,137634.8,AR,2.8425,0.09,272.752,23982.379,1736,Arkansas
9/30/2021,3.5,1577.742133,137634.8,AR,2.9,0.08,273.942,23982.379,1640,Arkansas
10/31/2021,3.3,1237.924733,137634.8,AR,3.0675,0.08,276.528,24813.6,1707,Arkansas
11/30/2021,3.2,1200.396253,137634.8,AR,3.0675,0.08,278.824,24813.6,1765,Arkansas
12/31/2021,3.2,1381.064835,137634.8,AR,3.098,0.08,280.806,24813.6,1919,Arkansas
1/31/2022,3.2,1180.643039,138672,AR,3.445,0.08,282.542,25250.347,1920,Arkansas
2/28/2022,3.2,1427.777687,138672,AR,3.7625,0.08,284.525,25250.347,1857,Arkansas
3/31/2022,3.2,1341.507815,138672,AR,4.172,0.2,287.467,25250.347,1868,Arkansas
4/30/2022,3.2,1260.803422,138672,AR,4.9825,0.33,288.582,25861.292,1859,Arkansas
5/31/2022,3.2,1728.983219,138672,AR,5.23,0.77,291.299,25861.292,1704,Arkansas
6/30/2022,3.2,1399.94787,138672,AR,5.522,1.21,295.072,25861.292,1737,Arkansas
7/31/2022,3.2,1187.130512,138672,AR,5.4125,1.68,294.94,26336.304,1703,Arkansas
8/31/2022,3.2,1299.576852,138672,AR,5.2225,2.33,295.162,26336.304,1557,Arkansas
9/30/2022,3.2,984.0434746,138672,AR,6.112,2.56,296.421,26336.304,1600,Arkansas
10/31/2022,3.2,991.7467438,138672,AR,6.9,3.08,297.979,26770.514,1594,Arkansas
11/30/2022,3.1,776.776159,138672,AR,6.805,3.78,298.708,26770.514,1401,Arkansas
12/31/2022,3,684.6652522,138672,AR,6.364,4.1,298.808,26770.514,1410,Arkansas
1/31/2023,2.9,1193.753592,141968,AR,6.2725,4.33,300.456,27216.445,1410,Arkansas
2/28/2023,2.9,1077.221391,141968,AR,6.2575,4.57,301.476,27216.445,1618,Arkansas
3/31/2023,2.9,726.6406556,141968,AR,6.544,4.65,301.643,27216.445,1480,Arkansas
4/30/2023,2.9,818.8587045,141968,AR,6.3425,4.83,302.858,27530.055,1474,Arkansas
5/31/2023,2.9,1028.463023,141968,AR,6.425,5.06,303.316,27530.055,1575,Arkansas
6/30/2023,3,1221.943739,141968,AR,6.714,5.08,304.099,27530.055,1464,Arkansas
7/31/2023,3.1,1287.005857,141968,AR,6.84,5.12,304.615,28074.846,1522,Arkansas
8/31/2023,3.3,957.6743164,141968,AR,7.072,5.33,306.138,28074.846,1561,Arkansas
9/30/2023,3.4,871.8322761,141968,AR,7.2,5.33,307.374,28074.846,1537,Arkansas
10/31/2023,3.4,1095.339509,141968,AR,7.62,5.33,307.653,28424.722,1528,Arkansas
11/30/2023,3.5,1300.283259,141968,AR,7.442,5.33,308.087,28424.722,1503,Arkansas
12/31/2023,3.5,1227.118477,141968,AR,6.815,5.33,308.735,28424.722,1519,Arkansas
1/31/2024,3.4,970.782827,147389.9,AR,6.6425,5.33,309.794,28708.161,1545,Arkansas
2/29/2024,3.4,1216.887675,147389.9,AR,6.776,5.33,311.022,28708.161,1577,Arkansas
3/31/2024,3.4,1109.242183,147389.9,AR,6.82,5.33,312.107,28708.161,1476,Arkansas
4/30/2024,3.4,1094.212311,147389.9,AR,6.9925,5.33,313.016,29147.044,1459,Arkansas
5/31/2024,3.4,1023.942676,147389.9,AR,7.06,5.33,313.14,29147.044,1407,Arkansas
6/30/2024,3.4,1054.965166,147389.9,AR,6.9175,5.33,313.131,29147.044,1461,Arkansas
7/31/2024,3.4,1013.668814,147389.9,AR,6.8475,5.33,313.566,29511.664,1436,Arkansas
8/31/2024,3.5,1071.625852,147389.9,AR,6.5,5.33,314.131,29511.664,1476,Arkansas
9/30/2024,3.5,1604.829213,147389.9,AR,6.18,5.13,314.851,29511.664,1434,Arkansas
10/31/2024,3.6,1253.020878,147389.9,AR,6.428,4.83,315.564,29825.182,1428,Arkansas
11/30/2024,3.6,1121.231543,147389.9,AR,6.805,4.64,316.449,29825.182,1508,Arkansas
12/31/2024,3.6,1298.925598,147389.9,AR,6.715,4.48,317.603,29825.182,1480,Arkansas
1/31/2025,3.6,1365.508965,147389.9,AR,6.958,4.33,319.086,30042.113,1460,Arkansas
2/28/2025,3.6,1130.41036,147389.9,AR,6.8425,4.33,319.775,30042.113,1454,Arkansas
3/31/2025,3.7,1491.007222,147389.9,AR,6.65,4.33,319.615,30042.113,1481,Arkansas
4/30/2025,3.7,1403.525461,147389.9,AR,6.725,4.33,320.321,30485.729,1422,Arkansas
5/31/2025,3.7,761.9010607,147389.9,AR,6.816,4.33,320.58,30485.729,1394,Arkansas
6/30/2025,3.7,1235.472862,147389.9,AR,6.8175,4.33,321.5,30485.729,1393,Arkansas
7/31/2025,3.7,1167.039793,147389.9,AR,6.72,4.33,322.132,30485.729,1362,Arkansas
8/31/2025,3.8,1483.920768,147389.9,AR,6.5875,4.33,323.364,30485.729,1330,Arkansas
9/30/2025,4.4,1258.406926,147389.9,AR,6.3525,4.22,323.364,30485.729,1330,Arkansas
1/31/2012,11,2771.399356,2255437.3,CA,3.915,0.08,227.842,16068.805,712,California
2/29/2012,10.9,3767.515699,2255437.3,CA,3.89,0.1,228.329,16068.805,738,California
3/31/2012,10.8,5718.285015,2255437.3,CA,3.954,0.13,228.807,16068.805,806,California
4/30/2012,10.7,3142.616807,2255437.3,CA,3.91,0.14,229.187,16207.115,732,California
5/31/2012,10.7,5118.427683,2255437.3,CA,3.798,0.16,228.713,16207.115,796,California
6/30/2012,10.5,4983.747268,2255437.3,CA,3.675,0.16,228.524,16207.115,794,California
7/31/2012,10.4,5003.495822,2255437.3,CA,3.55,0.16,228.59,16319.541,849,California
8/31/2012,10.2,5173.969809,2255437.3,CA,3.602,0.13,229.918,16319.541,840,California
9/30/2012,10.1,5973.808918,2255437.3,CA,3.4975,0.14,231.015,16319.541,930,California
10/31/2012,9.9,5289.2269,2255437.3,CA,3.3825,0.16,231.638,16420.419,887,California
11/30/2012,9.8,4424.066321,2255437.3,CA,3.352,0.16,231.249,16420.419,917,California
12/31/2012,9.7,5454.381974,2255437.3,CA,3.345,0.16,231.221,16420.419,941,California
1/31/2013,9.6,6473.070147,2340335.3,CA,3.414,0.14,231.679,16648.189,940,California
2/28/2013,9.5,7191.187423,2340335.3,CA,3.5325,0.15,232.937,16648.189,980,California
3/31/2013,9.4,4555.956578,2340335.3,CA,3.565,0.14,232.282,16648.189,936,California
4/30/2013,9.3,7078.132719,2340335.3,CA,3.445,0.15,231.797,16728.687,1012,California
5/31/2013,9.2,6766.795867,2340335.3,CA,3.536,0.11,231.893,16728.687,1003,California
6/30/2013,9.1,5367.304161,2340335.3,CA,4.07,0.09,232.445,16728.687,942,California
7/31/2013,9,7069.828905,2340335.3,CA,4.37,0.09,232.9,16953.838,997,California
8/31/2013,8.9,6905.78249,2340335.3,CA,4.456,0.08,233.456,16953.838,964,California
9/30/2013,8.8,4303.587299,2340335.3,CA,4.49,0.08,233.544,16953.838,1004,California
10/31/2013,8.6,6942.5698,2340335.3,CA,4.192,0.09,233.669,17192.019,1044,California
11/30/2013,8.5,6976.138458,2340335.3,CA,4.255,0.08,234.1,17192.019,1029,California
12/31/2013,8.4,7976.678223,2340335.3,CA,4.4575,0.09,234.719,17192.019,1005,California
1/31/2014,8.2,5342.170631,2428675.7,CA,4.432,0.07,235.288,17197.738,976,California
2/28/2014,8.1,6704.219123,2428675.7,CA,4.3025,0.07,235.547,17197.738,1039,California
3/31/2014,8,6594.639441,2428675.7,CA,4.3425,0.08,236.028,17197.738,1067,California
4/30/2014,7.8,7910.272608,2428675.7,CA,4.3375,0.09,236.468,17518.508,1090,California
5/31/2014,7.7,5827.592699,2428675.7,CA,4.192,0.09,236.918,17518.508,1018,California
6/30/2014,7.6,6187.232652,2428675.7,CA,4.1625,0.1,237.231,17518.508,1010,California
7/31/2014,7.5,7008.544673,2428675.7,CA,4.13,0.09,237.498,17804.228,1076,California
8/31/2014,7.4,6006.293223,2428675.7,CA,4.115,0.09,237.46,17804.228,1047,California
9/30/2014,7.3,6788.174994,2428675.7,CA,4.1625,0.09,237.477,17804.228,1077,California
10/31/2014,7.2,9600.470049,2428675.7,CA,4.036,0.09,237.43,17912.079,1094,California
11/30/2014,7.1,7881.954144,2428675.7,CA,3.9975,0.09,236.983,17912.079,1059,California
12/31/2014,6.9,6691.072839,2428675.7,CA,3.864,0.12,236.252,17912.079,1072,California
1/31/2015,6.8,8992.536606,2545979.5,CA,3.67,0.11,234.747,18063.529,1049,California
2/28/2015,6.7,8054.324597,2545979.5,CA,3.71,0.11,235.342,18063.529,1127,California
3/31/2015,6.6,8827.358436,2545979.5,CA,3.77,0.11,235.976,18063.529,1072,California
4/30/2015,6.5,7785.014151,2545979.5,CA,3.672,0.12,236.222,18279.784,1166,California
5/31/2015,6.4,7161.373385,2545979.5,CA,3.84,0.12,237.001,18279.784,1272,California
6/30/2015,6.3,9638.901128,2545979.5,CA,3.9825,0.13,237.657,18279.784,1379,California
7/31/2015,6.1,8519.033595,2545979.5,CA,4.046,0.13,238.034,18401.626,1140,California
8/31/2015,6,7337.918146,2545979.5,CA,3.905,0.14,238.033,18401.626,1165,California
9/30/2015,5.9,8638.151173,2545979.5,CA,3.89,0.14,237.498,18401.626,1144,California
10/31/2015,5.8,6241.083675,2545979.5,CA,3.796,0.12,237.733,18435.137,1160,California
11/30/2015,5.8,9125.242686,2545979.5,CA,3.9425,0.12,238.017,18435.137,1244,California
12/31/2015,5.7,7300.928966,2545979.5,CA,3.964,0.24,237.761,18435.137,1211,California
1/31/2016,5.7,8202.214949,2623711.7,CA,3.8725,0.34,237.652,18525.933,1171,California
2/29/2016,5.6,10147.55357,2623711.7,CA,3.66,0.38,237.336,18525.933,1172,California
3/31/2016,5.6,7250.943749,2623711.7,CA,3.694,0.36,238.08,18525.933,1118,California
4/30/2016,5.5,7416.476002,2623711.7,CA,3.605,0.37,238.992,18711.702,1160,California
5/31/2016,5.5,9478.116069,2623711.7,CA,3.6,0.37,239.557,18711.702,1205,California
6/30/2016,5.5,7386.043505,2623711.7,CA,3.568,0.38,240.222,18711.702,1208,California
7/31/2016,5.5,6243.692324,2623711.7,CA,3.44,0.39,240.101,18892.639,1198,California
8/31/2016,5.5,9698.832432,2623711.7,CA,3.435,0.4,240.545,18892.639,1201,California
9/30/2016,5.5,9012.840666,2623711.7,CA,3.46,0.4,241.176,18892.639,1303,California
10/31/2016,5.5,8449.662994,2623711.7,CA,3.47,0.4,241.741,19089.379,1254,California
11/30/2016,5.4,8413.63538,2623711.7,CA,3.77,0.41,242.026,19089.379,1230,California
12/31/2016,5.4,9199.268593,2623711.7,CA,4.198,0.54,242.637,19089.379,1248,California
1/31/2017,5.3,6116.454062,2740550.3,CA,4.15,0.65,243.618,19280.084,1303,California
2/28/2017,5.1,7696.706043,2740550.3,CA,4.1675,0.66,244.006,19280.084,1234,California
3/31/2017,5,9640.589058,2740550.3,CA,4.196,0.79,243.892,19280.084,1272,California
4/30/2017,5,9303.251404,2740550.3,CA,4.045,0.9,244.193,19438.643,1251,California
5/31/2017,4.9,8776.347477,2740550.3,CA,4.01,0.91,244.004,19438.643,1208,California
6/30/2017,4.8,11681.94845,2740550.3,CA,3.904,1.04,244.163,19438.643,1353,California
7/31/2017,4.8,8344.93862,2740550.3,CA,3.9675,1.15,244.243,19692.595,1256,California
8/31/2017,4.8,10032.59727,2740550.3,CA,3.88,1.16,245.183,19692.595,1319,California
9/30/2017,4.7,9459.838996,2740550.3,CA,3.805,1.15,246.435,19692.595,1273,California
10/31/2017,4.6,10469.84799,2740550.3,CA,3.895,1.15,246.626,20037.088,1356,California
11/30/2017,4.5,9174.66309,2740550.3,CA,3.922,1.16,247.284,20037.088,1299,California
12/31/2017,4.5,9723.06188,2740550.3,CA,3.95,1.3,247.805,20037.088,1311,California
1/31/2018,4.4,9553.163211,2850970.3,CA,4.0325,1.41,248.859,20328.553,1317,California
2/28/2018,4.3,10163.03734,2850970.3,CA,4.33,1.42,249.529,20328.553,1321,California
3/31/2018,4.3,10985.26764,2850970.3,CA,4.444,1.51,249.577,20328.553,1385,California
4/30/2018,4.2,9950.836137,2850970.3,CA,4.4675,1.69,250.227,20580.912,1378,California
5/31/2018,4.2,11114.7019,2850970.3,CA,4.586,1.7,250.792,20580.912,1338,California
6/30/2018,4.2,10850.77818,2850970.3,CA,4.57,1.82,251.018,20580.912,1345,California
7/31/2018,4.2,9948.972554,2850970.3,CA,4.5275,1.91,251.214,20798.73,1334,California
8/31/2018,4.2,9077.974024,2850970.3,CA,4.55,1.91,251.663,20798.73,1273,California
9/30/2018,4.2,7793.573694,2850970.3,CA,4.6275,1.95,252.182,20798.73,1314,California
10/31/2018,4.3,8717.95021,2850970.3,CA,4.83,2.19,252.772,20917.867,1272,California
11/30/2018,4.3,8842.928166,2850970.3,CA,4.866,2.2,252.594,20917.867,1340,California
12/31/2018,4.3,8903.699653,2850970.3,CA,4.6375,2.27,252.767,20917.867,1317,California
1/31/2019,4.3,10168.66999,2969609,CA,4.464,2.4,252.561,21111.6,1254,California
2/28/2019,4.3,7951.162387,2969609,CA,4.37,2.4,253.319,21111.6,1286,California
3/31/2019,4.2,7964.558519,2969609,CA,4.265,2.41,254.277,21111.6,1295,California
4/30/2019,4.1,8862.672693,2969609,CA,4.1425,2.42,255.233,21397.938,1322,California
5/31/2019,4,9221.091457,2969609,CA,4.072,2.39,255.296,21397.938,1347,California
6/30/2019,4,7690.690887,2969609,CA,3.8025,2.38,255.213,21397.938,1299,California
7/31/2019,4,10369.72088,2969609,CA,3.765,2.4,255.802,21717.171,1379,California
8/31/2019,4,8953.537785,2969609,CA,3.616,2.13,256.036,21717.171,1482,California
9/30/2019,4,10336.0037,2969609,CA,3.605,2.04,256.43,21717.171,1469,California
10/31/2019,4,10079.29447,2969609,CA,3.688,1.83,257.155,21933.217,1523,California
11/30/2019,4.1,8876.782421,2969609,CA,3.695,1.55,257.879,21933.217,1535,California
12/31/2019,4.1,9572.855165,2969609,CA,3.72,1.55,258.63,21933.217,1443,California
1/31/2020,4.3,9377.471849,2930654.6,CA,3.624,1.55,259.127,21751.238,1495,California
2/29/2020,4.4,10988.72953,2930654.6,CA,3.465,1.58,259.25,21751.238,1455,California
3/31/2020,5.5,7661.026084,2930654.6,CA,3.45,0.65,258.076,21751.238,1346,California
4/30/2020,16.1,5827.806454,2930654.6,CA,3.306,0.05,256.032,19958.291,1076,California
5/31/2020,15.8,6386.012697,2930654.6,CA,3.2325,0.05,255.802,19958.291,1250,California
6/30/2020,13.8,7541.561237,2930654.6,CA,3.1625,0.08,257.042,19958.291,1334,California
7/31/2020,13.1,10788.01045,2930654.6,CA,3.016,0.09,258.352,21704.437,1546,California
8/31/2020,11.8,8081.139142,2930654.6,CA,2.935,0.1,259.316,21704.437,1533,California
9/30/2020,9.9,9792.336335,2930654.6,CA,2.89,0.09,259.997,21704.437,1636,California
10/31/2020,9.3,8639.636181,2930654.6,CA,2.834,0.09,260.319,22087.16,1613,California
11/30/2020,9,9763.53031,2930654.6,CA,2.765,0.09,260.911,22087.16,1703,California
12/31/2020,9,10727.0709,2930654.6,CA,2.684,0.09,262.045,22087.16,1752,California
1/31/2021,8.7,10638.26891,3151112.5,CA,2.735,0.09,262.639,22680.693,1855,California
2/28/2021,8.6,9461.135122,3151112.5,CA,2.81,0.08,263.573,22680.693,1711,California
3/31/2021,8.5,11479.25141,3151112.5,CA,3.0825,0.07,264.847,22680.693,1756,California
4/30/2021,8.4,10313.38292,3151112.5,CA,3.06,0.07,266.625,23425.91,1721,California
5/31/2021,8,9399.786566,3151112.5,CA,2.9625,0.06,268.404,23425.91,1703,California
6/30/2021,7.9,9157.629669,3151112.5,CA,2.975,0.08,270.71,23425.91,1654,California
7/31/2021,7.4,10208.47256,3151112.5,CA,2.868,0.1,271.965,23982.379,1658,California
8/31/2021,7,9350.878879,3151112.5,CA,2.8425,0.09,272.752,23982.379,1736,California
9/30/2021,6.5,8950.479589,3151112.5,CA,2.9,0.08,273.942,23982.379,1640,California
10/31/2021,6.1,11172.93965,3151112.5,CA,3.0675,0.08,276.528,24813.6,1707,California
11/30/2021,5.7,10113.32812,3151112.5,CA,3.0675,0.08,278.824,24813.6,1765,California
12/31/2021,5.4,9706.186081,3151112.5,CA,3.098,0.08,280.806,24813.6,1919,California
1/31/2022,5.2,9259.941008,3147211.4,CA,3.445,0.08,282.542,25250.347,1920,California
2/28/2022,4.8,10554.37208,3147211.4,CA,3.7625,0.08,284.525,25250.347,1857,California
3/31/2022,4.5,10967.85673,3147211.4,CA,4.172,0.2,287.467,25250.347,1868,California
4/30/2022,4.3,10317.66272,3147211.4,CA,4.9825,0.33,288.582,25861.292,1859,California
5/31/2022,4.1,9551.042678,3147211.4,CA,5.23,0.77,291.299,25861.292,1704,California
6/30/2022,4,10615.16347,3147211.4,CA,5.522,1.21,295.072,25861.292,1737,California
7/31/2022,3.9,8130.352974,3147211.4,CA,5.4125,1.68,294.94,26336.304,1703,California
8/31/2022,3.8,10099.37868,3147211.4,CA,5.2225,2.33,295.162,26336.304,1557,California
9/30/2022,4,10576.67201,3147211.4,CA,6.112,2.56,296.421,26336.304,1600,California
10/31/2022,4.2,7425.119917,3147211.4,CA,6.9,3.08,297.979,26770.514,1594,California
11/30/2022,4.3,7805.599537,3147211.4,CA,6.805,3.78,298.708,26770.514,1401,California
12/31/2022,4.4,7600.196566,3147211.4,CA,6.364,4.1,298.808,26770.514,1410,California
1/31/2023,4.4,8269.531907,3204016.4,CA,6.2725,4.33,300.456,27216.445,1410,California
2/28/2023,4.5,9324.225365,3204016.4,CA,6.2575,4.57,301.476,27216.445,1618,California
3/31/2023,4.5,7567.960384,3204016.4,CA,6.544,4.65,301.643,27216.445,1480,California
4/30/2023,4.5,8933.860817,3204016.4,CA,6.3425,4.83,302.858,27530.055,1474,California
5/31/2023,4.6,9102.930119,3204016.4,CA,6.425,5.06,303.316,27530.055,1575,California
6/30/2023,4.6,10949.93238,3204016.4,CA,6.714,5.08,304.099,27530.055,1464,California
7/31/2023,4.7,8724.707797,3204016.4,CA,6.84,5.12,304.615,28074.846,1522,California
8/31/2023,4.8,11309.14742,3204016.4,CA,7.072,5.33,306.138,28074.846,1561,California
9/30/2023,4.9,8562.594736,3204016.4,CA,7.2,5.33,307.374,28074.846,1537,California
10/31/2023,5,8594.421657,3204016.4,CA,7.62,5.33,307.653,28424.722,1528,California
11/30/2023,5.1,11080.22269,3204016.4,CA,7.442,5.33,308.087,28424.722,1503,California
12/31/2023,5.1,6884.779157,3204016.4,CA,6.815,5.33,308.735,28424.722,1519,California
1/31/2024,5.1,8843.234357,3306928.6,CA,6.6425,5.33,309.794,28708.161,1545,California
2/29/2024,5.1,8602.770386,3306928.6,CA,6.776,5.33,311.022,28708.161,1577,California
3/31/2024,5.1,8320.656193,3306928.6,CA,6.82,5.33,312.107,28708.161,1476,California
4/30/2024,5.2,7445.319036,3306928.6,CA,6.9925,5.33,313.016,29147.044,1459,California
5/31/2024,5.2,9198.761185,3306928.6,CA,7.06,5.33,313.14,29147.044,1407,California
6/30/2024,5.3,7616.42367,3306928.6,CA,6.9175,5.33,313.131,29147.044,1461,California
7/31/2024,5.4,9007.801302,3306928.6,CA,6.8475,5.33,313.566,29511.664,1436,California
8/31/2024,5.4,7932.094853,3306928.6,CA,6.5,5.33,314.131,29511.664,1476,California
9/30/2024,5.5,8206.245613,3306928.6,CA,6.18,5.13,314.851,29511.664,1434,California
10/31/2024,5.5,8884.290869,3306928.6,CA,6.428,4.83,315.564,29825.182,1428,California
11/30/2024,5.5,8612.943865,3306928.6,CA,6.805,4.64,316.449,29825.182,1508,California
12/31/2024,5.5,8033.818609,3306928.6,CA,6.715,4.48,317.603,29825.182,1480,California
1/31/2025,5.4,7974.379294,3306928.6,CA,6.958,4.33,319.086,30042.113,1460,California
2/28/2025,5.4,8024.017033,3306928.6,CA,6.8425,4.33,319.775,30042.113,1454,California
3/31/2025,5.3,7732.695374,3306928.6,CA,6.65,4.33,319.615,30042.113,1481,California
4/30/2025,5.3,8827.306058,3306928.6,CA,6.725,4.33,320.321,30485.729,1422,California
5/31/2025,5.3,8099.255173,3306928.6,CA,6.816,4.33,320.58,30485.729,1394,California
6/30/2025,5.4,7947.123719,3306928.6,CA,6.8175,4.33,321.5,30485.729,1393,California
7/31/2025,5.5,7774.126149,3306928.6,CA,6.72,4.33,322.132,30485.729,1362,California
8/31/2025,5.5,7975.073773,3306928.6,CA,6.5875,4.33,323.364,30485.729,1330,California
9/30/2025,4.4,1258.406926,3306928.6,CA,6.3525,4.22,323.364,30485.729,1330,California
1/31/2012,8.4,1351.624808,289339.5,CO,3.915,0.08,227.842,16068.805,712,Colorado
2/29/2012,8.3,1003.21684,289339.5,CO,3.89,0.1,228.329,16068.805,738,Colorado
3/31/2012,8.3,1434.725815,289339.5,CO,3.954,0.13,228.807,16068.805,806,Colorado
4/30/2012,8.2,1847.905246,289339.5,CO,3.91,0.14,229.187,16207.115,732,Colorado
5/31/2012,8.2,1847.691417,289339.5,CO,3.798,0.16,228.713,16207.115,796,Colorado
6/30/2012,8.2,2030.584593,289339.5,CO,3.675,0.16,228.524,16207.115,794,Colorado
7/31/2012,8.1,1878.869032,289339.5,CO,3.55,0.16,228.59,16319.541,849,Colorado
8/31/2012,7.9,2200.016726,289339.5,CO,3.602,0.13,229.918,16319.541,840,Colorado
9/30/2012,7.8,1576.524981,289339.5,CO,3.4975,0.14,231.015,16319.541,930,Colorado
10/31/2012,7.6,1792.510819,289339.5,CO,3.3825,0.16,231.638,16420.419,887,Colorado
11/30/2012,7.5,2424.653767,289339.5,CO,3.352,0.16,231.249,16420.419,917,Colorado
12/31/2012,7.4,1899.304785,289339.5,CO,3.345,0.16,231.221,16420.419,941,Colorado
1/31/2013,7.3,2588.452773,301484.1,CO,3.414,0.14,231.679,16648.189,940,Colorado
2/28/2013,7.1,2206.938135,301484.1,CO,3.5325,0.15,232.937,16648.189,980,Colorado
3/31/2013,7,2287.654916,301484.1,CO,3.565,0.14,232.282,16648.189,936,Colorado
4/30/2013,6.9,1662.965708,301484.1,CO,3.445,0.15,231.797,16728.687,1012,Colorado
5/31/2013,6.9,2540.185118,301484.1,CO,3.536,0.11,231.893,16728.687,1003,Colorado
6/30/2013,6.8,2056.742046,301484.1,CO,4.07,0.09,232.445,16728.687,942,Colorado
7/31/2013,6.8,2014.838518,301484.1,CO,4.37,0.09,232.9,16953.838,997,Colorado
8/31/2013,6.7,2423.308662,301484.1,CO,4.456,0.08,233.456,16953.838,964,Colorado
9/30/2013,6.5,2122.852129,301484.1,CO,4.49,0.08,233.544,16953.838,1004,Colorado
10/31/2013,6.4,2316.628581,301484.1,CO,4.192,0.09,233.669,17192.019,1044,Colorado
11/30/2013,6.2,2420.07772,301484.1,CO,4.255,0.08,234.1,17192.019,1029,Colorado
12/31/2013,6.1,2561.836217,301484.1,CO,4.4575,0.09,234.719,17192.019,1005,Colorado
1/31/2014,5.9,2088.274275,315399,CO,4.432,0.07,235.288,17197.738,976,Colorado
2/28/2014,5.8,2562.562812,315399,CO,4.3025,0.07,235.547,17197.738,1039,Colorado
3/31/2014,5.6,2656.715834,315399,CO,4.3425,0.08,236.028,17197.738,1067,Colorado
4/30/2014,5.4,2297.10694,315399,CO,4.3375,0.09,236.468,17518.508,1090,Colorado
5/31/2014,5.2,2097.249577,315399,CO,4.192,0.09,236.918,17518.508,1018,Colorado
6/30/2014,5,2263.408191,315399,CO,4.1625,0.1,237.231,17518.508,1010,Colorado
7/31/2014,4.8,2739.467669,315399,CO,4.13,0.09,237.498,17804.228,1076,Colorado
8/31/2014,4.6,2236.504305,315399,CO,4.115,0.09,237.46,17804.228,1047,Colorado
9/30/2014,4.4,2794.412616,315399,CO,4.1625,0.09,237.477,17804.228,1077,Colorado
10/31/2014,4.3,3248.738912,315399,CO,4.036,0.09,237.43,17912.079,1094,Colorado
11/30/2014,4.2,2051.111094,315399,CO,3.9975,0.09,236.983,17912.079,1059,Colorado
12/31/2014,4.2,2192.159785,315399,CO,3.864,0.12,236.252,17912.079,1072,Colorado
1/31/2015,4.1,1928.451716,330526.1,CO,3.67,0.11,234.747,18063.529,1049,Colorado
2/28/2015,4.1,2225.193511,330526.1,CO,3.71,0.11,235.342,18063.529,1127,Colorado
3/31/2015,4,2436.989927,330526.1,CO,3.77,0.11,235.976,18063.529,1072,Colorado
4/30/2015,4,2648.990772,330526.1,CO,3.672,0.12,236.222,18279.784,1166,Colorado
5/31/2015,3.9,2562.096967,330526.1,CO,3.84,0.12,237.001,18279.784,1272,Colorado
6/30/2015,3.8,2858.740195,330526.1,CO,3.9825,0.13,237.657,18279.784,1379,Colorado
7/31/2015,3.6,2632.925141,330526.1,CO,4.046,0.13,238.034,18401.626,1140,Colorado
8/31/2015,3.5,2503.422242,330526.1,CO,3.905,0.14,238.033,18401.626,1165,Colorado
9/30/2015,3.4,2670.045072,330526.1,CO,3.89,0.14,237.498,18401.626,1144,Colorado
10/31/2015,3.4,2223.220261,330526.1,CO,3.796,0.12,237.733,18435.137,1160,Colorado
11/30/2015,3.3,2605.59588,330526.1,CO,3.9425,0.12,238.017,18435.137,1244,Colorado
12/31/2015,3.3,3021.852835,330526.1,CO,3.964,0.24,237.761,18435.137,1211,Colorado
1/31/2016,3.3,2641.416108,337685.2,CO,3.8725,0.34,237.652,18525.933,1171,Colorado
2/29/2016,3.3,2672.189487,337685.2,CO,3.66,0.38,237.336,18525.933,1172,Colorado
3/31/2016,3.3,2484.458922,337685.2,CO,3.694,0.36,238.08,18525.933,1118,Colorado
4/30/2016,3.3,2783.558551,337685.2,CO,3.605,0.37,238.992,18711.702,1160,Colorado
5/31/2016,3.3,3655.526531,337685.2,CO,3.6,0.37,239.557,18711.702,1205,Colorado
6/30/2016,3.2,2642.270853,337685.2,CO,3.568,0.38,240.222,18711.702,1208,Colorado
7/31/2016,3.2,2853.197693,337685.2,CO,3.44,0.39,240.101,18892.639,1198,Colorado
8/31/2016,3.1,2975.022914,337685.2,CO,3.435,0.4,240.545,18892.639,1201,Colorado
9/30/2016,3,3448.870895,337685.2,CO,3.46,0.4,241.176,18892.639,1303,Colorado
10/31/2016,2.9,4148.055767,337685.2,CO,3.47,0.4,241.741,19089.379,1254,Colorado
11/30/2016,2.8,3705.405112,337685.2,CO,3.77,0.41,242.026,19089.379,1230,Colorado
12/31/2016,2.7,2776.251242,337685.2,CO,4.198,0.54,242.637,19089.379,1248,Colorado
1/31/2017,2.6,3653.008432,350209.1,CO,4.15,0.65,243.618,19280.084,1303,Colorado
2/28/2017,2.5,3298.771321,350209.1,CO,4.1675,0.66,244.006,19280.084,1234,Colorado
3/31/2017,2.4,3281.999107,350209.1,CO,4.196,0.79,243.892,19280.084,1272,Colorado
4/30/2017,2.4,3710.645233,350209.1,CO,4.045,0.9,244.193,19438.643,1251,Colorado
5/31/2017,2.4,2984.02161,350209.1,CO,4.01,0.91,244.004,19438.643,1208,Colorado
6/30/2017,2.5,4158.208859,350209.1,CO,3.904,1.04,244.163,19438.643,1353,Colorado
7/31/2017,2.6,3140.435563,350209.1,CO,3.9675,1.15,244.243,19692.595,1256,Colorado
8/31/2017,2.7,4670.771155,350209.1,CO,3.88,1.16,245.183,19692.595,1319,Colorado
9/30/2017,2.8,2904.624977,350209.1,CO,3.805,1.15,246.435,19692.595,1273,Colorado
10/31/2017,2.8,3119.923675,350209.1,CO,3.895,1.15,246.626,20037.088,1356,Colorado
11/30/2017,2.8,3630.822582,350209.1,CO,3.922,1.16,247.284,20037.088,1299,Colorado
12/31/2017,2.9,2479.841747,350209.1,CO,3.95,1.3,247.805,20037.088,1311,Colorado
1/31/2018,2.9,4261.347308,365204.5,CO,4.0325,1.41,248.859,20328.553,1317,Colorado
2/28/2018,2.9,4735.51747,365204.5,CO,4.33,1.42,249.529,20328.553,1321,Colorado
3/31/2018,2.9,5369.441175,365204.5,CO,4.444,1.51,249.577,20328.553,1385,Colorado
4/30/2018,3,3471.737193,365204.5,CO,4.4675,1.69,250.227,20580.912,1378,Colorado
5/31/2018,3,3821.613409,365204.5,CO,4.586,1.7,250.792,20580.912,1338,Colorado
6/30/2018,3.1,3354.731258,365204.5,CO,4.57,1.82,251.018,20580.912,1345,Colorado
7/31/2018,3.1,3376.852015,365204.5,CO,4.5275,1.91,251.214,20798.73,1334,Colorado
8/31/2018,3.1,3425.006575,365204.5,CO,4.55,1.91,251.663,20798.73,1273,Colorado
9/30/2018,3.1,4081.744262,365204.5,CO,4.6275,1.95,252.182,20798.73,1314,Colorado
10/31/2018,3.1,3229.753346,365204.5,CO,4.83,2.19,252.772,20917.867,1272,Colorado
11/30/2018,3.1,3672.130833,365204.5,CO,4.866,2.2,252.594,20917.867,1340,Colorado
12/31/2018,3,3901.264941,365204.5,CO,4.6375,2.27,252.767,20917.867,1317,Colorado
1/31/2019,3,3234.001351,383725.6,CO,4.464,2.4,252.561,21111.6,1254,Colorado
2/28/2019,2.9,3037.705354,383725.6,CO,4.37,2.4,253.319,21111.6,1286,Colorado
3/31/2019,2.8,3020.100652,383725.6,CO,4.265,2.41,254.277,21111.6,1295,Colorado
4/30/2019,2.6,3522.473292,383725.6,CO,4.1425,2.42,255.233,21397.938,1322,Colorado
5/31/2019,2.6,3794.782136,383725.6,CO,4.072,2.39,255.296,21397.938,1347,Colorado
6/30/2019,2.5,3673.236124,383725.6,CO,3.8025,2.38,255.213,21397.938,1299,Colorado
7/31/2019,2.5,3935.741315,383725.6,CO,3.765,2.4,255.802,21717.171,1379,Colorado
8/31/2019,2.5,3163.666207,383725.6,CO,3.616,2.13,256.036,21717.171,1482,Colorado
9/30/2019,2.5,3190.06355,383725.6,CO,3.605,2.04,256.43,21717.171,1469,Colorado
10/31/2019,2.6,4094.979267,383725.6,CO,3.688,1.83,257.155,21933.217,1523,Colorado
11/30/2019,2.7,3747.443578,383725.6,CO,3.695,1.55,257.879,21933.217,1535,Colorado
12/31/2019,2.8,3631.617123,383725.6,CO,3.72,1.55,258.63,21933.217,1443,Colorado
1/31/2020,3,3460.993723,380544,CO,3.624,1.55,259.127,21751.238,1495,Colorado
2/29/2020,3.2,3595.386155,380544,CO,3.465,1.58,259.25,21751.238,1455,Colorado
3/31/2020,3.4,3647.50038,380544,CO,3.45,0.65,258.076,21751.238,1346,Colorado
4/30/2020,11.2,3230.035945,380544,CO,3.306,0.05,256.032,19958.291,1076,Colorado
5/31/2020,11.7,2634.353744,380544,CO,3.2325,0.05,255.802,19958.291,1250,Colorado
6/30/2020,11.2,3454.128458,380544,CO,3.1625,0.08,257.042,19958.291,1334,Colorado
7/31/2020,6.5,4208.802889,380544,CO,3.016,0.09,258.352,21704.437,1546,Colorado
8/31/2020,6.2,4573.198337,380544,CO,2.935,0.1,259.316,21704.437,1533,Colorado
9/30/2020,6.3,4485.135169,380544,CO,2.89,0.09,259.997,21704.437,1636,Colorado
10/31/2020,6.2,4967.327886,380544,CO,2.834,0.09,260.319,22087.16,1613,Colorado
11/30/2020,6.2,3939.490984,380544,CO,2.765,0.09,260.911,22087.16,1703,Colorado
12/31/2020,6.4,4755.528818,380544,CO,2.684,0.09,262.045,22087.16,1752,Colorado
1/31/2021,6.3,5200.64413,406309.2,CO,2.735,0.09,262.639,22680.693,1855,Colorado
2/28/2021,6.3,4099.634358,406309.2,CO,2.81,0.08,263.573,22680.693,1711,Colorado
3/31/2021,6.2,4613.866291,406309.2,CO,3.0825,0.07,264.847,22680.693,1756,Colorado
4/30/2021,6.2,5496.514063,406309.2,CO,3.06,0.07,266.625,23425.91,1721,Colorado
5/31/2021,6,4283.754647,406309.2,CO,2.9625,0.06,268.404,23425.91,1703,Colorado
6/30/2021,5.9,4763.654214,406309.2,CO,2.975,0.08,270.71,23425.91,1654,Colorado
7/31/2021,5.7,4890.94944,406309.2,CO,2.868,0.1,271.965,23982.379,1658,Colorado
8/31/2021,5.4,5583.728066,406309.2,CO,2.8425,0.09,272.752,23982.379,1736,Colorado
9/30/2021,4.9,5250.301232,406309.2,CO,2.9,0.08,273.942,23982.379,1640,Colorado
10/31/2021,4.6,4797.555842,406309.2,CO,3.0675,0.08,276.528,24813.6,1707,Colorado
11/30/2021,4.4,5451.181888,406309.2,CO,3.0675,0.08,278.824,24813.6,1765,Colorado
12/31/2021,4.2,5125.793624,406309.2,CO,3.098,0.08,280.806,24813.6,1919,Colorado
1/31/2022,4,4532.042579,422576.1,CO,3.445,0.08,282.542,25250.347,1920,Colorado
2/28/2022,3.7,4993.655812,422576.1,CO,3.7625,0.08,284.525,25250.347,1857,Colorado
3/31/2022,3.3,5455.868747,422576.1,CO,4.172,0.2,287.467,25250.347,1868,Colorado
4/30/2022,3.2,4081.599689,422576.1,CO,4.9825,0.33,288.582,25861.292,1859,Colorado
5/31/2022,3,4294.920127,422576.1,CO,5.23,0.77,291.299,25861.292,1704,Colorado
6/30/2022,2.9,4773.49979,422576.1,CO,5.522,1.21,295.072,25861.292,1737,Colorado
7/31/2022,2.8,4202.126338,422576.1,CO,5.4125,1.68,294.94,26336.304,1703,Colorado
8/31/2022,2.6,3766.969459,422576.1,CO,5.2225,2.33,295.162,26336.304,1557,Colorado
9/30/2022,2.8,3584.374871,422576.1,CO,6.112,2.56,296.421,26336.304,1600,Colorado
10/31/2022,2.9,3045.333283,422576.1,CO,6.9,3.08,297.979,26770.514,1594,Colorado
11/30/2022,3,2831.620753,422576.1,CO,6.805,3.78,298.708,26770.514,1401,Colorado
12/31/2022,3,2670.222833,422576.1,CO,6.364,4.1,298.808,26770.514,1410,Colorado
1/31/2023,3,3635.410598,440225.2,CO,6.2725,4.33,300.456,27216.445,1410,Colorado
2/28/2023,3,3513.519374,440225.2,CO,6.2575,4.57,301.476,27216.445,1618,Colorado
3/31/2023,3.1,3396.560853,440225.2,CO,6.544,4.65,301.643,27216.445,1480,Colorado
4/30/2023,3.1,3721.391527,440225.2,CO,6.3425,4.83,302.858,27530.055,1474,Colorado
5/31/2023,3.2,3909.831745,440225.2,CO,6.425,5.06,303.316,27530.055,1575,Colorado
6/30/2023,3.2,3379.695395,440225.2,CO,6.714,5.08,304.099,27530.055,1464,Colorado
7/31/2023,3.3,2962.926007,440225.2,CO,6.84,5.12,304.615,28074.846,1522,Colorado
8/31/2023,3.4,3192.010507,440225.2,CO,7.072,5.33,306.138,28074.846,1561,Colorado
9/30/2023,3.4,2207.030228,440225.2,CO,7.2,5.33,307.374,28074.846,1537,Colorado
10/31/2023,3.5,3120.294954,440225.2,CO,7.62,5.33,307.653,28424.722,1528,Colorado
11/30/2023,3.6,3947.504801,440225.2,CO,7.442,5.33,308.087,28424.722,1503,Colorado
12/31/2023,3.8,3824.433235,440225.2,CO,6.815,5.33,308.735,28424.722,1519,Colorado
1/31/2024,3.8,2922.850834,448838.5,CO,6.6425,5.33,309.794,28708.161,1545,Colorado
2/29/2024,3.9,3284.610841,448838.5,CO,6.776,5.33,311.022,28708.161,1577,Colorado
3/31/2024,4,2671.436668,448838.5,CO,6.82,5.33,312.107,28708.161,1476,Colorado
4/30/2024,4,2266.230502,448838.5,CO,6.9925,5.33,313.016,29147.044,1459,Colorado
5/31/2024,4.1,2539.400015,448838.5,CO,7.06,5.33,313.14,29147.044,1407,Colorado
6/30/2024,4.2,2440.849232,448838.5,CO,6.9175,5.33,313.131,29147.044,1461,Colorado
7/31/2024,4.3,2759.771298,448838.5,CO,6.8475,5.33,313.566,29511.664,1436,Colorado
8/31/2024,4.4,2028.152371,448838.5,CO,6.5,5.33,314.131,29511.664,1476,Colorado
9/30/2024,4.5,2551.295065,448838.5,CO,6.18,5.13,314.851,29511.664,1434,Colorado
10/31/2024,4.6,3198.741689,448838.5,CO,6.428,4.83,315.564,29825.182,1428,Colorado
11/30/2024,4.6,2693.595923,448838.5,CO,6.805,4.64,316.449,29825.182,1508,Colorado
12/31/2024,4.6,2659.857394,448838.5,CO,6.715,4.48,317.603,29825.182,1480,Colorado
1/31/2025,4.7,2465.888424,448838.5,CO,6.958,4.33,319.086,30042.113,1460,Colorado
2/28/2025,4.7,2467.45232,448838.5,CO,6.8425,4.33,319.775,30042.113,1454,Colorado
3/31/2025,4.8,2516.022872,448838.5,CO,6.65,4.33,319.615,30042.113,1481,Colorado
4/30/2025,4.8,3036.376142,448838.5,CO,6.725,4.33,320.321,30485.729,1422,Colorado
5/31/2025,4.8,3005.800864,448838.5,CO,6.816,4.33,320.58,30485.729,1394,Colorado
6/30/2025,4.7,2667.085219,448838.5,CO,6.8175,4.33,321.5,30485.729,1393,Colorado
7/31/2025,4.5,2463.529226,448838.5,CO,6.72,4.33,322.132,30485.729,1362,Colorado
8/31/2025,4.2,2813.844508,448838.5,CO,6.5875,4.33,323.364,30485.729,1330,Colorado
9/30/2025,4.4,1258.406926,448838.5,CO,6.3525,4.22,323.364,30485.729,1330,Colorado
1/31/2012,8.3,263.2319272,263649.9,CT,3.915,0.08,227.842,16068.805,712,Connecticut
2/29/2012,8.3,722.2702035,263649.9,CT,3.89,0.1,228.329,16068.805,738,Connecticut
3/31/2012,8.3,245.8493877,263649.9,CT,3.954,0.13,228.807,16068.805,806,Connecticut
4/30/2012,8.4,262.4729866,263649.9,CT,3.91,0.14,229.187,16207.115,732,Connecticut
5/31/2012,8.4,334.2354447,263649.9,CT,3.798,0.16,228.713,16207.115,796,Connecticut
6/30/2012,8.5,628.5371956,263649.9,CT,3.675,0.16,228.524,16207.115,794,Connecticut
7/31/2012,8.5,363.9271167,263649.9,CT,3.55,0.16,228.59,16319.541,849,Connecticut
8/31/2012,8.5,532.9159418,263649.9,CT,3.602,0.13,229.918,16319.541,840,Connecticut
9/30/2012,8.4,397.3887561,263649.9,CT,3.4975,0.14,231.015,16319.541,930,Connecticut
10/31/2012,8.4,475.6449038,263649.9,CT,3.3825,0.16,231.638,16420.419,887,Connecticut
11/30/2012,8.3,405.1360709,263649.9,CT,3.352,0.16,231.249,16420.419,917,Connecticut
12/31/2012,8.3,584.7972861,263649.9,CT,3.345,0.16,231.221,16420.419,941,Connecticut
1/31/2013,8.3,427.9319091,258911,CT,3.414,0.14,231.679,16648.189,940,Connecticut
2/28/2013,8.3,440.0088914,258911,CT,3.5325,0.15,232.937,16648.189,980,Connecticut
3/31/2013,8.2,585.6474688,258911,CT,3.565,0.14,232.282,16648.189,936,Connecticut
4/30/2013,8.2,403.6482884,258911,CT,3.445,0.15,231.797,16728.687,1012,Connecticut
5/31/2013,8.1,433.263157,258911,CT,3.536,0.11,231.893,16728.687,1003,Connecticut
6/30/2013,8.1,326.7911914,258911,CT,4.07,0.09,232.445,16728.687,942,Connecticut
7/31/2013,8,424.2372673,258911,CT,4.37,0.09,232.9,16953.838,997,Connecticut
8/31/2013,7.9,761.7923375,258911,CT,4.456,0.08,233.456,16953.838,964,Connecticut
9/30/2013,7.8,291.8843568,258911,CT,4.49,0.08,233.544,16953.838,1004,Connecticut
10/31/2013,7.6,423.9478226,258911,CT,4.192,0.09,233.669,17192.019,1044,Connecticut
11/30/2013,7.5,337.6144777,258911,CT,4.255,0.08,234.1,17192.019,1029,Connecticut
12/31/2013,7.4,348.9142463,258911,CT,4.4575,0.09,234.719,17192.019,1005,Connecticut
1/31/2014,7.2,804.9996556,260605.8,CT,4.432,0.07,235.288,17197.738,976,Connecticut
2/28/2014,7.1,305.9832877,260605.8,CT,4.3025,0.07,235.547,17197.738,1039,Connecticut
3/31/2014,6.9,231.4278137,260605.8,CT,4.3425,0.08,236.028,17197.738,1067,Connecticut
4/30/2014,6.8,386.5328513,260605.8,CT,4.3375,0.09,236.468,17518.508,1090,Connecticut
5/31/2014,6.7,372.8620611,260605.8,CT,4.192,0.09,236.918,17518.508,1018,Connecticut
6/30/2014,6.6,1118.521187,260605.8,CT,4.1625,0.1,237.231,17518.508,1010,Connecticut
7/31/2014,6.6,305.6532105,260605.8,CT,4.13,0.09,237.498,17804.228,1076,Connecticut
8/31/2014,6.5,354.6118935,260605.8,CT,4.115,0.09,237.46,17804.228,1047,Connecticut
9/30/2014,6.4,432.8099529,260605.8,CT,4.1625,0.09,237.477,17804.228,1077,Connecticut
10/31/2014,6.3,323.6256535,260605.8,CT,4.036,0.09,237.43,17912.079,1094,Connecticut
11/30/2014,6.2,299.9114755,260605.8,CT,3.9975,0.09,236.983,17912.079,1059,Connecticut
12/31/2014,6.1,335.4861883,260605.8,CT,3.864,0.12,236.252,17912.079,1072,Connecticut
1/31/2015,6,361.7026394,268869.8,CT,3.67,0.11,234.747,18063.529,1049,Connecticut
2/28/2015,5.9,199.9266992,268869.8,CT,3.71,0.11,235.342,18063.529,1127,Connecticut
3/31/2015,5.8,455.7998055,268869.8,CT,3.77,0.11,235.976,18063.529,1072,Connecticut
4/30/2015,5.7,493.5068808,268869.8,CT,3.672,0.12,236.222,18279.784,1166,Connecticut
5/31/2015,5.7,668.806258,268869.8,CT,3.84,0.12,237.001,18279.784,1272,Connecticut
6/30/2015,5.6,501.2937323,268869.8,CT,3.9825,0.13,237.657,18279.784,1379,Connecticut
7/31/2015,5.5,650.473467,268869.8,CT,4.046,0.13,238.034,18401.626,1140,Connecticut
8/31/2015,5.5,262.7788336,268869.8,CT,3.905,0.14,238.033,18401.626,1165,Connecticut
9/30/2015,5.5,488.3491188,268869.8,CT,3.89,0.14,237.498,18401.626,1144,Connecticut
10/31/2015,5.4,492.3844298,268869.8,CT,3.796,0.12,237.733,18435.137,1160,Connecticut
11/30/2015,5.4,639.3611614,268869.8,CT,3.9425,0.12,238.017,18435.137,1244,Connecticut
12/31/2015,5.3,580.8235424,268869.8,CT,3.964,0.24,237.761,18435.137,1211,Connecticut
1/31/2016,5.3,196.2549354,268196.2,CT,3.8725,0.34,237.652,18525.933,1171,Connecticut
2/29/2016,5.2,641.8824514,268196.2,CT,3.66,0.38,237.336,18525.933,1172,Connecticut
3/31/2016,5.1,521.7725035,268196.2,CT,3.694,0.36,238.08,18525.933,1118,Connecticut
4/30/2016,5,445.2264586,268196.2,CT,3.605,0.37,238.992,18711.702,1160,Connecticut
5/31/2016,5,323.9938141,268196.2,CT,3.6,0.37,239.557,18711.702,1205,Connecticut
6/30/2016,4.9,456.9931191,268196.2,CT,3.568,0.38,240.222,18711.702,1208,Connecticut
7/31/2016,4.8,259.6533011,268196.2,CT,3.44,0.39,240.101,18892.639,1198,Connecticut
8/31/2016,4.7,322.9857488,268196.2,CT,3.435,0.4,240.545,18892.639,1201,Connecticut
9/30/2016,4.7,615.5448234,268196.2,CT,3.46,0.4,241.176,18892.639,1303,Connecticut
10/31/2016,4.6,386.9319741,268196.2,CT,3.47,0.4,241.741,19089.379,1254,Connecticut
11/30/2016,4.6,275.9498649,268196.2,CT,3.77,0.41,242.026,19089.379,1230,Connecticut
12/31/2016,4.6,260.0654885,268196.2,CT,4.198,0.54,242.637,19089.379,1248,Connecticut
1/31/2017,4.6,393.2774267,273875.1,CT,4.15,0.65,243.618,19280.084,1303,Connecticut
2/28/2017,4.5,245.4558706,273875.1,CT,4.1675,0.66,244.006,19280.084,1234,Connecticut
3/31/2017,4.5,356.3209931,273875.1,CT,4.196,0.79,243.892,19280.084,1272,Connecticut
4/30/2017,4.5,300.1486095,273875.1,CT,4.045,0.9,244.193,19438.643,1251,Connecticut
5/31/2017,4.4,366.3979505,273875.1,CT,4.01,0.91,244.004,19438.643,1208,Connecticut
6/30/2017,4.4,336.0321974,273875.1,CT,3.904,1.04,244.163,19438.643,1353,Connecticut
7/31/2017,4.4,389.9327069,273875.1,CT,3.9675,1.15,244.243,19692.595,1256,Connecticut
8/31/2017,4.4,453.8428641,273875.1,CT,3.88,1.16,245.183,19692.595,1319,Connecticut
9/30/2017,4.3,428.93998,273875.1,CT,3.805,1.15,246.435,19692.595,1273,Connecticut
10/31/2017,4.3,423.0606808,273875.1,CT,3.895,1.15,246.626,20037.088,1356,Connecticut
11/30/2017,4.3,394.199843,273875.1,CT,3.922,1.16,247.284,20037.088,1299,Connecticut
12/31/2017,4.3,335.5841806,273875.1,CT,3.95,1.3,247.805,20037.088,1311,Connecticut
1/31/2018,4.2,430.7728179,274582.8,CT,4.0325,1.41,248.859,20328.553,1317,Connecticut
2/28/2018,4.2,628.4774869,274582.8,CT,4.33,1.42,249.529,20328.553,1321,Connecticut
3/31/2018,4.1,271.8146136,274582.8,CT,4.444,1.51,249.577,20328.553,1385,Connecticut
4/30/2018,4,341.7714358,274582.8,CT,4.4675,1.69,250.227,20580.912,1378,Connecticut
5/31/2018,3.9,358.637723,274582.8,CT,4.586,1.7,250.792,20580.912,1338,Connecticut
6/30/2018,3.9,408.9416778,274582.8,CT,4.57,1.82,251.018,20580.912,1345,Connecticut
7/31/2018,3.8,451.3215953,274582.8,CT,4.5275,1.91,251.214,20798.73,1334,Connecticut
8/31/2018,3.8,333.5127142,274582.8,CT,4.55,1.91,251.663,20798.73,1273,Connecticut
9/30/2018,3.8,267.6121729,274582.8,CT,4.6275,1.95,252.182,20798.73,1314,Connecticut
10/31/2018,3.7,344.4587973,274582.8,CT,4.83,2.19,252.772,20917.867,1272,Connecticut
11/30/2018,3.7,352.1410249,274582.8,CT,4.866,2.2,252.594,20917.867,1340,Connecticut
12/31/2018,3.7,558.0112661,274582.8,CT,4.6375,2.27,252.767,20917.867,1317,Connecticut
1/31/2019,3.7,362.0719746,275225.4,CT,4.464,2.4,252.561,21111.6,1254,Connecticut
2/28/2019,3.6,394.3320817,275225.4,CT,4.37,2.4,253.319,21111.6,1286,Connecticut
3/31/2019,3.5,411.2580343,275225.4,CT,4.265,2.41,254.277,21111.6,1295,Connecticut
4/30/2019,3.5,820.7508635,275225.4,CT,4.1425,2.42,255.233,21397.938,1322,Connecticut
5/31/2019,3.5,324.2831898,275225.4,CT,4.072,2.39,255.296,21397.938,1347,Connecticut
6/30/2019,3.5,343.4482662,275225.4,CT,3.8025,2.38,255.213,21397.938,1299,Connecticut
7/31/2019,3.5,404.9999982,275225.4,CT,3.765,2.4,255.802,21717.171,1379,Connecticut
8/31/2019,3.6,367.4466557,275225.4,CT,3.616,2.13,256.036,21717.171,1482,Connecticut
9/30/2019,3.6,476.1709176,275225.4,CT,3.605,2.04,256.43,21717.171,1469,Connecticut
10/31/2019,3.6,954.3341739,275225.4,CT,3.688,1.83,257.155,21933.217,1523,Connecticut
11/30/2019,3.7,535.2992267,275225.4,CT,3.695,1.55,257.879,21933.217,1535,Connecticut
12/31/2019,3.7,442.0336982,275225.4,CT,3.72,1.55,258.63,21933.217,1443,Connecticut
1/31/2020,3.8,374.4461034,261737.1,CT,3.624,1.55,259.127,21751.238,1495,Connecticut
2/29/2020,3.8,538.816586,261737.1,CT,3.465,1.58,259.25,21751.238,1455,Connecticut
3/31/2020,3.9,530.7203227,261737.1,CT,3.45,0.65,258.076,21751.238,1346,Connecticut
4/30/2020,8.3,432.8568843,261737.1,CT,3.306,0.05,256.032,19958.291,1076,Connecticut
5/31/2020,11.9,630.3566229,261737.1,CT,3.2325,0.05,255.802,19958.291,1250,Connecticut
6/30/2020,11.5,400.5804542,261737.1,CT,3.1625,0.08,257.042,19958.291,1334,Connecticut
7/31/2020,11.7,488.6869978,261737.1,CT,3.016,0.09,258.352,21704.437,1546,Connecticut
8/31/2020,9.6,557.8336321,261737.1,CT,2.935,0.1,259.316,21704.437,1533,Connecticut
9/30/2020,8.8,821.1439207,261737.1,CT,2.89,0.09,259.997,21704.437,1636,Connecticut
10/31/2020,7.9,448.1524566,261737.1,CT,2.834,0.09,260.319,22087.16,1613,Connecticut
11/30/2020,7.5,415.3807651,261737.1,CT,2.765,0.09,260.911,22087.16,1703,Connecticut
12/31/2020,7.4,369.3148819,261737.1,CT,2.684,0.09,262.045,22087.16,1752,Connecticut
1/31/2021,7.2,331.9751856,270779.8,CT,2.735,0.09,262.639,22680.693,1855,Connecticut
2/28/2021,7.2,319.6990977,270779.8,CT,2.81,0.08,263.573,22680.693,1711,Connecticut
3/31/2021,7.2,480.3516237,270779.8,CT,3.0825,0.07,264.847,22680.693,1756,Connecticut
4/30/2021,7.2,697.8630886,270779.8,CT,3.06,0.07,266.625,23425.91,1721,Connecticut
5/31/2021,7,315.057624,270779.8,CT,2.9625,0.06,268.404,23425.91,1703,Connecticut
6/30/2021,7,387.2132839,270779.8,CT,2.975,0.08,270.71,23425.91,1654,Connecticut
7/31/2021,6.6,303.1118369,270779.8,CT,2.868,0.1,271.965,23982.379,1658,Connecticut
8/31/2021,6.3,290.9203844,270779.8,CT,2.8425,0.09,272.752,23982.379,1736,Connecticut
9/30/2021,5.9,374.730359,270779.8,CT,2.9,0.08,273.942,23982.379,1640,Connecticut
10/31/2021,5.6,308.7804799,270779.8,CT,3.0675,0.08,276.528,24813.6,1707,Connecticut
11/30/2021,5.3,415.9863385,270779.8,CT,3.0675,0.08,278.824,24813.6,1765,Connecticut
12/31/2021,5,446.1014204,270779.8,CT,3.098,0.08,280.806,24813.6,1919,Connecticut
1/31/2022,4.8,631.5609756,279348.5,CT,3.445,0.08,282.542,25250.347,1920,Connecticut
2/28/2022,4.6,401.2519547,279348.5,CT,3.7625,0.08,284.525,25250.347,1857,Connecticut
3/31/2022,4.4,315.7125063,279348.5,CT,4.172,0.2,287.467,25250.347,1868,Connecticut
4/30/2022,4.3,388.2032392,279348.5,CT,4.9825,0.33,288.582,25861.292,1859,Connecticut
5/31/2022,4.2,324.9840969,279348.5,CT,5.23,0.77,291.299,25861.292,1704,Connecticut
6/30/2022,4,433.018945,279348.5,CT,5.522,1.21,295.072,25861.292,1737,Connecticut
7/31/2022,3.9,780.8829566,279348.5,CT,5.4125,1.68,294.94,26336.304,1703,Connecticut
8/31/2022,3.7,366.5843254,279348.5,CT,5.2225,2.33,295.162,26336.304,1557,Connecticut
9/30/2022,3.7,370.8332531,279348.5,CT,6.112,2.56,296.421,26336.304,1600,Connecticut
10/31/2022,3.7,375.828411,279348.5,CT,6.9,3.08,297.979,26770.514,1594,Connecticut
11/30/2022,3.6,469.2382598,279348.5,CT,6.805,3.78,298.708,26770.514,1401,Connecticut
12/31/2022,3.5,466.6099582,279348.5,CT,6.364,4.1,298.808,26770.514,1410,Connecticut
1/31/2023,3.4,946.0007845,283228.5,CT,6.2725,4.33,300.456,27216.445,1410,Connecticut
2/28/2023,3.3,583.8324843,283228.5,CT,6.2575,4.57,301.476,27216.445,1618,Connecticut
3/31/2023,3.2,543.0568251,283228.5,CT,6.544,4.65,301.643,27216.445,1480,Connecticut
4/30/2023,3.1,265.0131392,283228.5,CT,6.3425,4.83,302.858,27530.055,1474,Connecticut
5/31/2023,3.1,515.1576055,283228.5,CT,6.425,5.06,303.316,27530.055,1575,Connecticut
6/30/2023,3,476.8275828,283228.5,CT,6.714,5.08,304.099,27530.055,1464,Connecticut
7/31/2023,3.1,302.4169786,283228.5,CT,6.84,5.12,304.615,28074.846,1522,Connecticut
8/31/2023,3.1,459.3928365,283228.5,CT,7.072,5.33,306.138,28074.846,1561,Connecticut
9/30/2023,3.2,308.0206805,283228.5,CT,7.2,5.33,307.374,28074.846,1537,Connecticut
10/31/2023,3.3,408.6758577,283228.5,CT,7.62,5.33,307.653,28424.722,1528,Connecticut
11/30/2023,3.3,261.9337698,283228.5,CT,7.442,5.33,308.087,28424.722,1503,Connecticut
12/31/2023,3.3,362.2812407,283228.5,CT,6.815,5.33,308.735,28424.722,1519,Connecticut
1/31/2024,3.3,354.7801066,286160.1,CT,6.6425,5.33,309.794,28708.161,1545,Connecticut
2/29/2024,3.2,382.5421136,286160.1,CT,6.776,5.33,311.022,28708.161,1577,Connecticut
3/31/2024,3.2,324.2778951,286160.1,CT,6.82,5.33,312.107,28708.161,1476,Connecticut
4/30/2024,3.1,502.8221956,286160.1,CT,6.9925,5.33,313.016,29147.044,1459,Connecticut
5/31/2024,3.1,374.7182291,286160.1,CT,7.06,5.33,313.14,29147.044,1407,Connecticut
6/30/2024,3.1,374.6315007,286160.1,CT,6.9175,5.33,313.131,29147.044,1461,Connecticut
7/31/2024,3.1,442.9417047,286160.1,CT,6.8475,5.33,313.566,29511.664,1436,Connecticut
8/31/2024,3.2,389.4040758,286160.1,CT,6.5,5.33,314.131,29511.664,1476,Connecticut
9/30/2024,3.2,614.1738683,286160.1,CT,6.18,5.13,314.851,29511.664,1434,Connecticut
10/31/2024,3.2,500.6944514,286160.1,CT,6.428,4.83,315.564,29825.182,1428,Connecticut
11/30/2024,3.2,567.2879054,286160.1,CT,6.805,4.64,316.449,29825.182,1508,Connecticut
12/31/2024,3.2,803.6741056,286160.1,CT,6.715,4.48,317.603,29825.182,1480,Connecticut
1/31/2025,3.3,415.4389424,286160.1,CT,6.958,4.33,319.086,30042.113,1460,Connecticut
2/28/2025,3.4,285.0820695,286160.1,CT,6.8425,4.33,319.775,30042.113,1454,Connecticut
3/31/2025,3.6,428.461281,286160.1,CT,6.65,4.33,319.615,30042.113,1481,Connecticut
4/30/2025,3.7,555.0881355,286160.1,CT,6.725,4.33,320.321,30485.729,1422,Connecticut
5/31/2025,3.8,702.9388963,286160.1,CT,6.816,4.33,320.58,30485.729,1394,Connecticut
6/30/2025,3.8,416.2156516,286160.1,CT,6.8175,4.33,321.5,30485.729,1393,Connecticut
7/31/2025,3.8,876.569875,286160.1,CT,6.72,4.33,322.132,30485.729,1362,Connecticut
8/31/2025,3.8,839.2681898,286160.1,CT,6.5875,4.33,323.364,30485.729,1330,Connecticut
9/30/2025,4.4,1258.406926,286160.1,CT,6.3525,4.22,323.364,30485.729,1330,Connecticut
1/31/2012,7,389.7283047,70562.4,DE,3.915,0.08,227.842,16068.805,712,Delaware
2/29/2012,6.9,299.9203124,70562.4,DE,3.89,0.1,228.329,16068.805,738,Delaware
3/31/2012,6.9,294.1252462,70562.4,DE,3.954,0.13,228.807,16068.805,806,Delaware
4/30/2012,7,312.1701361,70562.4,DE,3.91,0.14,229.187,16207.115,732,Delaware
5/31/2012,7,270.4702326,70562.4,DE,3.798,0.16,228.713,16207.115,796,Delaware
6/30/2012,7,390.2116708,70562.4,DE,3.675,0.16,228.524,16207.115,794,Delaware
7/31/2012,7,288.5062584,70562.4,DE,3.55,0.16,228.59,16319.541,849,Delaware
8/31/2012,7,325.8618636,70562.4,DE,3.602,0.13,229.918,16319.541,840,Delaware
9/30/2012,7,319.6616785,70562.4,DE,3.4975,0.14,231.015,16319.541,930,Delaware
10/31/2012,6.9,349.7350822,70562.4,DE,3.3825,0.16,231.638,16420.419,887,Delaware
11/30/2012,6.9,333.2141425,70562.4,DE,3.352,0.16,231.249,16420.419,917,Delaware
12/31/2012,6.9,344.4279578,70562.4,DE,3.345,0.16,231.221,16420.419,941,Delaware
1/31/2013,6.9,378.7430548,68656.8,DE,3.414,0.14,231.679,16648.189,940,Delaware
2/28/2013,6.9,382.6113267,68656.8,DE,3.5325,0.15,232.937,16648.189,980,Delaware
3/31/2013,6.8,361.5063356,68656.8,DE,3.565,0.14,232.282,16648.189,936,Delaware
4/30/2013,6.8,396.2226913,68656.8,DE,3.445,0.15,231.797,16728.687,1012,Delaware
5/31/2013,6.7,392.4655312,68656.8,DE,3.536,0.11,231.893,16728.687,1003,Delaware
6/30/2013,6.6,381.0757894,68656.8,DE,4.07,0.09,232.445,16728.687,942,Delaware
7/31/2013,6.5,416.4120607,68656.8,DE,4.37,0.09,232.9,16953.838,997,Delaware
8/31/2013,6.4,387.4423818,68656.8,DE,4.456,0.08,233.456,16953.838,964,Delaware
9/30/2013,6.3,421.2469768,68656.8,DE,4.49,0.08,233.544,16953.838,1004,Delaware
10/31/2013,6.2,382.8968225,68656.8,DE,4.192,0.09,233.669,17192.019,1044,Delaware
11/30/2013,6.2,405.3752033,68656.8,DE,4.255,0.08,234.1,17192.019,1029,Delaware
12/31/2013,6.1,375.7203095,68656.8,DE,4.4575,0.09,234.719,17192.019,1005,Delaware
1/31/2014,6,367.4993942,73961.7,DE,4.432,0.07,235.288,17197.738,976,Delaware
2/28/2014,6,395.3232142,73961.7,DE,4.3025,0.07,235.547,17197.738,1039,Delaware
3/31/2014,5.9,358.2098127,73961.7,DE,4.3425,0.08,236.028,17197.738,1067,Delaware
4/30/2014,5.9,342.3786009,73961.7,DE,4.3375,0.09,236.468,17518.508,1090,Delaware
5/31/2014,5.8,381.0369342,73961.7,DE,4.192,0.09,236.918,17518.508,1018,Delaware
6/30/2014,5.7,378.5723024,73961.7,DE,4.1625,0.1,237.231,17518.508,1010,Delaware
7/31/2014,5.6,398.2142093,73961.7,DE,4.13,0.09,237.498,17804.228,1076,Delaware
8/31/2014,5.5,366.7366896,73961.7,DE,4.115,0.09,237.46,17804.228,1047,Delaware
9/30/2014,5.4,446.5170105,73961.7,DE,4.1625,0.09,237.477,17804.228,1077,Delaware
10/31/2014,5.3,555.3509648,73961.7,DE,4.036,0.09,237.43,17912.079,1094,Delaware
11/30/2014,5.2,336.8953668,73961.7,DE,3.9975,0.09,236.983,17912.079,1059,Delaware
12/31/2014,5.1,489.9932806,73961.7,DE,3.864,0.12,236.252,17912.079,1072,Delaware
1/31/2015,5,438.0147132,76211.2,DE,3.67,0.11,234.747,18063.529,1049,Delaware
2/28/2015,5,398.3070024,76211.2,DE,3.71,0.11,235.342,18063.529,1127,Delaware
3/31/2015,5,402.7946339,76211.2,DE,3.77,0.11,235.976,18063.529,1072,Delaware
4/30/2015,4.9,440.6707768,76211.2,DE,3.672,0.12,236.222,18279.784,1166,Delaware
5/31/2015,4.9,445.7737906,76211.2,DE,3.84,0.12,237.001,18279.784,1272,Delaware
6/30/2015,4.8,436.9203306,76211.2,DE,3.9825,0.13,237.657,18279.784,1379,Delaware
7/31/2015,4.8,480.8005006,76211.2,DE,4.046,0.13,238.034,18401.626,1140,Delaware
8/31/2015,4.7,698.460073,76211.2,DE,3.905,0.14,238.033,18401.626,1165,Delaware
9/30/2015,4.7,404.4107031,76211.2,DE,3.89,0.14,237.498,18401.626,1144,Delaware
10/31/2015,4.7,461.7124644,76211.2,DE,3.796,0.12,237.733,18435.137,1160,Delaware
11/30/2015,4.6,415.8458931,76211.2,DE,3.9425,0.12,238.017,18435.137,1244,Delaware
12/31/2015,4.6,480.8653262,76211.2,DE,3.964,0.24,237.761,18435.137,1211,Delaware
1/31/2016,4.5,454.0104448,71941.4,DE,3.8725,0.34,237.652,18525.933,1171,Delaware
2/29/2016,4.5,546.9632092,71941.4,DE,3.66,0.38,237.336,18525.933,1172,Delaware
3/31/2016,4.5,483.1419181,71941.4,DE,3.694,0.36,238.08,18525.933,1118,Delaware
4/30/2016,4.5,526.5132786,71941.4,DE,3.605,0.37,238.992,18711.702,1160,Delaware
5/31/2016,4.5,473.1334876,71941.4,DE,3.6,0.37,239.557,18711.702,1205,Delaware
6/30/2016,4.5,434.0078843,71941.4,DE,3.568,0.38,240.222,18711.702,1208,Delaware
7/31/2016,4.5,403.6917033,71941.4,DE,3.44,0.39,240.101,18892.639,1198,Delaware
8/31/2016,4.5,517.4152512,71941.4,DE,3.435,0.4,240.545,18892.639,1201,Delaware
9/30/2016,4.6,514.7359337,71941.4,DE,3.46,0.4,241.176,18892.639,1303,Delaware
10/31/2016,4.6,499.1429679,71941.4,DE,3.47,0.4,241.741,19089.379,1254,Delaware
11/30/2016,4.6,512.6509324,71941.4,DE,3.77,0.41,242.026,19089.379,1230,Delaware
12/31/2016,4.6,459.6548825,71941.4,DE,4.198,0.54,242.637,19089.379,1248,Delaware
1/31/2017,4.6,445.8481798,69555.6,DE,4.15,0.65,243.618,19280.084,1303,Delaware
2/28/2017,4.6,477.3449147,69555.6,DE,4.1675,0.66,244.006,19280.084,1234,Delaware
3/31/2017,4.5,615.0548604,69555.6,DE,4.196,0.79,243.892,19280.084,1272,Delaware
4/30/2017,4.5,529.8454846,69555.6,DE,4.045,0.9,244.193,19438.643,1251,Delaware
5/31/2017,4.5,534.0064864,69555.6,DE,4.01,0.91,244.004,19438.643,1208,Delaware
6/30/2017,4.4,706.4960145,69555.6,DE,3.904,1.04,244.163,19438.643,1353,Delaware
7/31/2017,4.4,594.1382646,69555.6,DE,3.9675,1.15,244.243,19692.595,1256,Delaware
8/31/2017,4.3,597.0025612,69555.6,DE,3.88,1.16,245.183,19692.595,1319,Delaware
9/30/2017,4.3,513.2770323,69555.6,DE,3.805,1.15,246.435,19692.595,1273,Delaware
10/31/2017,4.3,533.9424947,69555.6,DE,3.895,1.15,246.626,20037.088,1356,Delaware
11/30/2017,4.2,521.1703489,69555.6,DE,3.922,1.16,247.284,20037.088,1299,Delaware
12/31/2017,4.2,631.1992832,69555.6,DE,3.95,1.3,247.805,20037.088,1311,Delaware
1/31/2018,4.1,549.1961164,70856.4,DE,4.0325,1.41,248.859,20328.553,1317,Delaware
2/28/2018,4,476.4380954,70856.4,DE,4.33,1.42,249.529,20328.553,1321,Delaware
3/31/2018,3.9,494.9488895,70856.4,DE,4.444,1.51,249.577,20328.553,1385,Delaware
4/30/2018,3.8,508.9463511,70856.4,DE,4.4675,1.69,250.227,20580.912,1378,Delaware
5/31/2018,3.7,609.8279796,70856.4,DE,4.586,1.7,250.792,20580.912,1338,Delaware
6/30/2018,3.7,466.989163,70856.4,DE,4.57,1.82,251.018,20580.912,1345,Delaware
7/31/2018,3.6,490.048491,70856.4,DE,4.5275,1.91,251.214,20798.73,1334,Delaware
8/31/2018,3.5,495.1547415,70856.4,DE,4.55,1.91,251.663,20798.73,1273,Delaware
9/30/2018,3.5,482.8231405,70856.4,DE,4.6275,1.95,252.182,20798.73,1314,Delaware
10/31/2018,3.5,562.7167914,70856.4,DE,4.83,2.19,252.772,20917.867,1272,Delaware
11/30/2018,3.5,580.0792109,70856.4,DE,4.866,2.2,252.594,20917.867,1340,Delaware
12/31/2018,3.5,533.8655171,70856.4,DE,4.6375,2.27,252.767,20917.867,1317,Delaware
1/31/2019,3.5,647.0526061,74627.8,DE,4.464,2.4,252.561,21111.6,1254,Delaware
2/28/2019,3.5,562.3848435,74627.8,DE,4.37,2.4,253.319,21111.6,1286,Delaware
3/31/2019,3.5,492.0971258,74627.8,DE,4.265,2.41,254.277,21111.6,1295,Delaware
4/30/2019,3.5,403.0029279,74627.8,DE,4.1425,2.42,255.233,21397.938,1322,Delaware
5/31/2019,3.5,520.430817,74627.8,DE,4.072,2.39,255.296,21397.938,1347,Delaware
6/30/2019,3.5,604.872337,74627.8,DE,3.8025,2.38,255.213,21397.938,1299,Delaware
7/31/2019,3.6,629.7231922,74627.8,DE,3.765,2.4,255.802,21717.171,1379,Delaware
8/31/2019,3.6,476.174237,74627.8,DE,3.616,2.13,256.036,21717.171,1482,Delaware
9/30/2019,3.6,597.7240445,74627.8,DE,3.605,2.04,256.43,21717.171,1469,Delaware
10/31/2019,3.6,507.1585944,74627.8,DE,3.688,1.83,257.155,21933.217,1523,Delaware
11/30/2019,3.6,494.3444849,74627.8,DE,3.695,1.55,257.879,21933.217,1535,Delaware
12/31/2019,3.6,491.9735747,74627.8,DE,3.72,1.55,258.63,21933.217,1443,Delaware
1/31/2020,3.6,572.97235,72728.8,DE,3.624,1.55,259.127,21751.238,1495,Delaware
2/29/2020,3.6,612.4730655,72728.8,DE,3.465,1.58,259.25,21751.238,1455,Delaware
3/31/2020,5,573.1139776,72728.8,DE,3.45,0.65,258.076,21751.238,1346,Delaware
4/30/2020,13.1,533.2995665,72728.8,DE,3.306,0.05,256.032,19958.291,1076,Delaware
5/31/2020,13.4,384.5996553,72728.8,DE,3.2325,0.05,255.802,19958.291,1250,Delaware
6/30/2020,12.8,586.3891749,72728.8,DE,3.1625,0.08,257.042,19958.291,1334,Delaware
7/31/2020,7.6,840.119834,72728.8,DE,3.016,0.09,258.352,21704.437,1546,Delaware
8/31/2020,7.4,1036.814718,72728.8,DE,2.935,0.1,259.316,21704.437,1533,Delaware
9/30/2020,7.6,894.886177,72728.8,DE,2.89,0.09,259.997,21704.437,1636,Delaware
10/31/2020,5.2,947.3047193,72728.8,DE,2.834,0.09,260.319,22087.16,1613,Delaware
11/30/2020,5.4,568.4437754,72728.8,DE,2.765,0.09,260.911,22087.16,1703,Delaware
12/31/2020,5.6,907.087592,72728.8,DE,2.684,0.09,262.045,22087.16,1752,Delaware
1/31/2021,5.7,715.3911517,75205.5,DE,2.735,0.09,262.639,22680.693,1855,Delaware
2/28/2021,5.9,822.0890877,75205.5,DE,2.81,0.08,263.573,22680.693,1711,Delaware
3/31/2021,5.9,800.585229,75205.5,DE,3.0825,0.07,264.847,22680.693,1756,Delaware
4/30/2021,5.9,872.1094176,75205.5,DE,3.06,0.07,266.625,23425.91,1721,Delaware
5/31/2021,5.8,817.7409608,75205.5,DE,2.9625,0.06,268.404,23425.91,1703,Delaware
6/30/2021,5.8,645.1920174,75205.5,DE,2.975,0.08,270.71,23425.91,1654,Delaware
7/31/2021,5.5,940.2871664,75205.5,DE,2.868,0.1,271.965,23982.379,1658,Delaware
8/31/2021,5.4,574.8572732,75205.5,DE,2.8425,0.09,272.752,23982.379,1736,Delaware
9/30/2021,5.1,691.1615098,75205.5,DE,2.9,0.08,273.942,23982.379,1640,Delaware
10/31/2021,4.9,583.7768691,75205.5,DE,3.0675,0.08,276.528,24813.6,1707,Delaware
11/30/2021,4.8,705.6204144,75205.5,DE,3.0675,0.08,278.824,24813.6,1765,Delaware
12/31/2021,4.6,605.2052862,75205.5,DE,3.098,0.08,280.806,24813.6,1919,Delaware
1/31/2022,4.5,631.7616982,81111.8,DE,3.445,0.08,282.542,25250.347,1920,Delaware
2/28/2022,4.4,606.3831473,81111.8,DE,3.7625,0.08,284.525,25250.347,1857,Delaware
3/31/2022,4.3,590.1852459,81111.8,DE,4.172,0.2,287.467,25250.347,1868,Delaware
4/30/2022,4.2,550.4379148,81111.8,DE,4.9825,0.33,288.582,25861.292,1859,Delaware
5/31/2022,4.2,522.3421026,81111.8,DE,5.23,0.77,291.299,25861.292,1704,Delaware
6/30/2022,4.1,506.2789303,81111.8,DE,5.522,1.21,295.072,25861.292,1737,Delaware
7/31/2022,4.1,459.4110562,81111.8,DE,5.4125,1.68,294.94,26336.304,1703,Delaware
8/31/2022,4,546.959722,81111.8,DE,5.2225,2.33,295.162,26336.304,1557,Delaware
9/30/2022,4.1,470.8821428,81111.8,DE,6.112,2.56,296.421,26336.304,1600,Delaware
10/31/2022,4.1,558.864697,81111.8,DE,6.9,3.08,297.979,26770.514,1594,Delaware
11/30/2022,4.1,504.8156965,81111.8,DE,6.805,3.78,298.708,26770.514,1401,Delaware
12/31/2022,4,419.8818357,81111.8,DE,6.364,4.1,298.808,26770.514,1410,Delaware
1/31/2023,4,447.1078658,82090.9,DE,6.2725,4.33,300.456,27216.445,1410,Delaware
2/28/2023,3.9,388.0661158,82090.9,DE,6.2575,4.57,301.476,27216.445,1618,Delaware
3/31/2023,3.8,505.1428469,82090.9,DE,6.544,4.65,301.643,27216.445,1480,Delaware
4/30/2023,3.8,484.5841804,82090.9,DE,6.3425,4.83,302.858,27530.055,1474,Delaware
5/31/2023,3.8,557.9034632,82090.9,DE,6.425,5.06,303.316,27530.055,1575,Delaware
6/30/2023,3.8,577.9455185,82090.9,DE,6.714,5.08,304.099,27530.055,1464,Delaware
7/31/2023,3.8,562.9253724,82090.9,DE,6.84,5.12,304.615,28074.846,1522,Delaware
8/31/2023,3.8,609.9509258,82090.9,DE,7.072,5.33,306.138,28074.846,1561,Delaware
9/30/2023,3.8,549.8201198,82090.9,DE,7.2,5.33,307.374,28074.846,1537,Delaware
10/31/2023,3.9,557.2025686,82090.9,DE,7.62,5.33,307.653,28424.722,1528,Delaware
11/30/2023,3.8,486.2496172,82090.9,DE,7.442,5.33,308.087,28424.722,1503,Delaware
12/31/2023,3.8,888.4913992,82090.9,DE,6.815,5.33,308.735,28424.722,1519,Delaware
1/31/2024,3.8,681.8701331,85350.5,DE,6.6425,5.33,309.794,28708.161,1545,Delaware
2/29/2024,3.7,609.8756553,85350.5,DE,6.776,5.33,311.022,28708.161,1577,Delaware
3/31/2024,3.7,566.4195447,85350.5,DE,6.82,5.33,312.107,28708.161,1476,Delaware
4/30/2024,3.7,497.2004896,85350.5,DE,6.9925,5.33,313.016,29147.044,1459,Delaware
5/31/2024,3.8,497.0680284,85350.5,DE,7.06,5.33,313.14,29147.044,1407,Delaware
6/30/2024,3.8,520.1497924,85350.5,DE,6.9175,5.33,313.131,29147.044,1461,Delaware
7/31/2024,3.7,472.310854,85350.5,DE,6.8475,5.33,313.566,29511.664,1436,Delaware
8/31/2024,3.7,499.5789763,85350.5,DE,6.5,5.33,314.131,29511.664,1476,Delaware
9/30/2024,3.6,467.0086961,85350.5,DE,6.18,5.13,314.851,29511.664,1434,Delaware
10/31/2024,3.6,515.3965571,85350.5,DE,6.428,4.83,315.564,29825.182,1428,Delaware
11/30/2024,3.6,498.7593253,85350.5,DE,6.805,4.64,316.449,29825.182,1508,Delaware
12/31/2024,3.6,591.8311908,85350.5,DE,6.715,4.48,317.603,29825.182,1480,Delaware
1/31/2025,3.6,438.1325998,85350.5,DE,6.958,4.33,319.086,30042.113,1460,Delaware
2/28/2025,3.7,668.3702943,85350.5,DE,6.8425,4.33,319.775,30042.113,1454,Delaware
3/31/2025,3.7,490.1039718,85350.5,DE,6.65,4.33,319.615,30042.113,1481,Delaware
4/30/2025,3.9,550.7370758,85350.5,DE,6.725,4.33,320.321,30485.729,1422,Delaware
5/31/2025,4,528.0728235,85350.5,DE,6.816,4.33,320.58,30485.729,1394,Delaware
6/30/2025,4,548.2488349,85350.5,DE,6.8175,4.33,321.5,30485.729,1393,Delaware
7/31/2025,4.1,599.7997025,85350.5,DE,6.72,4.33,322.132,30485.729,1362,Delaware
8/31/2025,4.3,454.6134874,85350.5,DE,6.5875,4.33,323.364,30485.729,1330,Delaware
9/30/2025,4.4,1258.406926,85350.5,DE,6.3525,4.22,323.364,30485.729,1330,Delaware
1/31/2012,7.8,770.8373715,199540.8,DC,3.915,0.08,227.842,16068.805,712,District of Columbia
2/29/2012,7.7,807.912776,199540.8,DC,3.89,0.1,228.329,16068.805,738,District of Columbia
3/31/2012,7.6,788.1770759,199540.8,DC,3.954,0.13,228.807,16068.805,806,District of Columbia
4/30/2012,7.55,763.7433888,199540.8,DC,3.91,0.14,229.187,16207.115,732,District of Columbia
5/31/2012,7.65,955.6021729,199540.8,DC,3.798,0.16,228.713,16207.115,796,District of Columbia
6/30/2012,7.7,766.3690878,199540.8,DC,3.675,0.16,228.524,16207.115,794,District of Columbia
7/31/2012,7.65,763.0131929,199540.8,DC,3.55,0.16,228.59,16319.541,849,District of Columbia
8/31/2012,7.6,989.1819617,199540.8,DC,3.602,0.13,229.918,16319.541,840,District of Columbia
9/30/2012,7.45,976.5440169,199540.8,DC,3.4975,0.14,231.015,16319.541,930,District of Columbia
10/31/2012,7.45,986.0678376,199540.8,DC,3.3825,0.16,231.638,16420.419,887,District of Columbia
11/30/2012,7.4,1017.992439,199540.8,DC,3.352,0.16,231.249,16420.419,917,District of Columbia
12/31/2012,7.4,884.896888,199540.8,DC,3.345,0.16,231.221,16420.419,941,District of Columbia
1/31/2013,7.4,1057.460702,203555.1,DC,3.414,0.14,231.679,16648.189,940,District of Columbia
2/28/2013,7.3,1057.275823,203555.1,DC,3.5325,0.15,232.937,16648.189,980,District of Columbia
3/31/2013,7.25,1049.012188,203555.1,DC,3.565,0.14,232.282,16648.189,936,District of Columbia
4/30/2013,7.2,1091.462577,203555.1,DC,3.445,0.15,231.797,16728.687,1012,District of Columbia
5/31/2013,7.15,1055.705253,203555.1,DC,3.536,0.11,231.893,16728.687,1003,District of Columbia
6/30/2013,7.1,952.5250941,203555.1,DC,4.07,0.09,232.445,16728.687,942,District of Columbia
7/31/2013,7.1,1123.854863,203555.1,DC,4.37,0.09,232.9,16953.838,997,District of Columbia
8/31/2013,7.05,1105.30175,203555.1,DC,4.456,0.08,233.456,16953.838,964,District of Columbia
9/30/2013,6.95,1048.513301,203555.1,DC,4.49,0.08,233.544,16953.838,1004,District of Columbia
10/31/2013,6.85,1035.549375,203555.1,DC,4.192,0.09,233.669,17192.019,1044,District of Columbia
11/30/2013,6.7,994.0667857,203555.1,DC,4.255,0.08,234.1,17192.019,1029,District of Columbia
12/31/2013,6.6,968.7848964,203555.1,DC,4.4575,0.09,234.719,17192.019,1005,District of Columbia
1/31/2014,6.45,1184.295795,206073.95,DC,4.432,0.07,235.288,17197.738,976,District of Columbia
2/28/2014,6.35,1033.097412,206073.95,DC,4.3025,0.07,235.547,17197.738,1039,District of Columbia
3/31/2014,6.25,1056.902816,206073.95,DC,4.3425,0.08,236.028,17197.738,1067,District of Columbia
4/30/2014,6.15,1104.70702,206073.95,DC,4.3375,0.09,236.468,17518.508,1090,District of Columbia
5/31/2014,6.1,1106.132476,206073.95,DC,4.192,0.09,236.918,17518.508,1018,District of Columbia
6/30/2014,6.2,1140.411397,206073.95,DC,4.1625,0.1,237.231,17518.508,1010,District of Columbia
7/31/2014,6.1,1203.593038,206073.95,DC,4.13,0.09,237.498,17804.228,1076,District of Columbia
8/31/2014,6.05,1021.924831,206073.95,DC,4.115,0.09,237.46,17804.228,1047,District of Columbia
9/30/2014,5.9,1262.815376,206073.95,DC,4.1625,0.09,237.477,17804.228,1077,District of Columbia
10/31/2014,5.75,1283.484284,206073.95,DC,4.036,0.09,237.43,17912.079,1094,District of Columbia
11/30/2014,5.65,998.4800824,206073.95,DC,3.9975,0.09,236.983,17912.079,1059,District of Columbia
12/31/2014,5.6,1194.73778,206073.95,DC,3.864,0.12,236.252,17912.079,1072,District of Columbia
1/31/2015,5.55,1015.967511,211081.35,DC,3.67,0.11,234.747,18063.529,1049,District of Columbia
2/28/2015,5.6,1080.359105,211081.35,DC,3.71,0.11,235.342,18063.529,1127,District of Columbia
3/31/2015,5.55,983.2187761,211081.35,DC,3.77,0.11,235.976,18063.529,1072,District of Columbia
4/30/2015,5.5,1071.225361,211081.35,DC,3.672,0.12,236.222,18279.784,1166,District of Columbia
5/31/2015,5.35,1118.562121,211081.35,DC,3.84,0.12,237.001,18279.784,1272,District of Columbia
6/30/2015,5.25,1178.828793,211081.35,DC,3.9825,0.13,237.657,18279.784,1379,District of Columbia
7/31/2015,5.15,1230.957428,211081.35,DC,4.046,0.13,238.034,18401.626,1140,District of Columbia
8/31/2015,5.1,1276.596037,211081.35,DC,3.905,0.14,238.033,18401.626,1165,District of Columbia
9/30/2015,5,1161.541954,211081.35,DC,3.89,0.14,237.498,18401.626,1144,District of Columbia
10/31/2015,4.95,1294.096538,211081.35,DC,3.796,0.12,237.733,18435.137,1160,District of Columbia
11/30/2015,4.9,1186.267891,211081.35,DC,3.9425,0.12,238.017,18435.137,1244,District of Columbia
12/31/2015,4.9,1301.692609,211081.35,DC,3.964,0.24,237.761,18435.137,1211,District of Columbia
1/31/2016,4.9,1202.756665,217664.3,DC,3.8725,0.34,237.652,18525.933,1171,District of Columbia
2/29/2016,4.9,1210.550369,217664.3,DC,3.66,0.38,237.336,18525.933,1172,District of Columbia
3/31/2016,4.9,1170.136778,217664.3,DC,3.694,0.36,238.08,18525.933,1118,District of Columbia
4/30/2016,4.9,1232.27603,217664.3,DC,3.605,0.37,238.992,18711.702,1160,District of Columbia
5/31/2016,4.9,1166.487075,217664.3,DC,3.6,0.37,239.557,18711.702,1205,District of Columbia
6/30/2016,4.9,1286.868976,217664.3,DC,3.568,0.38,240.222,18711.702,1208,District of Columbia
7/31/2016,4.9,1073.062299,217664.3,DC,3.44,0.39,240.101,18892.639,1198,District of Columbia
8/31/2016,4.8,1327.012607,217664.3,DC,3.435,0.4,240.545,18892.639,1201,District of Columbia
9/30/2016,4.7,1330.227411,217664.3,DC,3.46,0.4,241.176,18892.639,1303,District of Columbia
10/31/2016,4.65,1116.781137,217664.3,DC,3.47,0.4,241.741,19089.379,1254,District of Columbia
11/30/2016,4.6,1146.387016,217664.3,DC,3.77,0.41,242.026,19089.379,1230,District of Columbia
12/31/2016,4.6,1148.49765,217664.3,DC,4.198,0.54,242.637,19089.379,1248,District of Columbia
1/31/2017,4.6,1113.027287,225236.05,DC,4.15,0.65,243.618,19280.084,1303,District of Columbia
2/28/2017,4.5,1199.682064,225236.05,DC,4.1675,0.66,244.006,19280.084,1234,District of Columbia
3/31/2017,4.45,1324.544488,225236.05,DC,4.196,0.79,243.892,19280.084,1272,District of Columbia
4/30/2017,4.4,1088.068897,225236.05,DC,4.045,0.9,244.193,19438.643,1251,District of Columbia
5/31/2017,4.3,1378.764859,225236.05,DC,4.01,0.91,244.004,19438.643,1208,District of Columbia
6/30/2017,4.3,1234.142193,225236.05,DC,3.904,1.04,244.163,19438.643,1353,District of Columbia
7/31/2017,4.25,1187.437912,225236.05,DC,3.9675,1.15,244.243,19692.595,1256,District of Columbia
8/31/2017,4.2,1387.511433,225236.05,DC,3.88,1.16,245.183,19692.595,1319,District of Columbia
9/30/2017,4.15,1297.123935,225236.05,DC,3.805,1.15,246.435,19692.595,1273,District of Columbia
10/31/2017,4.2,1269.097485,225236.05,DC,3.895,1.15,246.626,20037.088,1356,District of Columbia
11/30/2017,4.2,1291.991671,225236.05,DC,3.922,1.16,247.284,20037.088,1299,District of Columbia
12/31/2017,4.1,1348.43109,225236.05,DC,3.95,1.3,247.805,20037.088,1311,District of Columbia
1/31/2018,4.1,1296.291245,232985.8,DC,4.0325,1.41,248.859,20328.553,1317,District of Columbia
2/28/2018,4,1278.229389,232985.8,DC,4.33,1.42,249.529,20328.553,1321,District of Columbia
3/31/2018,4,1375.658009,232985.8,DC,4.444,1.51,249.577,20328.553,1385,District of Columbia
4/30/2018,3.9,1420.851893,232985.8,DC,4.4675,1.69,250.227,20580.912,1378,District of Columbia
5/31/2018,3.85,1423.550752,232985.8,DC,4.586,1.7,250.792,20580.912,1338,District of Columbia
6/30/2018,3.8,1197.333337,232985.8,DC,4.57,1.82,251.018,20580.912,1345,District of Columbia
7/31/2018,3.75,1151.242076,232985.8,DC,4.5275,1.91,251.214,20798.73,1334,District of Columbia
8/31/2018,3.75,1327.21545,232985.8,DC,4.55,1.91,251.663,20798.73,1273,District of Columbia
9/30/2018,3.75,1284.69425,232985.8,DC,4.6275,1.95,252.182,20798.73,1314,District of Columbia
10/31/2018,3.7,1271.388444,232985.8,DC,4.83,2.19,252.772,20917.867,1272,District of Columbia
11/30/2018,3.7,1301.260492,232985.8,DC,4.866,2.2,252.594,20917.867,1340,District of Columbia
12/31/2018,3.65,1126.900837,232985.8,DC,4.6375,2.27,252.767,20917.867,1317,District of Columbia
1/31/2019,3.65,1223.369901,239408.05,DC,4.464,2.4,252.561,21111.6,1254,District of Columbia
2/28/2019,3.6,1170.745641,239408.05,DC,4.37,2.4,253.319,21111.6,1286,District of Columbia
3/31/2019,3.5,1088.366248,239408.05,DC,4.265,2.41,254.277,21111.6,1295,District of Columbia
4/30/2019,3.45,1315.153053,239408.05,DC,4.1425,2.42,255.233,21397.938,1322,District of Columbia
5/31/2019,3.4,1297.468494,239408.05,DC,4.072,2.39,255.296,21397.938,1347,District of Columbia
6/30/2019,3.4,1083.190939,239408.05,DC,3.8025,2.38,255.213,21397.938,1299,District of Columbia
7/31/2019,3.45,1424.481144,239408.05,DC,3.765,2.4,255.802,21717.171,1379,District of Columbia
8/31/2019,3.5,1400.132793,239408.05,DC,3.616,2.13,256.036,21717.171,1482,District of Columbia
9/30/2019,3.5,1253.875438,239408.05,DC,3.605,2.04,256.43,21717.171,1469,District of Columbia
10/31/2019,3.4,1522.005571,239408.05,DC,3.688,1.83,257.155,21933.217,1523,District of Columbia
11/30/2019,3.4,1278.827325,239408.05,DC,3.695,1.55,257.879,21933.217,1535,District of Columbia
12/31/2019,3.45,1443.936238,239408.05,DC,3.72,1.55,258.63,21933.217,1443,District of Columbia
1/31/2020,3.5,1496.232908,229465.2,DC,3.624,1.55,259.127,21751.238,1495,District of Columbia
2/29/2020,3.6,1343.136325,229465.2,DC,3.465,1.58,259.25,21751.238,1455,District of Columbia
3/31/2020,3.7,1264.407414,229465.2,DC,3.45,0.65,258.076,21751.238,1346,District of Columbia
4/30/2020,13.4,1022.93096,229465.2,DC,3.306,0.05,256.032,19958.291,1076,District of Columbia
5/31/2020,11.7,1181.980891,229465.2,DC,3.2325,0.05,255.802,19958.291,1250,District of Columbia
6/30/2020,9.8,1381.405868,229465.2,DC,3.1625,0.08,257.042,19958.291,1334,District of Columbia
7/31/2020,8.5,1476.415765,229465.2,DC,3.016,0.09,258.352,21704.437,1546,District of Columbia
8/31/2020,7.4,1314.777776,229465.2,DC,2.935,0.1,259.316,21704.437,1533,District of Columbia
9/30/2020,7.1,1525.576407,229465.2,DC,2.89,0.09,259.997,21704.437,1636,District of Columbia
10/31/2020,6.45,1469.288006,229465.2,DC,2.834,0.09,260.319,22087.16,1613,District of Columbia
11/30/2020,6.3,1600.002112,229465.2,DC,2.765,0.09,260.911,22087.16,1703,District of Columbia
12/31/2020,6.25,1578.583834,229465.2,DC,2.684,0.09,262.045,22087.16,1752,District of Columbia
1/31/2021,5.95,1442.356658,244197.05,DC,2.735,0.09,262.639,22680.693,1855,District of Columbia
2/28/2021,6,1590.586187,244197.05,DC,2.81,0.08,263.573,22680.693,1711,District of Columbia
3/31/2021,5.95,1765.985333,244197.05,DC,3.0825,0.07,264.847,22680.693,1756,District of Columbia
4/30/2021,5.85,1723.152859,244197.05,DC,3.06,0.07,266.625,23425.91,1721,District of Columbia
5/31/2021,5.6,1480.416519,244197.05,DC,2.9625,0.06,268.404,23425.91,1703,District of Columbia
6/30/2021,5.35,1581.24158,244197.05,DC,2.975,0.08,270.71,23425.91,1654,District of Columbia
7/31/2021,5,1498.283567,244197.05,DC,2.868,0.1,271.965,23982.379,1658,District of Columbia
8/31/2021,4.7,1470.798757,244197.05,DC,2.8425,0.09,272.752,23982.379,1736,District of Columbia
9/30/2021,4.45,1589.968726,244197.05,DC,2.9,0.08,273.942,23982.379,1640,District of Columbia
10/31/2021,4.25,1446.34853,244197.05,DC,3.0675,0.08,276.528,24813.6,1707,District of Columbia
11/30/2021,4.05,1523.07433,244197.05,DC,3.0675,0.08,278.824,24813.6,1765,District of Columbia
12/31/2021,3.8,1692.128556,244197.05,DC,3.098,0.08,280.806,24813.6,1919,District of Columbia
1/31/2022,3.65,1649.20631,247140.25,DC,3.445,0.08,282.542,25250.347,1920,District of Columbia
2/28/2022,3.45,1716.198558,247140.25,DC,3.7625,0.08,284.525,25250.347,1857,District of Columbia
3/31/2022,3.25,1654.647657,247140.25,DC,4.172,0.2,287.467,25250.347,1868,District of Columbia
4/30/2022,3.25,1826.257035,247140.25,DC,4.9825,0.33,288.582,25861.292,1859,District of Columbia
5/31/2022,3.25,1501.951031,247140.25,DC,5.23,0.77,291.299,25861.292,1704,District of Columbia
6/30/2022,3.25,1687.429454,247140.25,DC,5.522,1.21,295.072,25861.292,1737,District of Columbia
7/31/2022,3.3,1471.852946,247140.25,DC,5.4125,1.68,294.94,26336.304,1703,District of Columbia
8/31/2022,3.25,1351.704048,247140.25,DC,5.2225,2.33,295.162,26336.304,1557,District of Columbia
9/30/2022,3.3,1500.85975,247140.25,DC,6.112,2.56,296.421,26336.304,1600,District of Columbia
10/31/2022,3.3,1258.406926,247140.25,DC,6.9,3.08,297.979,26770.514,1594,District of Columbia
11/30/2022,3.3,1178.79923,247140.25,DC,6.805,3.78,298.708,26770.514,1401,District of Columbia
12/31/2022,3.3,1226.314187,247140.25,DC,6.364,4.1,298.808,26770.514,1410,District of Columbia
1/31/2023,3.3,1250.780745,253486.4,DC,6.2725,4.33,300.456,27216.445,1410,District of Columbia
2/28/2023,3.3,1302.023951,253486.4,DC,6.2575,4.57,301.476,27216.445,1618,District of Columbia
3/31/2023,3.2,1272.514423,253486.4,DC,6.544,4.65,301.643,27216.445,1480,District of Columbia
4/30/2023,3.1,1291.546743,253486.4,DC,6.3425,4.83,302.858,27530.055,1474,District of Columbia
5/31/2023,3.15,1482.584697,253486.4,DC,6.425,5.06,303.316,27530.055,1575,District of Columbia
6/30/2023,3.2,1294.540265,253486.4,DC,6.714,5.08,304.099,27530.055,1464,District of Columbia
7/31/2023,3.25,1379.229405,253486.4,DC,6.84,5.12,304.615,28074.846,1522,District of Columbia
8/31/2023,3.3,1328.345044,253486.4,DC,7.072,5.33,306.138,28074.846,1561,District of Columbia
9/30/2023,3.4,1282.042936,253486.4,DC,7.2,5.33,307.374,28074.846,1537,District of Columbia
10/31/2023,3.4,1255.585444,253486.4,DC,7.62,5.33,307.653,28424.722,1528,District of Columbia
11/30/2023,3.55,1389.205899,253486.4,DC,7.442,5.33,308.087,28424.722,1503,District of Columbia
12/31/2023,3.55,1325.617412,253486.4,DC,6.815,5.33,308.735,28424.722,1519,District of Columbia
1/31/2024,3.5,1363.15034,260201.8,DC,6.6425,5.33,309.794,28708.161,1545,District of Columbia
2/29/2024,3.5,1416.826634,260201.8,DC,6.776,5.33,311.022,28708.161,1577,District of Columbia
3/31/2024,3.55,1292.951903,260201.8,DC,6.82,5.33,312.107,28708.161,1476,District of Columbia
4/30/2024,3.6,1283.745514,260201.8,DC,6.9925,5.33,313.016,29147.044,1459,District of Columbia
5/31/2024,3.6,1316.718797,260201.8,DC,7.06,5.33,313.14,29147.044,1407,District of Columbia
6/30/2024,3.65,1312.826292,260201.8,DC,6.9175,5.33,313.131,29147.044,1461,District of Columbia
7/31/2024,3.7,1358.046786,260201.8,DC,6.8475,5.33,313.566,29511.664,1436,District of Columbia
8/31/2024,3.7,1492.984046,260201.8,DC,6.5,5.33,314.131,29511.664,1476,District of Columbia
9/30/2024,3.75,1296.556872,260201.8,DC,6.18,5.13,314.851,29511.664,1434,District of Columbia
10/31/2024,3.75,1328.763232,260201.8,DC,6.428,4.83,315.564,29825.182,1428,District of Columbia
11/30/2024,3.75,1248.913287,260201.8,DC,6.805,4.64,316.449,29825.182,1508,District of Columbia
12/31/2024,3.75,1269.969383,260201.8,DC,6.715,4.48,317.603,29825.182,1480,District of Columbia
1/31/2025,3.8,1337.422505,260201.8,DC,6.958,4.33,319.086,30042.113,1460,District of Columbia
2/28/2025,3.8,1337.822022,260201.8,DC,6.8425,4.33,319.775,30042.113,1454,District of Columbia
3/31/2025,3.8,1206.603998,260201.8,DC,6.65,4.33,319.615,30042.113,1481,District of Columbia
4/30/2025,3.9,1400.80925,260201.8,DC,6.725,4.33,320.321,30485.729,1422,District of Columbia
5/31/2025,3.95,1297.098311,260201.8,DC,6.816,4.33,320.58,30485.729,1394,District of Columbia
6/30/2025,4,1242.885615,260201.8,DC,6.8175,4.33,321.5,30485.729,1393,District of Columbia
7/31/2025,3.95,1234.287131,260201.8,DC,6.72,4.33,322.132,30485.729,1362,District of Columbia
8/31/2025,3.95,1322.321914,260201.8,DC,6.5875,4.33,323.364,30485.729,1330,District of Columbia
9/30/2025,4.4,1258.406926,260201.8,DC,6.3525,4.22,323.364,30485.729,1330,District of Columbia
1/31/2012,9.2,4549.017085,857861.3,FL,3.915,0.08,227.842,16068.805,712,Florida
2/29/2012,9.1,3712.077175,857861.3,FL,3.89,0.1,228.329,16068.805,738,Florida
3/31/2012,9,4692.654695,857861.3,FL,3.954,0.13,228.807,16068.805,806,Florida
4/30/2012,8.9,4418.249494,857861.3,FL,3.91,0.14,229.187,16207.115,732,Florida
5/31/2012,8.9,5279.617091,857861.3,FL,3.798,0.16,228.713,16207.115,796,Florida
6/30/2012,8.8,4946.28342,857861.3,FL,3.675,0.16,228.524,16207.115,794,Florida
7/31/2012,8.7,5015.358949,857861.3,FL,3.55,0.16,228.59,16319.541,849,Florida
8/31/2012,8.5,5976.24476,857861.3,FL,3.602,0.13,229.918,16319.541,840,Florida
9/30/2012,8.4,8902.167789,857861.3,FL,3.4975,0.14,231.015,16319.541,930,Florida
10/31/2012,8.3,5510.868873,857861.3,FL,3.3825,0.16,231.638,16420.419,887,Florida
11/30/2012,8.2,6055.353836,857861.3,FL,3.352,0.16,231.249,16420.419,917,Florida
12/31/2012,8.1,5340.404198,857861.3,FL,3.345,0.16,231.221,16420.419,941,Florida
1/31/2013,8,6162.909877,880183.5,FL,3.414,0.14,231.679,16648.189,940,Florida
2/28/2013,7.9,6826.064925,880183.5,FL,3.5325,0.15,232.937,16648.189,980,Florida
3/31/2013,7.9,7051.260483,880183.5,FL,3.565,0.14,232.282,16648.189,936,Florida
4/30/2013,7.7,9199.073967,880183.5,FL,3.445,0.15,231.797,16728.687,1012,Florida
5/31/2013,7.6,9390.706299,880183.5,FL,3.536,0.11,231.893,16728.687,1003,Florida
6/30/2013,7.6,5962.613294,880183.5,FL,4.07,0.09,232.445,16728.687,942,Florida
7/31/2013,7.5,7091.351928,880183.5,FL,4.37,0.09,232.9,16953.838,997,Florida
8/31/2013,7.4,6548.144109,880183.5,FL,4.456,0.08,233.456,16953.838,964,Florida
9/30/2013,7.3,7037.5534,880183.5,FL,4.49,0.08,233.544,16953.838,1004,Florida
10/31/2013,7.2,7651.416502,880183.5,FL,4.192,0.09,233.669,17192.019,1044,Florida
11/30/2013,7.1,7713.672345,880183.5,FL,4.255,0.08,234.1,17192.019,1029,Florida
12/31/2013,7,6188.665293,880183.5,FL,4.4575,0.09,234.719,17192.019,1005,Florida
1/31/2014,6.9,7430.916165,905648.5,FL,4.432,0.07,235.288,17197.738,976,Florida
2/28/2014,6.8,7569.08886,905648.5,FL,4.3025,0.07,235.547,17197.738,1039,Florida
3/31/2014,6.8,5699.127567,905648.5,FL,4.3425,0.08,236.028,17197.738,1067,Florida
4/30/2014,6.7,6976.850294,905648.5,FL,4.3375,0.09,236.468,17518.508,1090,Florida
5/31/2014,6.6,6663.993021,905648.5,FL,4.192,0.09,236.918,17518.508,1018,Florida
6/30/2014,6.5,7010.942602,905648.5,FL,4.1625,0.1,237.231,17518.508,1010,Florida
7/31/2014,6.4,7697.263495,905648.5,FL,4.13,0.09,237.498,17804.228,1076,Florida
8/31/2014,6.3,6761.653794,905648.5,FL,4.115,0.09,237.46,17804.228,1047,Florida
9/30/2014,6.2,6720.824853,905648.5,FL,4.1625,0.09,237.477,17804.228,1077,Florida
10/31/2014,6.1,8000.989507,905648.5,FL,4.036,0.09,237.43,17912.079,1094,Florida
11/30/2014,6,6132.973936,905648.5,FL,3.9975,0.09,236.983,17912.079,1059,Florida
12/31/2014,6,8151.850735,905648.5,FL,3.864,0.12,236.252,17912.079,1072,Florida
1/31/2015,5.9,7623.600911,945929,FL,3.67,0.11,234.747,18063.529,1049,Florida
2/28/2015,5.8,8798.236004,945929,FL,3.71,0.11,235.342,18063.529,1127,Florida
3/31/2015,5.8,8334.356488,945929,FL,3.77,0.11,235.976,18063.529,1072,Florida
4/30/2015,5.7,7803.702429,945929,FL,3.672,0.12,236.222,18279.784,1166,Florida
5/31/2015,5.6,8642.113546,945929,FL,3.84,0.12,237.001,18279.784,1272,Florida
6/30/2015,5.5,9001.140986,945929,FL,3.9825,0.13,237.657,18279.784,1379,Florida
7/31/2015,5.5,8262.762582,945929,FL,4.046,0.13,238.034,18401.626,1140,Florida
8/31/2015,5.4,7219.289797,945929,FL,3.905,0.14,238.033,18401.626,1165,Florida
9/30/2015,5.3,11354.03525,945929,FL,3.89,0.14,237.498,18401.626,1144,Florida
10/31/2015,5.2,8598.900771,945929,FL,3.796,0.12,237.733,18435.137,1160,Florida
11/30/2015,5.2,9624.08,945929,FL,3.9425,0.12,238.017,18435.137,1244,Florida
12/31/2015,5.1,11149.77159,945929,FL,3.964,0.24,237.761,18435.137,1211,Florida
1/31/2016,5.1,7840.782708,978989.7,FL,3.8725,0.34,237.652,18525.933,1171,Florida
2/29/2016,5,9346.0839,978989.7,FL,3.66,0.38,237.336,18525.933,1172,Florida
3/31/2016,4.9,9370.671293,978989.7,FL,3.694,0.36,238.08,18525.933,1118,Florida
4/30/2016,4.9,8797.487534,978989.7,FL,3.605,0.37,238.992,18711.702,1160,Florida
5/31/2016,4.9,8609.800141,978989.7,FL,3.6,0.37,239.557,18711.702,1205,Florida
6/30/2016,4.9,8654.853148,978989.7,FL,3.568,0.38,240.222,18711.702,1208,Florida
7/31/2016,4.9,8890.367448,978989.7,FL,3.44,0.39,240.101,18892.639,1198,Florida
8/31/2016,4.9,10291.82145,978989.7,FL,3.435,0.4,240.545,18892.639,1201,Florida
9/30/2016,4.9,10803.71614,978989.7,FL,3.46,0.4,241.176,18892.639,1303,Florida
10/31/2016,4.9,9562.844161,978989.7,FL,3.47,0.4,241.741,19089.379,1254,Florida
11/30/2016,4.8,10021.90061,978989.7,FL,3.77,0.41,242.026,19089.379,1230,Florida
12/31/2016,4.8,10318.23909,978989.7,FL,4.198,0.54,242.637,19089.379,1248,Florida
1/31/2017,4.7,9882.376558,1014866.9,FL,4.15,0.65,243.618,19280.084,1303,Florida
2/28/2017,4.6,8559.023989,1014866.9,FL,4.1675,0.66,244.006,19280.084,1234,Florida
3/31/2017,4.5,9693.801755,1014866.9,FL,4.196,0.79,243.892,19280.084,1272,Florida
4/30/2017,4.4,10026.27848,1014866.9,FL,4.045,0.9,244.193,19438.643,1251,Florida
5/31/2017,4.3,10778.27996,1014866.9,FL,4.01,0.91,244.004,19438.643,1208,Florida
6/30/2017,4.2,11083.66937,1014866.9,FL,3.904,1.04,244.163,19438.643,1353,Florida
7/31/2017,4.2,9833.426333,1014866.9,FL,3.9675,1.15,244.243,19692.595,1256,Florida
8/31/2017,4.2,10136.15351,1014866.9,FL,3.88,1.16,245.183,19692.595,1319,Florida
9/30/2017,4.1,8453.225201,1014866.9,FL,3.805,1.15,246.435,19692.595,1273,Florida
10/31/2017,4.1,10080.52987,1014866.9,FL,3.895,1.15,246.626,20037.088,1356,Florida
11/30/2017,4.1,9540.864274,1014866.9,FL,3.922,1.16,247.284,20037.088,1299,Florida
12/31/2017,4,9175.749975,1014866.9,FL,3.95,1.3,247.805,20037.088,1311,Florida
1/31/2018,3.9,11203.6191,1050433.8,FL,4.0325,1.41,248.859,20328.553,1317,Florida
2/28/2018,3.9,10924.17328,1050433.8,FL,4.33,1.42,249.529,20328.553,1321,Florida
3/31/2018,3.8,11344.40426,1050433.8,FL,4.444,1.51,249.577,20328.553,1385,Florida
4/30/2018,3.7,12341.29928,1050433.8,FL,4.4675,1.69,250.227,20580.912,1378,Florida
5/31/2018,3.7,11402.65035,1050433.8,FL,4.586,1.7,250.792,20580.912,1338,Florida
6/30/2018,3.6,11719.66915,1050433.8,FL,4.57,1.82,251.018,20580.912,1345,Florida
7/31/2018,3.6,12904.9604,1050433.8,FL,4.5275,1.91,251.214,20798.73,1334,Florida
8/31/2018,3.5,11378.60244,1050433.8,FL,4.55,1.91,251.663,20798.73,1273,Florida
9/30/2018,3.5,10968.14242,1050433.8,FL,4.6275,1.95,252.182,20798.73,1314,Florida
10/31/2018,3.5,11445.80731,1050433.8,FL,4.83,2.19,252.772,20917.867,1272,Florida
11/30/2018,3.5,15299.40488,1050433.8,FL,4.866,2.2,252.594,20917.867,1340,Florida
12/31/2018,3.5,12314.69923,1050433.8,FL,4.6375,2.27,252.767,20917.867,1317,Florida
1/31/2019,3.5,11012.95048,1084913.9,FL,4.464,2.4,252.561,21111.6,1254,Florida
2/28/2019,3.4,12197.57634,1084913.9,FL,4.37,2.4,253.319,21111.6,1286,Florida
3/31/2019,3.4,11551.454,1084913.9,FL,4.265,2.41,254.277,21111.6,1295,Florida
4/30/2019,3.3,12781.54757,1084913.9,FL,4.1425,2.42,255.233,21397.938,1322,Florida
5/31/2019,3.3,12580.4162,1084913.9,FL,4.072,2.39,255.296,21397.938,1347,Florida
6/30/2019,3.2,10045.29624,1084913.9,FL,3.8025,2.38,255.213,21397.938,1299,Florida
7/31/2019,3.2,13049.86496,1084913.9,FL,3.765,2.4,255.802,21717.171,1379,Florida
8/31/2019,3.2,13741.87936,1084913.9,FL,3.616,2.13,256.036,21717.171,1482,Florida
9/30/2019,3.2,15522.63465,1084913.9,FL,3.605,2.04,256.43,21717.171,1469,Florida
10/31/2019,3.1,14694.75892,1084913.9,FL,3.688,1.83,257.155,21933.217,1523,Florida
11/30/2019,3.1,13163.40569,1084913.9,FL,3.695,1.55,257.879,21933.217,1535,Florida
12/31/2019,3,12933.34862,1084913.9,FL,3.72,1.55,258.63,21933.217,1443,Florida
1/31/2020,3,14324.38353,1072481.6,FL,3.624,1.55,259.127,21751.238,1495,Florida
2/29/2020,3,13433.12206,1072481.6,FL,3.465,1.58,259.25,21751.238,1455,Florida
3/31/2020,4,13350.38739,1072481.6,FL,3.45,0.65,258.076,21751.238,1346,Florida
4/30/2020,13.3,10742.4271,1072481.6,FL,3.306,0.05,256.032,19958.291,1076,Florida
5/31/2020,14.1,11826.11209,1072481.6,FL,3.2325,0.05,255.802,19958.291,1250,Florida
6/30/2020,11.6,11562.96608,1072481.6,FL,3.1625,0.08,257.042,19958.291,1334,Florida
7/31/2020,11.6,13110.91467,1072481.6,FL,3.016,0.09,258.352,21704.437,1546,Florida
8/31/2020,8.6,13893.23836,1072481.6,FL,2.935,0.1,259.316,21704.437,1533,Florida
9/30/2020,8,14623.61073,1072481.6,FL,2.89,0.09,259.997,21704.437,1636,Florida
10/31/2020,6.9,15442.63143,1072481.6,FL,2.834,0.09,260.319,22087.16,1613,Florida
11/30/2020,6.5,14772.9878,1072481.6,FL,2.765,0.09,260.911,22087.16,1703,Florida
12/31/2020,6.2,15422.08691,1072481.6,FL,2.684,0.09,262.045,22087.16,1752,Florida
1/31/2021,5.8,15824.72772,1172655.3,FL,2.735,0.09,262.639,22680.693,1855,Florida
2/28/2021,5.5,14259.09163,1172655.3,FL,2.81,0.08,263.573,22680.693,1711,Florida
3/31/2021,5.4,16875.82121,1172655.3,FL,3.0825,0.07,264.847,22680.693,1756,Florida
4/30/2021,5.2,17311.24628,1172655.3,FL,3.06,0.07,266.625,23425.91,1721,Florida
5/31/2021,5,17525.52305,1172655.3,FL,2.9625,0.06,268.404,23425.91,1703,Florida
6/30/2021,4.9,17657.64328,1172655.3,FL,2.975,0.08,270.71,23425.91,1654,Florida
7/31/2021,4.7,17946.59283,1172655.3,FL,2.868,0.1,271.965,23982.379,1658,Florida
8/31/2021,4.5,20491.2274,1172655.3,FL,2.8425,0.09,272.752,23982.379,1736,Florida
9/30/2021,4.2,17217.04171,1172655.3,FL,2.9,0.08,273.942,23982.379,1640,Florida
10/31/2021,4,16319.15853,1172655.3,FL,3.0675,0.08,276.528,24813.6,1707,Florida
11/30/2021,3.8,18844.31845,1172655.3,FL,3.0675,0.08,278.824,24813.6,1765,Florida
12/31/2021,3.6,18880.48291,1172655.3,FL,3.098,0.08,280.806,24813.6,1919,Florida
1/31/2022,3.5,17704.71359,1245927.6,FL,3.445,0.08,282.542,25250.347,1920,Florida
2/28/2022,3.3,17862.40907,1245927.6,FL,3.7625,0.08,284.525,25250.347,1857,Florida
3/31/2022,3.2,18579.51407,1245927.6,FL,4.172,0.2,287.467,25250.347,1868,Florida
4/30/2022,3.1,17819.49985,1245927.6,FL,4.9825,0.33,288.582,25861.292,1859,Florida
5/31/2022,3,19549.0078,1245927.6,FL,5.23,0.77,291.299,25861.292,1704,Florida
6/30/2022,2.9,18063.74864,1245927.6,FL,5.522,1.21,295.072,25861.292,1737,Florida
7/31/2022,2.9,15685.01629,1245927.6,FL,5.4125,1.68,294.94,26336.304,1703,Florida
8/31/2022,2.8,15298.90881,1245927.6,FL,5.2225,2.33,295.162,26336.304,1557,Florida
9/30/2022,2.8,17415.29291,1245927.6,FL,6.112,2.56,296.421,26336.304,1600,Florida
10/31/2022,2.9,15847.65316,1245927.6,FL,6.9,3.08,297.979,26770.514,1594,Florida
11/30/2022,2.9,15777.89794,1245927.6,FL,6.805,3.78,298.708,26770.514,1401,Florida
12/31/2022,2.9,16108.84774,1245927.6,FL,6.364,4.1,298.808,26770.514,1410,Florida
1/31/2023,2.8,15095.12121,1309392.2,FL,6.2725,4.33,300.456,27216.445,1410,Florida
2/28/2023,2.8,17613.37132,1309392.2,FL,6.2575,4.57,301.476,27216.445,1618,Florida
3/31/2023,2.8,17942.35443,1309392.2,FL,6.544,4.65,301.643,27216.445,1480,Florida
4/30/2023,2.8,13381.94981,1309392.2,FL,6.3425,4.83,302.858,27530.055,1474,Florida
5/31/2023,2.9,14350.63489,1309392.2,FL,6.425,5.06,303.316,27530.055,1575,Florida
6/30/2023,2.9,16718.87323,1309392.2,FL,6.714,5.08,304.099,27530.055,1464,Florida
7/31/2023,2.9,15611.992,1309392.2,FL,6.84,5.12,304.615,28074.846,1522,Florida
8/31/2023,3,16534.51517,1309392.2,FL,7.072,5.33,306.138,28074.846,1561,Florida
9/30/2023,3.1,16258.64483,1309392.2,FL,7.2,5.33,307.374,28074.846,1537,Florida
10/31/2023,3.1,15672.04478,1309392.2,FL,7.62,5.33,307.653,28424.722,1528,Florida
11/30/2023,3.1,16092.23567,1309392.2,FL,7.442,5.33,308.087,28424.722,1503,Florida
12/31/2023,3.2,16048.14699,1309392.2,FL,6.815,5.33,308.735,28424.722,1519,Florida
1/31/2024,3.2,16317.75358,1352275.1,FL,6.6425,5.33,309.794,28708.161,1545,Florida
2/29/2024,3.2,14036.62162,1352275.1,FL,6.776,5.33,311.022,28708.161,1577,Florida
3/31/2024,3.2,14228.01782,1352275.1,FL,6.82,5.33,312.107,28708.161,1476,Florida
4/30/2024,3.3,16136.80676,1352275.1,FL,6.9925,5.33,313.016,29147.044,1459,Florida
5/31/2024,3.3,16245.55737,1352275.1,FL,7.06,5.33,313.14,29147.044,1407,Florida
6/30/2024,3.4,13857.81085,1352275.1,FL,6.9175,5.33,313.131,29147.044,1461,Florida
7/31/2024,3.4,15284.5733,1352275.1,FL,6.8475,5.33,313.566,29511.664,1436,Florida
8/31/2024,3.4,14490.20452,1352275.1,FL,6.5,5.33,314.131,29511.664,1476,Florida
9/30/2024,3.5,12795.91358,1352275.1,FL,6.18,5.13,314.851,29511.664,1434,Florida
10/31/2024,3.5,14059.54019,1352275.1,FL,6.428,4.83,315.564,29825.182,1428,Florida
11/30/2024,3.5,13568.03572,1352275.1,FL,6.805,4.64,316.449,29825.182,1508,Florida
12/31/2024,3.4,13071.66931,1352275.1,FL,6.715,4.48,317.603,29825.182,1480,Florida
1/31/2025,3.5,16980.66639,1352275.1,FL,6.958,4.33,319.086,30042.113,1460,Florida
2/28/2025,3.6,15519.53932,1352275.1,FL,6.8425,4.33,319.775,30042.113,1454,Florida
3/31/2025,3.6,14183.63758,1352275.1,FL,6.65,4.33,319.615,30042.113,1481,Florida
4/30/2025,3.7,12531.13295,1352275.1,FL,6.725,4.33,320.321,30485.729,1422,Florida
5/31/2025,3.7,13786.56345,1352275.1,FL,6.816,4.33,320.58,30485.729,1394,Florida
6/30/2025,3.7,17264.65238,1352275.1,FL,6.8175,4.33,321.5,30485.729,1393,Florida
7/31/2025,3.7,14365.33343,1352275.1,FL,6.72,4.33,322.132,30485.729,1362,Florida
8/31/2025,3.8,12609.6105,1352275.1,FL,6.5875,4.33,323.364,30485.729,1330,Florida
9/30/2025,4.4,1258.406926,1352275.1,FL,6.3525,4.22,323.364,30485.729,1330,Florida
1/31/2012,9.5,2053.755235,489027.3,GA,3.915,0.08,227.842,16068.805,712,Georgia
2/29/2012,9.4,2143.031429,489027.3,GA,3.89,0.1,228.329,16068.805,738,Georgia
3/31/2012,9.3,1643.301386,489027.3,GA,3.954,0.13,228.807,16068.805,806,Georgia
4/30/2012,9.3,2082.65519,489027.3,GA,3.91,0.14,229.187,16207.115,732,Georgia
5/31/2012,9.2,1484.866413,489027.3,GA,3.798,0.16,228.713,16207.115,796,Georgia
6/30/2012,9.1,1911.46558,489027.3,GA,3.675,0.16,228.524,16207.115,794,Georgia
7/31/2012,9,2042.098307,489027.3,GA,3.55,0.16,228.59,16319.541,849,Georgia
8/31/2012,8.9,1945.730843,489027.3,GA,3.602,0.13,229.918,16319.541,840,Georgia
9/30/2012,8.8,2275.834452,489027.3,GA,3.4975,0.14,231.015,16319.541,930,Georgia
10/31/2012,8.7,2379.579763,489027.3,GA,3.3825,0.16,231.638,16420.419,887,Georgia
11/30/2012,8.7,1741.853346,489027.3,GA,3.352,0.16,231.249,16420.419,917,Georgia
12/31/2012,8.6,2468.155664,489027.3,GA,3.345,0.16,231.221,16420.419,941,Georgia
1/31/2013,8.6,2218.249611,499900.2,GA,3.414,0.14,231.679,16648.189,940,Georgia
2/28/2013,8.5,3095.502714,499900.2,GA,3.5325,0.15,232.937,16648.189,980,Georgia
3/31/2013,8.5,2751.286564,499900.2,GA,3.565,0.14,232.282,16648.189,936,Georgia
4/30/2013,8.4,2726.922837,499900.2,GA,3.445,0.15,231.797,16728.687,1012,Georgia
5/31/2013,8.3,3251.54376,499900.2,GA,3.536,0.11,231.893,16728.687,1003,Georgia
6/30/2013,8.2,2987.517155,499900.2,GA,4.07,0.09,232.445,16728.687,942,Georgia
7/31/2013,8.1,2769.032842,499900.2,GA,4.37,0.09,232.9,16953.838,997,Georgia
8/31/2013,8,2631.893926,499900.2,GA,4.456,0.08,233.456,16953.838,964,Georgia
9/30/2013,7.9,3262.843795,499900.2,GA,4.49,0.08,233.544,16953.838,1004,Georgia
10/31/2013,7.8,3007.068294,499900.2,GA,4.192,0.09,233.669,17192.019,1044,Georgia
11/30/2013,7.7,3293.773729,499900.2,GA,4.255,0.08,234.1,17192.019,1029,Georgia
12/31/2013,7.6,2569.686865,499900.2,GA,4.4575,0.09,234.719,17192.019,1005,Georgia
1/31/2014,7.5,2135.421211,517511.9,GA,4.432,0.07,235.288,17197.738,976,Georgia
2/28/2014,7.4,2620.757265,517511.9,GA,4.3025,0.07,235.547,17197.738,1039,Georgia
3/31/2014,7.4,3617.614397,517511.9,GA,4.3425,0.08,236.028,17197.738,1067,Georgia
4/30/2014,7.4,2668.011459,517511.9,GA,4.3375,0.09,236.468,17518.508,1090,Georgia
5/31/2014,7.4,3158.140911,517511.9,GA,4.192,0.09,236.918,17518.508,1018,Georgia
6/30/2014,7.3,2586.810317,517511.9,GA,4.1625,0.1,237.231,17518.508,1010,Georgia
7/31/2014,7.2,3358.237305,517511.9,GA,4.13,0.09,237.498,17804.228,1076,Georgia
8/31/2014,7.1,3521.738378,517511.9,GA,4.115,0.09,237.46,17804.228,1047,Georgia
9/30/2014,7,2799.951722,517511.9,GA,4.1625,0.09,237.477,17804.228,1077,Georgia
10/31/2014,6.8,3194.722284,517511.9,GA,4.036,0.09,237.43,17912.079,1094,Georgia
11/30/2014,6.7,2767.480541,517511.9,GA,3.9975,0.09,236.983,17912.079,1059,Georgia
12/31/2014,6.6,4022.611861,517511.9,GA,3.864,0.12,236.252,17912.079,1072,Georgia
1/31/2015,6.5,2939.908951,540108.5,GA,3.67,0.11,234.747,18063.529,1049,Georgia
2/28/2015,6.4,2909.24545,540108.5,GA,3.71,0.11,235.342,18063.529,1127,Georgia
3/31/2015,6.3,3334.850084,540108.5,GA,3.77,0.11,235.976,18063.529,1072,Georgia
4/30/2015,6.2,3689.305609,540108.5,GA,3.672,0.12,236.222,18279.784,1166,Georgia
5/31/2015,6.2,3644.13942,540108.5,GA,3.84,0.12,237.001,18279.784,1272,Georgia
6/30/2015,6.1,4026.374307,540108.5,GA,3.9825,0.13,237.657,18279.784,1379,Georgia
7/31/2015,6,4125.254427,540108.5,GA,4.046,0.13,238.034,18401.626,1140,Georgia
8/31/2015,5.9,3290.129898,540108.5,GA,3.905,0.14,238.033,18401.626,1165,Georgia
9/30/2015,5.8,3256.610549,540108.5,GA,3.89,0.14,237.498,18401.626,1144,Georgia
10/31/2015,5.8,3729.316014,540108.5,GA,3.796,0.12,237.733,18435.137,1160,Georgia
11/30/2015,5.7,4274.627147,540108.5,GA,3.9425,0.12,238.017,18435.137,1244,Georgia
12/31/2015,5.7,3884.732123,540108.5,GA,3.964,0.24,237.761,18435.137,1211,Georgia
1/31/2016,5.7,4037.153494,561718.3,GA,3.8725,0.34,237.652,18525.933,1171,Georgia
2/29/2016,5.6,4680.487838,561718.3,GA,3.66,0.38,237.336,18525.933,1172,Georgia
3/31/2016,5.5,3885.435112,561718.3,GA,3.694,0.36,238.08,18525.933,1118,Georgia
4/30/2016,5.5,4414.136432,561718.3,GA,3.605,0.37,238.992,18711.702,1160,Georgia
5/31/2016,5.4,3685.705424,561718.3,GA,3.6,0.37,239.557,18711.702,1205,Georgia
6/30/2016,5.4,4597.118307,561718.3,GA,3.568,0.38,240.222,18711.702,1208,Georgia
7/31/2016,5.4,3566.582654,561718.3,GA,3.44,0.39,240.101,18892.639,1198,Georgia
8/31/2016,5.4,3904.706639,561718.3,GA,3.435,0.4,240.545,18892.639,1201,Georgia
9/30/2016,5.4,4214.776983,561718.3,GA,3.46,0.4,241.176,18892.639,1303,Georgia
10/31/2016,5.4,4249.111048,561718.3,GA,3.47,0.4,241.741,19089.379,1254,Georgia
11/30/2016,5.4,4301.299152,561718.3,GA,3.77,0.41,242.026,19089.379,1230,Georgia
12/31/2016,5.3,5168.903878,561718.3,GA,4.198,0.54,242.637,19089.379,1248,Georgia
1/31/2017,5.2,4817.099299,583543.3,GA,4.15,0.65,243.618,19280.084,1303,Georgia
2/28/2017,5.1,3920.237791,583543.3,GA,4.1675,0.66,244.006,19280.084,1234,Georgia
3/31/2017,5,4457.80131,583543.3,GA,4.196,0.79,243.892,19280.084,1272,Georgia
4/30/2017,4.9,3576.418753,583543.3,GA,4.045,0.9,244.193,19438.643,1251,Georgia
5/31/2017,4.9,3864.925515,583543.3,GA,4.01,0.91,244.004,19438.643,1208,Georgia
6/30/2017,4.8,4071.521622,583543.3,GA,3.904,1.04,244.163,19438.643,1353,Georgia
7/31/2017,4.7,4238.639083,583543.3,GA,3.9675,1.15,244.243,19692.595,1256,Georgia
8/31/2017,4.6,4907.341513,583543.3,GA,3.88,1.16,245.183,19692.595,1319,Georgia
9/30/2017,4.6,4186.9384,583543.3,GA,3.805,1.15,246.435,19692.595,1273,Georgia
10/31/2017,4.5,3823.924891,583543.3,GA,3.895,1.15,246.626,20037.088,1356,Georgia
11/30/2017,4.4,3813.915296,583543.3,GA,3.922,1.16,247.284,20037.088,1299,Georgia
12/31/2017,4.4,3481.926386,583543.3,GA,3.95,1.3,247.805,20037.088,1311,Georgia
1/31/2018,4.3,5216.61617,600934.7,GA,4.0325,1.41,248.859,20328.553,1317,Georgia
2/28/2018,4.2,3965.796751,600934.7,GA,4.33,1.42,249.529,20328.553,1321,Georgia
3/31/2018,4.2,5187.965934,600934.7,GA,4.444,1.51,249.577,20328.553,1385,Georgia
4/30/2018,4.1,4551.882761,600934.7,GA,4.4675,1.69,250.227,20580.912,1378,Georgia
5/31/2018,4,5334.946502,600934.7,GA,4.586,1.7,250.792,20580.912,1338,Georgia
6/30/2018,4,3605.848145,600934.7,GA,4.57,1.82,251.018,20580.912,1345,Georgia
7/31/2018,3.9,4686.642363,600934.7,GA,4.5275,1.91,251.214,20798.73,1334,Georgia
8/31/2018,3.9,4412.043357,600934.7,GA,4.55,1.91,251.663,20798.73,1273,Georgia
9/30/2018,3.9,4403.802166,600934.7,GA,4.6275,1.95,252.182,20798.73,1314,Georgia
10/31/2018,3.9,5227.607592,600934.7,GA,4.83,2.19,252.772,20917.867,1272,Georgia
11/30/2018,3.9,5928.219336,600934.7,GA,4.866,2.2,252.594,20917.867,1340,Georgia
12/31/2018,3.9,3968.382106,600934.7,GA,4.6375,2.27,252.767,20917.867,1317,Georgia
1/31/2019,3.9,4087.489024,620744.9,GA,4.464,2.4,252.561,21111.6,1254,Georgia
2/28/2019,3.8,4472.466836,620744.9,GA,4.37,2.4,253.319,21111.6,1286,Georgia
3/31/2019,3.7,4086.144616,620744.9,GA,4.265,2.41,254.277,21111.6,1295,Georgia
4/30/2019,3.7,4494.366273,620744.9,GA,4.1425,2.42,255.233,21397.938,1322,Georgia
5/31/2019,3.6,4207.687407,620744.9,GA,4.072,2.39,255.296,21397.938,1347,Georgia
6/30/2019,3.6,3817.60511,620744.9,GA,3.8025,2.38,255.213,21397.938,1299,Georgia
7/31/2019,3.6,4225.724088,620744.9,GA,3.765,2.4,255.802,21717.171,1379,Georgia
8/31/2019,3.5,4187.364752,620744.9,GA,3.616,2.13,256.036,21717.171,1482,Georgia
9/30/2019,3.5,4381.795069,620744.9,GA,3.605,2.04,256.43,21717.171,1469,Georgia
10/31/2019,3.4,5406.959526,620744.9,GA,3.688,1.83,257.155,21933.217,1523,Georgia
11/30/2019,3.4,4030.121522,620744.9,GA,3.695,1.55,257.879,21933.217,1535,Georgia
12/31/2019,3.5,4423.41528,620744.9,GA,3.72,1.55,258.63,21933.217,1443,Georgia
1/31/2020,3.6,4404.63653,603202.5,GA,3.624,1.55,259.127,21751.238,1495,Georgia
2/29/2020,3.6,4280.424502,603202.5,GA,3.465,1.58,259.25,21751.238,1455,Georgia
3/31/2020,3.7,3375.092114,603202.5,GA,3.45,0.65,258.076,21751.238,1346,Georgia
4/30/2020,12.5,3092.741381,603202.5,GA,3.306,0.05,256.032,19958.291,1076,Georgia
5/31/2020,9.8,3825.895432,603202.5,GA,3.2325,0.05,255.802,19958.291,1250,Georgia
6/30/2020,8.4,4140.598221,603202.5,GA,3.1625,0.08,257.042,19958.291,1334,Georgia
7/31/2020,7.7,4635.125091,603202.5,GA,3.016,0.09,258.352,21704.437,1546,Georgia
8/31/2020,6.8,4691.265309,603202.5,GA,2.935,0.1,259.316,21704.437,1533,Georgia
9/30/2020,6.5,5339.51329,603202.5,GA,2.89,0.09,259.997,21704.437,1636,Georgia
10/31/2020,5.6,4854.886771,603202.5,GA,2.834,0.09,260.319,22087.16,1613,Georgia
11/30/2020,5.3,5218.231162,603202.5,GA,2.765,0.09,260.911,22087.16,1703,Georgia
12/31/2020,5.1,5398.903943,603202.5,GA,2.684,0.09,262.045,22087.16,1752,Georgia
1/31/2021,4.9,5271.171252,643748.4,GA,2.735,0.09,262.639,22680.693,1855,Georgia
2/28/2021,4.6,4775.96263,643748.4,GA,2.81,0.08,263.573,22680.693,1711,Georgia
3/31/2021,4.5,5489.244698,643748.4,GA,3.0825,0.07,264.847,22680.693,1756,Georgia
4/30/2021,4.3,5696.692227,643748.4,GA,3.06,0.07,266.625,23425.91,1721,Georgia
5/31/2021,4.1,5289.851809,643748.4,GA,2.9625,0.06,268.404,23425.91,1703,Georgia
6/30/2021,4,5816.450287,643748.4,GA,2.975,0.08,270.71,23425.91,1654,Georgia
7/31/2021,3.8,4803.582484,643748.4,GA,2.868,0.1,271.965,23982.379,1658,Georgia
8/31/2021,3.7,5179.055312,643748.4,GA,2.8425,0.09,272.752,23982.379,1736,Georgia
9/30/2021,3.5,5707.916957,643748.4,GA,2.9,0.08,273.942,23982.379,1640,Georgia
10/31/2021,3.4,4755.942232,643748.4,GA,3.0675,0.08,276.528,24813.6,1707,Georgia
11/30/2021,3.3,5925.503049,643748.4,GA,3.0675,0.08,278.824,24813.6,1765,Georgia
12/31/2021,3.2,6429.420269,643748.4,GA,3.098,0.08,280.806,24813.6,1919,Georgia
1/31/2022,3.1,5198.248273,670107.2,GA,3.445,0.08,282.542,25250.347,1920,Georgia
2/28/2022,3.1,6527.723727,670107.2,GA,3.7625,0.08,284.525,25250.347,1857,Georgia
3/31/2022,3.1,6973.044414,670107.2,GA,4.172,0.2,287.467,25250.347,1868,Georgia
4/30/2022,3.1,6267.86655,670107.2,GA,4.9825,0.33,288.582,25861.292,1859,Georgia
5/31/2022,3.1,5926.584499,670107.2,GA,5.23,0.77,291.299,25861.292,1704,Georgia
6/30/2022,3.1,5514.144519,670107.2,GA,5.522,1.21,295.072,25861.292,1737,Georgia
7/31/2022,3.1,6370.235899,670107.2,GA,5.4125,1.68,294.94,26336.304,1703,Georgia
8/31/2022,3.2,7046.10133,670107.2,GA,5.2225,2.33,295.162,26336.304,1557,Georgia
9/30/2022,3.2,5898.484807,670107.2,GA,6.112,2.56,296.421,26336.304,1600,Georgia
10/31/2022,3.3,6170.726902,670107.2,GA,6.9,3.08,297.979,26770.514,1594,Georgia
11/30/2022,3.3,6344.291203,670107.2,GA,6.805,3.78,298.708,26770.514,1401,Georgia
12/31/2022,3.3,5417.667654,670107.2,GA,6.364,4.1,298.808,26770.514,1410,Georgia
1/31/2023,3.3,5924.804179,679447.2,GA,6.2725,4.33,300.456,27216.445,1410,Georgia
2/28/2023,3.3,5246.352271,679447.2,GA,6.2575,4.57,301.476,27216.445,1618,Georgia
3/31/2023,3.3,4799.765773,679447.2,GA,6.544,4.65,301.643,27216.445,1480,Georgia
4/30/2023,3.2,4740.170186,679447.2,GA,6.3425,4.83,302.858,27530.055,1474,Georgia
5/31/2023,3.2,6916.76552,679447.2,GA,6.425,5.06,303.316,27530.055,1575,Georgia
6/30/2023,3.3,5653.294313,679447.2,GA,6.714,5.08,304.099,27530.055,1464,Georgia
7/31/2023,3.3,5543.79975,679447.2,GA,6.84,5.12,304.615,28074.846,1522,Georgia
8/31/2023,3.3,5399.951496,679447.2,GA,7.072,5.33,306.138,28074.846,1561,Georgia
9/30/2023,3.3,4756.273729,679447.2,GA,7.2,5.33,307.374,28074.846,1537,Georgia
10/31/2023,3.3,5617.788081,679447.2,GA,7.62,5.33,307.653,28424.722,1528,Georgia
11/30/2023,3.3,5173.214364,679447.2,GA,7.442,5.33,308.087,28424.722,1503,Georgia
12/31/2023,3.3,4951.348302,679447.2,GA,6.815,5.33,308.735,28424.722,1519,Georgia
1/31/2024,3.3,5151.757241,697450.9,GA,6.6425,5.33,309.794,28708.161,1545,Georgia
2/29/2024,3.3,5479.3589,697450.9,GA,6.776,5.33,311.022,28708.161,1577,Georgia
3/31/2024,3.4,5748.963138,697450.9,GA,6.82,5.33,312.107,28708.161,1476,Georgia
4/30/2024,3.4,6104.979187,697450.9,GA,6.9925,5.33,313.016,29147.044,1459,Georgia
5/31/2024,3.5,5738.897272,697450.9,GA,7.06,5.33,313.14,29147.044,1407,Georgia
6/30/2024,3.6,5661.34282,697450.9,GA,6.9175,5.33,313.131,29147.044,1461,Georgia
7/31/2024,3.6,5157.329991,697450.9,GA,6.8475,5.33,313.566,29511.664,1436,Georgia
8/31/2024,3.6,5274.424451,697450.9,GA,6.5,5.33,314.131,29511.664,1476,Georgia
9/30/2024,3.6,5331.113769,697450.9,GA,6.18,5.13,314.851,29511.664,1434,Georgia
10/31/2024,3.6,4714.028074,697450.9,GA,6.428,4.83,315.564,29825.182,1428,Georgia
11/30/2024,3.6,4876.772509,697450.9,GA,6.805,4.64,316.449,29825.182,1508,Georgia
12/31/2024,3.6,6762.67311,697450.9,GA,6.715,4.48,317.603,29825.182,1480,Georgia
1/31/2025,3.6,5227.223141,697450.9,GA,6.958,4.33,319.086,30042.113,1460,Georgia
2/28/2025,3.6,5216.58798,697450.9,GA,6.8425,4.33,319.775,30042.113,1454,Georgia
3/31/2025,3.6,4882.80827,697450.9,GA,6.65,4.33,319.615,30042.113,1481,Georgia
4/30/2025,3.6,5287.503745,697450.9,GA,6.725,4.33,320.321,30485.729,1422,Georgia
5/31/2025,3.5,4700.636668,697450.9,GA,6.816,4.33,320.58,30485.729,1394,Georgia
6/30/2025,3.5,4126.553909,697450.9,GA,6.8175,4.33,321.5,30485.729,1393,Georgia
7/31/2025,3.4,5655.687164,697450.9,GA,6.72,4.33,322.132,30485.729,1362,Georgia
8/31/2025,3.4,3866.485081,697450.9,GA,6.5875,4.33,323.364,30485.729,1330,Georgia
9/30/2025,4.4,1258.406926,697450.9,GA,6.3525,4.22,323.364,30485.729,1330,Georgia
1/31/2012,6.4,227.1867093,78694,HI,3.915,0.08,227.842,16068.805,712,Hawaii
2/29/2012,6.3,105.4732366,78694,HI,3.89,0.1,228.329,16068.805,738,Hawaii
3/31/2012,6.3,373.5545519,78694,HI,3.954,0.13,228.807,16068.805,806,Hawaii
4/30/2012,6.2,352.3790756,78694,HI,3.91,0.14,229.187,16207.115,732,Hawaii
5/31/2012,6.1,187.2433645,78694,HI,3.798,0.16,228.713,16207.115,796,Hawaii
6/30/2012,6,396.9805611,78694,HI,3.675,0.16,228.524,16207.115,794,Hawaii
7/31/2012,5.8,315.1318089,78694,HI,3.55,0.16,228.59,16319.541,849,Hawaii
8/31/2012,5.6,183.4719759,78694,HI,3.602,0.13,229.918,16319.541,840,Hawaii
9/30/2012,5.4,213.1229181,78694,HI,3.4975,0.14,231.015,16319.541,930,Hawaii
10/31/2012,5.3,390.3651722,78694,HI,3.3825,0.16,231.638,16420.419,887,Hawaii
11/30/2012,5.2,209.6250753,78694,HI,3.352,0.16,231.249,16420.419,917,Hawaii
12/31/2012,5.1,342.9560223,78694,HI,3.345,0.16,231.221,16420.419,941,Hawaii
1/31/2013,5,529.7135387,80534.9,HI,3.414,0.14,231.679,16648.189,940,Hawaii
2/28/2013,4.9,225.3856169,80534.9,HI,3.5325,0.15,232.937,16648.189,980,Hawaii
3/31/2013,4.8,348.1806341,80534.9,HI,3.565,0.14,232.282,16648.189,936,Hawaii
4/30/2013,4.7,208.647651,80534.9,HI,3.445,0.15,231.797,16728.687,1012,Hawaii
5/31/2013,4.7,245.6566539,80534.9,HI,3.536,0.11,231.893,16728.687,1003,Hawaii
6/30/2013,4.6,167.5339925,80534.9,HI,4.07,0.09,232.445,16728.687,942,Hawaii
7/31/2013,4.6,254.0091896,80534.9,HI,4.37,0.09,232.9,16953.838,997,Hawaii
8/31/2013,4.6,242.9988223,80534.9,HI,4.456,0.08,233.456,16953.838,964,Hawaii
9/30/2013,4.7,760.036608,80534.9,HI,4.49,0.08,233.544,16953.838,1004,Hawaii
10/31/2013,4.7,326.1257865,80534.9,HI,4.192,0.09,233.669,17192.019,1044,Hawaii
11/30/2013,4.7,287.8376629,80534.9,HI,4.255,0.08,234.1,17192.019,1029,Hawaii
12/31/2013,4.6,264.3988885,80534.9,HI,4.4575,0.09,234.719,17192.019,1005,Hawaii
1/31/2014,4.6,162.1337171,81304.9,HI,4.432,0.07,235.288,17197.738,976,Hawaii
2/28/2014,4.5,187.8206629,81304.9,HI,4.3025,0.07,235.547,17197.738,1039,Hawaii
3/31/2014,4.4,152.2542635,81304.9,HI,4.3425,0.08,236.028,17197.738,1067,Hawaii
4/30/2014,4.4,240.2187596,81304.9,HI,4.3375,0.09,236.468,17518.508,1090,Hawaii
5/31/2014,4.3,211.218446,81304.9,HI,4.192,0.09,236.918,17518.508,1018,Hawaii
6/30/2014,4.3,251.7659974,81304.9,HI,4.1625,0.1,237.231,17518.508,1010,Hawaii
7/31/2014,4.2,322.5097664,81304.9,HI,4.13,0.09,237.498,17804.228,1076,Hawaii
8/31/2014,4.1,233.3906694,81304.9,HI,4.115,0.09,237.46,17804.228,1047,Hawaii
9/30/2014,4.1,104.0092629,81304.9,HI,4.1625,0.09,237.477,17804.228,1077,Hawaii
10/31/2014,4,197.9254518,81304.9,HI,4.036,0.09,237.43,17912.079,1094,Hawaii
11/30/2014,3.9,373.445958,81304.9,HI,3.9975,0.09,236.983,17912.079,1059,Hawaii
12/31/2014,3.9,592.4094723,81304.9,HI,3.864,0.12,236.252,17912.079,1072,Hawaii
1/31/2015,3.8,877.7178412,83857.6,HI,3.67,0.11,234.747,18063.529,1049,Hawaii
2/28/2015,3.7,596.7623537,83857.6,HI,3.71,0.11,235.342,18063.529,1127,Hawaii
3/31/2015,3.7,155.9256674,83857.6,HI,3.77,0.11,235.976,18063.529,1072,Hawaii
4/30/2015,3.6,574.5093023,83857.6,HI,3.672,0.12,236.222,18279.784,1166,Hawaii
5/31/2015,3.5,335.7413124,83857.6,HI,3.84,0.12,237.001,18279.784,1272,Hawaii
6/30/2015,3.4,300.0415739,83857.6,HI,3.9825,0.13,237.657,18279.784,1379,Hawaii
7/31/2015,3.3,289.5560189,83857.6,HI,4.046,0.13,238.034,18401.626,1140,Hawaii
8/31/2015,3.3,884.6849998,83857.6,HI,3.905,0.14,238.033,18401.626,1165,Hawaii
9/30/2015,3.2,146.9484688,83857.6,HI,3.89,0.14,237.498,18401.626,1144,Hawaii
10/31/2015,3.2,537.2570482,83857.6,HI,3.796,0.12,237.733,18435.137,1160,Hawaii
11/30/2015,3.2,252.6227632,83857.6,HI,3.9425,0.12,238.017,18435.137,1244,Hawaii
12/31/2015,3.1,540.010749,83857.6,HI,3.964,0.24,237.761,18435.137,1211,Hawaii
1/31/2016,3.1,199.6009719,85670.4,HI,3.8725,0.34,237.652,18525.933,1171,Hawaii
2/29/2016,3.1,313.1404146,85670.4,HI,3.66,0.38,237.336,18525.933,1172,Hawaii
3/31/2016,3,220.964823,85670.4,HI,3.694,0.36,238.08,18525.933,1118,Hawaii
4/30/2016,3,313.8076218,85670.4,HI,3.605,0.37,238.992,18711.702,1160,Hawaii
5/31/2016,3,254.2003489,85670.4,HI,3.6,0.37,239.557,18711.702,1205,Hawaii
6/30/2016,3,634.7862848,85670.4,HI,3.568,0.38,240.222,18711.702,1208,Hawaii
7/31/2016,2.9,303.3389682,85670.4,HI,3.44,0.39,240.101,18892.639,1198,Hawaii
8/31/2016,2.9,265.6041931,85670.4,HI,3.435,0.4,240.545,18892.639,1201,Hawaii
9/30/2016,2.8,285.5175139,85670.4,HI,3.46,0.4,241.176,18892.639,1303,Hawaii
10/31/2016,2.8,150.918451,85670.4,HI,3.47,0.4,241.741,19089.379,1254,Hawaii
11/30/2016,2.7,401.0418769,85670.4,HI,3.77,0.41,242.026,19089.379,1230,Hawaii
12/31/2016,2.6,155.5197197,85670.4,HI,4.198,0.54,242.637,19089.379,1248,Hawaii
1/31/2017,2.6,293.0560738,87436.4,HI,4.15,0.65,243.618,19280.084,1303,Hawaii
2/28/2017,2.5,234.5539518,87436.4,HI,4.1675,0.66,244.006,19280.084,1234,Hawaii
3/31/2017,2.5,325.8637833,87436.4,HI,4.196,0.79,243.892,19280.084,1272,Hawaii
4/30/2017,2.4,197.9703286,87436.4,HI,4.045,0.9,244.193,19438.643,1251,Hawaii
5/31/2017,2.3,417.763223,87436.4,HI,4.01,0.91,244.004,19438.643,1208,Hawaii
6/30/2017,2.2,306.5255241,87436.4,HI,3.904,1.04,244.163,19438.643,1353,Hawaii
7/31/2017,2.2,302.7151347,87436.4,HI,3.9675,1.15,244.243,19692.595,1256,Hawaii
8/31/2017,2.1,296.3500579,87436.4,HI,3.88,1.16,245.183,19692.595,1319,Hawaii
9/30/2017,2,640.165947,87436.4,HI,3.805,1.15,246.435,19692.595,1273,Hawaii
10/31/2017,2,355.3974968,87436.4,HI,3.895,1.15,246.626,20037.088,1356,Hawaii
11/30/2017,2,252.2876515,87436.4,HI,3.922,1.16,247.284,20037.088,1299,Hawaii
12/31/2017,2,253.3229586,87436.4,HI,3.95,1.3,247.805,20037.088,1311,Hawaii
1/31/2018,2.1,261.442742,88836.4,HI,4.0325,1.41,248.859,20328.553,1317,Hawaii
2/28/2018,2.1,806.843621,88836.4,HI,4.33,1.42,249.529,20328.553,1321,Hawaii
3/31/2018,2.2,390.2278601,88836.4,HI,4.444,1.51,249.577,20328.553,1385,Hawaii
4/30/2018,2.2,290.4156714,88836.4,HI,4.4675,1.69,250.227,20580.912,1378,Hawaii
5/31/2018,2.3,385.5689769,88836.4,HI,4.586,1.7,250.792,20580.912,1338,Hawaii
6/30/2018,2.4,413.0147559,88836.4,HI,4.57,1.82,251.018,20580.912,1345,Hawaii
7/31/2018,2.4,295.262445,88836.4,HI,4.5275,1.91,251.214,20798.73,1334,Hawaii
8/31/2018,2.5,364.7154404,88836.4,HI,4.55,1.91,251.663,20798.73,1273,Hawaii
9/30/2018,2.6,361.1993536,88836.4,HI,4.6275,1.95,252.182,20798.73,1314,Hawaii
10/31/2018,2.6,318.420482,88836.4,HI,4.83,2.19,252.772,20917.867,1272,Hawaii
11/30/2018,2.7,279.6936086,88836.4,HI,4.866,2.2,252.594,20917.867,1340,Hawaii
12/31/2018,2.7,190.8694408,88836.4,HI,4.6375,2.27,252.767,20917.867,1317,Hawaii
1/31/2019,2.8,518.0596318,88855.2,HI,4.464,2.4,252.561,21111.6,1254,Hawaii
2/28/2019,2.7,285.824141,88855.2,HI,4.37,2.4,253.319,21111.6,1286,Hawaii
3/31/2019,2.7,265.5357907,88855.2,HI,4.265,2.41,254.277,21111.6,1295,Hawaii
4/30/2019,2.6,172.5702902,88855.2,HI,4.1425,2.42,255.233,21397.938,1322,Hawaii
5/31/2019,2.6,964.3577696,88855.2,HI,4.072,2.39,255.296,21397.938,1347,Hawaii
6/30/2019,2.5,301.181776,88855.2,HI,3.8025,2.38,255.213,21397.938,1299,Hawaii
7/31/2019,2.5,293.5206071,88855.2,HI,3.765,2.4,255.802,21717.171,1379,Hawaii
8/31/2019,2.4,334.6253506,88855.2,HI,3.616,2.13,256.036,21717.171,1482,Hawaii
9/30/2019,2.4,266.2377672,88855.2,HI,3.605,2.04,256.43,21717.171,1469,Hawaii
10/31/2019,2.4,602.626358,88855.2,HI,3.688,1.83,257.155,21933.217,1523,Hawaii
11/30/2019,2.3,172.2378838,88855.2,HI,3.695,1.55,257.879,21933.217,1535,Hawaii
12/31/2019,2.2,320.6084475,88855.2,HI,3.72,1.55,258.63,21933.217,1443,Hawaii
1/31/2020,2.2,177.9849836,79696.8,HI,3.624,1.55,259.127,21751.238,1495,Hawaii
2/29/2020,2.2,214.9857072,79696.8,HI,3.465,1.58,259.25,21751.238,1455,Hawaii
3/31/2020,2.1,354.7778769,79696.8,HI,3.45,0.65,258.076,21751.238,1346,Hawaii
4/30/2020,22.5,279.6448876,79696.8,HI,3.306,0.05,256.032,19958.291,1076,Hawaii
5/31/2020,20.7,283.8600943,79696.8,HI,3.2325,0.05,255.802,19958.291,1250,Hawaii
6/30/2020,17.3,333.7448377,79696.8,HI,3.1625,0.08,257.042,19958.291,1334,Hawaii
7/31/2020,15.6,283.7262699,79696.8,HI,3.016,0.09,258.352,21704.437,1546,Hawaii
8/31/2020,13,306.7479667,79696.8,HI,2.935,0.1,259.316,21704.437,1533,Hawaii
9/30/2020,13.3,106.9001426,79696.8,HI,2.89,0.09,259.997,21704.437,1636,Hawaii
10/31/2020,11.3,334.2753264,79696.8,HI,2.834,0.09,260.319,22087.16,1613,Hawaii
11/30/2020,10.5,353.5271956,79696.8,HI,2.765,0.09,260.911,22087.16,1703,Hawaii
12/31/2020,10.2,383.8562,79696.8,HI,2.684,0.09,262.045,22087.16,1752,Hawaii
1/31/2021,9.5,397.4287174,84532,HI,2.735,0.09,262.639,22680.693,1855,Hawaii
2/28/2021,9.1,348.6706742,84532,HI,2.81,0.08,263.573,22680.693,1711,Hawaii
3/31/2021,8.4,256.9394227,84532,HI,3.0825,0.07,264.847,22680.693,1756,Hawaii
4/30/2021,7.8,339.6247836,84532,HI,3.06,0.07,266.625,23425.91,1721,Hawaii
5/31/2021,6.9,246.0229675,84532,HI,2.9625,0.06,268.404,23425.91,1703,Hawaii
6/30/2021,6.3,220.2267578,84532,HI,2.975,0.08,270.71,23425.91,1654,Hawaii
7/31/2021,5.4,358.3483551,84532,HI,2.868,0.1,271.965,23982.379,1658,Hawaii
8/31/2021,4.7,216.7421063,84532,HI,2.8425,0.09,272.752,23982.379,1736,Hawaii
9/30/2021,3.9,405.3027656,84532,HI,2.9,0.08,273.942,23982.379,1640,Hawaii
10/31/2021,3.3,243.3088622,84532,HI,3.0675,0.08,276.528,24813.6,1707,Hawaii
11/30/2021,3.2,396.6729018,84532,HI,3.0675,0.08,278.824,24813.6,1765,Hawaii
12/31/2021,3.1,286.8291662,84532,HI,3.098,0.08,280.806,24813.6,1919,Hawaii
1/31/2022,3.1,346.6960858,87491.2,HI,3.445,0.08,282.542,25250.347,1920,Hawaii
2/28/2022,3.2,282.0303161,87491.2,HI,3.7625,0.08,284.525,25250.347,1857,Hawaii
3/31/2022,3.2,727.5458468,87491.2,HI,4.172,0.2,287.467,25250.347,1868,Hawaii
4/30/2022,3.3,260.9965006,87491.2,HI,4.9825,0.33,288.582,25861.292,1859,Hawaii
5/31/2022,3.3,211.4346388,87491.2,HI,5.23,0.77,291.299,25861.292,1704,Hawaii
6/30/2022,3.3,243.3963977,87491.2,HI,5.522,1.21,295.072,25861.292,1737,Hawaii
7/31/2022,3.3,262.9740277,87491.2,HI,5.4125,1.68,294.94,26336.304,1703,Hawaii
8/31/2022,3.3,241.7211433,87491.2,HI,5.2225,2.33,295.162,26336.304,1557,Hawaii
9/30/2022,3.3,359.2380777,87491.2,HI,6.112,2.56,296.421,26336.304,1600,Hawaii
10/31/2022,3.3,752.3728849,87491.2,HI,6.9,3.08,297.979,26770.514,1594,Hawaii
11/30/2022,3.3,446.5156292,87491.2,HI,6.805,3.78,298.708,26770.514,1401,Hawaii
12/31/2022,3.2,194.6669786,87491.2,HI,6.364,4.1,298.808,26770.514,1410,Hawaii
1/31/2023,3.1,198.1987397,89642.2,HI,6.2725,4.33,300.456,27216.445,1410,Hawaii
2/28/2023,3,243.1962203,89642.2,HI,6.2575,4.57,301.476,27216.445,1618,Hawaii
3/31/2023,3,304.2430074,89642.2,HI,6.544,4.65,301.643,27216.445,1480,Hawaii
4/30/2023,2.9,376.2910553,89642.2,HI,6.3425,4.83,302.858,27530.055,1474,Hawaii
5/31/2023,2.8,250.343027,89642.2,HI,6.425,5.06,303.316,27530.055,1575,Hawaii
6/30/2023,2.8,329.386754,89642.2,HI,6.714,5.08,304.099,27530.055,1464,Hawaii
7/31/2023,2.8,328.647597,89642.2,HI,6.84,5.12,304.615,28074.846,1522,Hawaii
8/31/2023,2.9,417.3551395,89642.2,HI,7.072,5.33,306.138,28074.846,1561,Hawaii
9/30/2023,2.9,299.238989,89642.2,HI,7.2,5.33,307.374,28074.846,1537,Hawaii
10/31/2023,2.9,315.0716579,89642.2,HI,7.62,5.33,307.653,28424.722,1528,Hawaii
11/30/2023,3,293.398491,89642.2,HI,7.442,5.33,308.087,28424.722,1503,Hawaii
12/31/2023,3,345.9606353,89642.2,HI,6.815,5.33,308.735,28424.722,1519,Hawaii
1/31/2024,2.9,336.8590407,91878,HI,6.6425,5.33,309.794,28708.161,1545,Hawaii
2/29/2024,2.9,460.0310631,91878,HI,6.776,5.33,311.022,28708.161,1577,Hawaii
3/31/2024,2.9,320.8122013,91878,HI,6.82,5.33,312.107,28708.161,1476,Hawaii
4/30/2024,2.9,287.5642174,91878,HI,6.9925,5.33,313.016,29147.044,1459,Hawaii
5/31/2024,2.9,342.0888087,91878,HI,7.06,5.33,313.14,29147.044,1407,Hawaii
6/30/2024,2.9,329.3520041,91878,HI,6.9175,5.33,313.131,29147.044,1461,Hawaii
7/31/2024,3,293.8638553,91878,HI,6.8475,5.33,313.566,29511.664,1436,Hawaii
8/31/2024,3,274.5725316,91878,HI,6.5,5.33,314.131,29511.664,1476,Hawaii
9/30/2024,3,185.2082415,91878,HI,6.18,5.13,314.851,29511.664,1434,Hawaii
10/31/2024,3,296.5377041,91878,HI,6.428,4.83,315.564,29825.182,1428,Hawaii
11/30/2024,3,338.2476914,91878,HI,6.805,4.64,316.449,29825.182,1508,Hawaii
12/31/2024,3,317.0796914,91878,HI,6.715,4.48,317.603,29825.182,1480,Hawaii
1/31/2025,3,389.4043888,91878,HI,6.958,4.33,319.086,30042.113,1460,Hawaii
2/28/2025,3,288.2960807,91878,HI,6.8425,4.33,319.775,30042.113,1454,Hawaii
3/31/2025,2.9,309.1742755,91878,HI,6.65,4.33,319.615,30042.113,1481,Hawaii
4/30/2025,2.9,366.4278882,91878,HI,6.725,4.33,320.321,30485.729,1422,Hawaii
5/31/2025,2.8,398.1227221,91878,HI,6.816,4.33,320.58,30485.729,1394,Hawaii
6/30/2025,2.8,271.1709342,91878,HI,6.8175,4.33,321.5,30485.729,1393,Hawaii
7/31/2025,2.7,329.4633292,91878,HI,6.72,4.33,322.132,30485.729,1362,Hawaii
8/31/2025,2.7,352.5033909,91878,HI,6.5875,4.33,323.364,30485.729,1330,Hawaii
9/30/2025,4.4,1258.406926,91878,HI,6.3525,4.22,323.364,30485.729,1330,Hawaii
1/31/2012,7.8,505.5708636,62007.3,ID,3.915,0.08,227.842,16068.805,712,Idaho
2/29/2012,7.8,436.197115,62007.3,ID,3.89,0.1,228.329,16068.805,738,Idaho
3/31/2012,7.7,472.6622267,62007.3,ID,3.954,0.13,228.807,16068.805,806,Idaho
4/30/2012,7.6,563.9044696,62007.3,ID,3.91,0.14,229.187,16207.115,732,Idaho
5/31/2012,7.7,572.8875266,62007.3,ID,3.798,0.16,228.713,16207.115,796,Idaho
6/30/2012,7.7,488.1328513,62007.3,ID,3.675,0.16,228.524,16207.115,794,Idaho
7/31/2012,7.6,626.7317872,62007.3,ID,3.55,0.16,228.59,16319.541,849,Idaho
8/31/2012,7.5,669.8380646,62007.3,ID,3.602,0.13,229.918,16319.541,840,Idaho
9/30/2012,7.3,508.2825081,62007.3,ID,3.4975,0.14,231.015,16319.541,930,Idaho
10/31/2012,7.3,529.990812,62007.3,ID,3.3825,0.16,231.638,16420.419,887,Idaho
11/30/2012,7.1,665.9525824,62007.3,ID,3.352,0.16,231.249,16420.419,917,Idaho
12/31/2012,7.2,577.5546322,62007.3,ID,3.345,0.16,231.221,16420.419,941,Idaho
1/31/2013,7.2,559.7050355,64769.8,ID,3.414,0.14,231.679,16648.189,940,Idaho
2/28/2013,7.1,665.6972002,64769.8,ID,3.5325,0.15,232.937,16648.189,980,Idaho
3/31/2013,7,582.6759381,64769.8,ID,3.565,0.14,232.282,16648.189,936,Idaho
4/30/2013,7,650.4900126,64769.8,ID,3.445,0.15,231.797,16728.687,1012,Idaho
5/31/2013,7,722.6394827,64769.8,ID,3.536,0.11,231.893,16728.687,1003,Idaho
6/30/2013,7.1,695.0916242,64769.8,ID,4.07,0.09,232.445,16728.687,942,Idaho
7/31/2013,7.1,729.7254702,64769.8,ID,4.37,0.09,232.9,16953.838,997,Idaho
8/31/2013,7,642.7365808,64769.8,ID,4.456,0.08,233.456,16953.838,964,Idaho
9/30/2013,7,766.7489737,64769.8,ID,4.49,0.08,233.544,16953.838,1004,Idaho
10/31/2013,6.9,877.6516928,64769.8,ID,4.192,0.09,233.669,17192.019,1044,Idaho
11/30/2013,6.4,712.5653789,64769.8,ID,4.255,0.08,234.1,17192.019,1029,Idaho
12/31/2013,6,903.7345491,64769.8,ID,4.4575,0.09,234.719,17192.019,1005,Idaho
1/31/2014,5.6,722.8945187,66784.9,ID,4.432,0.07,235.288,17197.738,976,Idaho
2/28/2014,5.3,764.3434264,66784.9,ID,4.3025,0.07,235.547,17197.738,1039,Idaho
3/31/2014,5,854.2056372,66784.9,ID,4.3425,0.08,236.028,17197.738,1067,Idaho
4/30/2014,4.6,720.2627701,66784.9,ID,4.3375,0.09,236.468,17518.508,1090,Idaho
5/31/2014,4.5,776.2989918,66784.9,ID,4.192,0.09,236.918,17518.508,1018,Idaho
6/30/2014,4,721.6869539,66784.9,ID,4.1625,0.1,237.231,17518.508,1010,Idaho
7/31/2014,4,624.6219551,66784.9,ID,4.13,0.09,237.498,17804.228,1076,Idaho
8/31/2014,4.1,704.9387661,66784.9,ID,4.115,0.09,237.46,17804.228,1047,Idaho
9/30/2014,4,740.0297396,66784.9,ID,4.1625,0.09,237.477,17804.228,1077,Idaho
10/31/2014,4,934.326804,66784.9,ID,4.036,0.09,237.43,17912.079,1094,Idaho
11/30/2014,3.9,648.8707801,66784.9,ID,3.9975,0.09,236.983,17912.079,1059,Idaho
12/31/2014,3.9,933.5898794,66784.9,ID,3.864,0.12,236.252,17912.079,1072,Idaho
1/31/2015,3.9,707.7081297,67790.5,ID,3.67,0.11,234.747,18063.529,1049,Idaho
2/28/2015,3.9,720.0074365,67790.5,ID,3.71,0.11,235.342,18063.529,1127,Idaho
3/31/2015,3.9,719.6282645,67790.5,ID,3.77,0.11,235.976,18063.529,1072,Idaho
4/30/2015,3.9,1031.228237,67790.5,ID,3.672,0.12,236.222,18279.784,1166,Idaho
5/31/2015,4,703.9540296,67790.5,ID,3.84,0.12,237.001,18279.784,1272,Idaho
6/30/2015,4,746.8921296,67790.5,ID,3.9825,0.13,237.657,18279.784,1379,Idaho
7/31/2015,3.9,823.3484862,67790.5,ID,4.046,0.13,238.034,18401.626,1140,Idaho
8/31/2015,3.9,724.327325,67790.5,ID,3.905,0.14,238.033,18401.626,1165,Idaho
9/30/2015,3.9,850.3280971,67790.5,ID,3.89,0.14,237.498,18401.626,1144,Idaho
10/31/2015,3.9,738.2802458,67790.5,ID,3.796,0.12,237.733,18435.137,1160,Idaho
11/30/2015,3.9,853.4844677,67790.5,ID,3.9425,0.12,238.017,18435.137,1244,Idaho
12/31/2015,3.8,698.9063152,67790.5,ID,3.964,0.24,237.761,18435.137,1211,Idaho
1/31/2016,3.8,1104.741873,70442.5,ID,3.8725,0.34,237.652,18525.933,1171,Idaho
2/29/2016,3.8,927.9912479,70442.5,ID,3.66,0.38,237.336,18525.933,1172,Idaho
3/31/2016,3.8,894.4048054,70442.5,ID,3.694,0.36,238.08,18525.933,1118,Idaho
4/30/2016,3.8,982.389166,70442.5,ID,3.605,0.37,238.992,18711.702,1160,Idaho
5/31/2016,3.7,1075.389671,70442.5,ID,3.6,0.37,239.557,18711.702,1205,Idaho
6/30/2016,3.7,902.3190777,70442.5,ID,3.568,0.38,240.222,18711.702,1208,Idaho
7/31/2016,3.7,1001.223665,70442.5,ID,3.44,0.39,240.101,18892.639,1198,Idaho
8/31/2016,3.7,1044.733985,70442.5,ID,3.435,0.4,240.545,18892.639,1201,Idaho
9/30/2016,3.7,827.7767711,70442.5,ID,3.46,0.4,241.176,18892.639,1303,Idaho
10/31/2016,3.7,869.2480926,70442.5,ID,3.47,0.4,241.741,19089.379,1254,Idaho
11/30/2016,3.6,1013.248322,70442.5,ID,3.77,0.41,242.026,19089.379,1230,Idaho
12/31/2016,3.5,894.8048784,70442.5,ID,4.198,0.54,242.637,19089.379,1248,Idaho
1/31/2017,3.5,613.297007,72935.1,ID,4.15,0.65,243.618,19280.084,1303,Idaho
2/28/2017,3.4,947.8307294,72935.1,ID,4.1675,0.66,244.006,19280.084,1234,Idaho
3/31/2017,3.3,992.9348223,72935.1,ID,4.196,0.79,243.892,19280.084,1272,Idaho
4/30/2017,3.2,1138.989773,72935.1,ID,4.045,0.9,244.193,19438.643,1251,Idaho
5/31/2017,3.1,1057.307529,72935.1,ID,4.01,0.91,244.004,19438.643,1208,Idaho
6/30/2017,3.1,1209.084492,72935.1,ID,3.904,1.04,244.163,19438.643,1353,Idaho
7/31/2017,3.1,849.2973591,72935.1,ID,3.9675,1.15,244.243,19692.595,1256,Idaho
8/31/2017,3.1,1409.633887,72935.1,ID,3.88,1.16,245.183,19692.595,1319,Idaho
9/30/2017,3.1,1183.582949,72935.1,ID,3.805,1.15,246.435,19692.595,1273,Idaho
10/31/2017,3.1,1364.476433,72935.1,ID,3.895,1.15,246.626,20037.088,1356,Idaho
11/30/2017,3.1,1167.534843,72935.1,ID,3.922,1.16,247.284,20037.088,1299,Idaho
12/31/2017,3.1,1097.642917,72935.1,ID,3.95,1.3,247.805,20037.088,1311,Idaho
1/31/2018,3,1292.722488,77652.1,ID,4.0325,1.41,248.859,20328.553,1317,Idaho
2/28/2018,2.9,1382.823607,77652.1,ID,4.33,1.42,249.529,20328.553,1321,Idaho
3/31/2018,2.9,1417.511111,77652.1,ID,4.444,1.51,249.577,20328.553,1385,Idaho
4/30/2018,2.8,1104.281602,77652.1,ID,4.4675,1.69,250.227,20580.912,1378,Idaho
5/31/2018,2.8,1111.24366,77652.1,ID,4.586,1.7,250.792,20580.912,1338,Idaho
6/30/2018,2.8,1202.097619,77652.1,ID,4.57,1.82,251.018,20580.912,1345,Idaho
7/31/2018,2.8,1113.37154,77652.1,ID,4.5275,1.91,251.214,20798.73,1334,Idaho
8/31/2018,2.8,1171.123732,77652.1,ID,4.55,1.91,251.663,20798.73,1273,Idaho
9/30/2018,2.8,1386.056414,77652.1,ID,4.6275,1.95,252.182,20798.73,1314,Idaho
10/31/2018,2.9,1265.714476,77652.1,ID,4.83,2.19,252.772,20917.867,1272,Idaho
11/30/2018,3,1253.636258,77652.1,ID,4.866,2.2,252.594,20917.867,1340,Idaho
12/31/2018,3,1213.643592,77652.1,ID,4.6375,2.27,252.767,20917.867,1317,Idaho
1/31/2019,3,1212.606129,81144.3,ID,4.464,2.4,252.561,21111.6,1254,Idaho
2/28/2019,3,880.3111299,81144.3,ID,4.37,2.4,253.319,21111.6,1286,Idaho
3/31/2019,2.9,1041.847377,81144.3,ID,4.265,2.41,254.277,21111.6,1295,Idaho
4/30/2019,2.9,1381.597631,81144.3,ID,4.1425,2.42,255.233,21397.938,1322,Idaho
5/31/2019,2.8,1532.713774,81144.3,ID,4.072,2.39,255.296,21397.938,1347,Idaho
6/30/2019,2.8,1031.751776,81144.3,ID,3.8025,2.38,255.213,21397.938,1299,Idaho
7/31/2019,2.9,1581.648785,81144.3,ID,3.765,2.4,255.802,21717.171,1379,Idaho
8/31/2019,2.9,1528.021443,81144.3,ID,3.616,2.13,256.036,21717.171,1482,Idaho
9/30/2019,2.9,1157.890487,81144.3,ID,3.605,2.04,256.43,21717.171,1469,Idaho
10/31/2019,2.9,1553.450456,81144.3,ID,3.688,1.83,257.155,21933.217,1523,Idaho
11/30/2019,2.8,1535.17397,81144.3,ID,3.695,1.55,257.879,21933.217,1535,Idaho
12/31/2019,2.8,1538.13673,81144.3,ID,3.72,1.55,258.63,21933.217,1443,Idaho
1/31/2020,2.8,1917.818441,82711.6,ID,3.624,1.55,259.127,21751.238,1495,Idaho
2/29/2020,2.8,1390.461708,82711.6,ID,3.465,1.58,259.25,21751.238,1455,Idaho
3/31/2020,2.8,1248.275853,82711.6,ID,3.45,0.65,258.076,21751.238,1346,Idaho
4/30/2020,11.8,1062.92414,82711.6,ID,3.306,0.05,256.032,19958.291,1076,Idaho
5/31/2020,9.1,1125.189238,82711.6,ID,3.2325,0.05,255.802,19958.291,1250,Idaho
6/30/2020,7.5,1206.48749,82711.6,ID,3.1625,0.08,257.042,19958.291,1334,Idaho
7/31/2020,6.6,1350.150908,82711.6,ID,3.016,0.09,258.352,21704.437,1546,Idaho
8/31/2020,5.4,1282.30476,82711.6,ID,2.935,0.1,259.316,21704.437,1533,Idaho
9/30/2020,5,1512.293104,82711.6,ID,2.89,0.09,259.997,21704.437,1636,Idaho
10/31/2020,4.4,1482.840168,82711.6,ID,2.834,0.09,260.319,22087.16,1613,Idaho
11/30/2020,4.2,1668.802003,82711.6,ID,2.765,0.09,260.911,22087.16,1703,Idaho
12/31/2020,4.2,1952.428996,82711.6,ID,2.684,0.09,262.045,22087.16,1752,Idaho
1/31/2021,4.1,1828.427924,88955.2,ID,2.735,0.09,262.639,22680.693,1855,Idaho
2/28/2021,4.1,1601.562721,88955.2,ID,2.81,0.08,263.573,22680.693,1711,Idaho
3/31/2021,4,1846.343114,88955.2,ID,3.0825,0.07,264.847,22680.693,1756,Idaho
4/30/2021,3.9,1690.276557,88955.2,ID,3.06,0.07,266.625,23425.91,1721,Idaho
5/31/2021,3.8,1308.027698,88955.2,ID,2.9625,0.06,268.404,23425.91,1703,Idaho
6/30/2021,3.7,1620.757091,88955.2,ID,2.975,0.08,270.71,23425.91,1654,Idaho
7/31/2021,3.5,1491.453815,88955.2,ID,2.868,0.1,271.965,23982.379,1658,Idaho
8/31/2021,3.4,1478.323829,88955.2,ID,2.8425,0.09,272.752,23982.379,1736,Idaho
9/30/2021,3.3,1582.537932,88955.2,ID,2.9,0.08,273.942,23982.379,1640,Idaho
10/31/2021,3.2,1674.340474,88955.2,ID,3.0675,0.08,276.528,24813.6,1707,Idaho
11/30/2021,3,1571.399977,88955.2,ID,3.0675,0.08,278.824,24813.6,1765,Idaho
12/31/2021,2.9,1728.680419,88955.2,ID,3.098,0.08,280.806,24813.6,1919,Idaho
1/31/2022,2.8,1685.100764,92792.5,ID,3.445,0.08,282.542,25250.347,1920,Idaho
2/28/2022,2.8,2029.797612,92792.5,ID,3.7625,0.08,284.525,25250.347,1857,Idaho
3/31/2022,2.7,2253.703328,92792.5,ID,4.172,0.2,287.467,25250.347,1868,Idaho
4/30/2022,2.7,1901.908111,92792.5,ID,4.9825,0.33,288.582,25861.292,1859,Idaho
5/31/2022,2.8,1881.807875,92792.5,ID,5.23,0.77,291.299,25861.292,1704,Idaho
6/30/2022,2.8,1844.100118,92792.5,ID,5.522,1.21,295.072,25861.292,1737,Idaho
7/31/2022,2.9,1486.138066,92792.5,ID,5.4125,1.68,294.94,26336.304,1703,Idaho
8/31/2022,3,1464.966121,92792.5,ID,5.2225,2.33,295.162,26336.304,1557,Idaho
9/30/2022,3,1051.320657,92792.5,ID,6.112,2.56,296.421,26336.304,1600,Idaho
10/31/2022,3,1069.805682,92792.5,ID,6.9,3.08,297.979,26770.514,1594,Idaho
11/30/2022,3,1381.570181,92792.5,ID,6.805,3.78,298.708,26770.514,1401,Idaho
12/31/2022,3,767.9455905,92792.5,ID,6.364,4.1,298.808,26770.514,1410,Idaho
1/31/2023,3,1242.559865,95286.5,ID,6.2725,4.33,300.456,27216.445,1410,Idaho
2/28/2023,3,1201.080719,95286.5,ID,6.2575,4.57,301.476,27216.445,1618,Idaho
3/31/2023,3,1161.169044,95286.5,ID,6.544,4.65,301.643,27216.445,1480,Idaho
4/30/2023,3,1341.658572,95286.5,ID,6.3425,4.83,302.858,27530.055,1474,Idaho
5/31/2023,3.1,1524.513692,95286.5,ID,6.425,5.06,303.316,27530.055,1575,Idaho
6/30/2023,3.2,1476.378137,95286.5,ID,6.714,5.08,304.099,27530.055,1464,Idaho
7/31/2023,3.2,1598.791394,95286.5,ID,6.84,5.12,304.615,28074.846,1522,Idaho
8/31/2023,3.3,1738.454272,95286.5,ID,7.072,5.33,306.138,28074.846,1561,Idaho
9/30/2023,3.4,1857.948082,95286.5,ID,7.2,5.33,307.374,28074.846,1537,Idaho
10/31/2023,3.4,1630.56276,95286.5,ID,7.62,5.33,307.653,28424.722,1528,Idaho
11/30/2023,3.4,1732.611463,95286.5,ID,7.442,5.33,308.087,28424.722,1503,Idaho
12/31/2023,3.4,1724.268442,95286.5,ID,6.815,5.33,308.735,28424.722,1519,Idaho
1/31/2024,3.4,1479.582014,99567.3,ID,6.6425,5.33,309.794,28708.161,1545,Idaho
2/29/2024,3.5,1423.66398,99567.3,ID,6.776,5.33,311.022,28708.161,1577,Idaho
3/31/2024,3.5,1296.452592,99567.3,ID,6.82,5.33,312.107,28708.161,1476,Idaho
4/30/2024,3.6,1388.182875,99567.3,ID,6.9925,5.33,313.016,29147.044,1459,Idaho
5/31/2024,3.6,1518.553026,99567.3,ID,7.06,5.33,313.14,29147.044,1407,Idaho
6/30/2024,3.7,1259.520397,99567.3,ID,6.9175,5.33,313.131,29147.044,1461,Idaho
7/31/2024,3.7,1448.278075,99567.3,ID,6.8475,5.33,313.566,29511.664,1436,Idaho
8/31/2024,3.7,1484.850978,99567.3,ID,6.5,5.33,314.131,29511.664,1476,Idaho
9/30/2024,3.8,1503.230717,99567.3,ID,6.18,5.13,314.851,29511.664,1434,Idaho
10/31/2024,3.8,1691.762807,99567.3,ID,6.428,4.83,315.564,29825.182,1428,Idaho
11/30/2024,3.8,1542.774368,99567.3,ID,6.805,4.64,316.449,29825.182,1508,Idaho
12/31/2024,3.8,1473.506772,99567.3,ID,6.715,4.48,317.603,29825.182,1480,Idaho
1/31/2025,3.8,1561.89965,99567.3,ID,6.958,4.33,319.086,30042.113,1460,Idaho
2/28/2025,3.7,1258.435201,99567.3,ID,6.8425,4.33,319.775,30042.113,1454,Idaho
3/31/2025,3.7,1731.997037,99567.3,ID,6.65,4.33,319.615,30042.113,1481,Idaho
4/30/2025,3.7,1716.592595,99567.3,ID,6.725,4.33,320.321,30485.729,1422,Idaho
5/31/2025,3.6,1393.68348,99567.3,ID,6.816,4.33,320.58,30485.729,1394,Idaho
6/30/2025,3.6,1553.660746,99567.3,ID,6.8175,4.33,321.5,30485.729,1393,Idaho
7/31/2025,3.7,1461.469251,99567.3,ID,6.72,4.33,322.132,30485.729,1362,Idaho
8/31/2025,3.7,1308.089229,99567.3,ID,6.5875,4.33,323.364,30485.729,1330,Idaho
9/30/2025,4.4,1258.406926,99567.3,ID,6.3525,4.22,323.364,30485.729,1330,Idaho
1/31/2012,9.3,1097.638653,790723.3,IL,3.915,0.08,227.842,16068.805,712,Illinois
2/29/2012,9.1,1036.126308,790723.3,IL,3.89,0.1,228.329,16068.805,738,Illinois
3/31/2012,9,1408.898214,790723.3,IL,3.954,0.13,228.807,16068.805,806,Illinois
4/30/2012,9,825.4392122,790723.3,IL,3.91,0.14,229.187,16207.115,732,Illinois
5/31/2012,9,935.8953857,790723.3,IL,3.798,0.16,228.713,16207.115,796,Illinois
6/30/2012,9,911.6192647,790723.3,IL,3.675,0.16,228.524,16207.115,794,Illinois
7/31/2012,9,1046.840647,790723.3,IL,3.55,0.16,228.59,16319.541,849,Illinois
8/31/2012,9,1323.125041,790723.3,IL,3.602,0.13,229.918,16319.541,840,Illinois
9/30/2012,8.9,1417.973917,790723.3,IL,3.4975,0.14,231.015,16319.541,930,Illinois
10/31/2012,9,1162.680613,790723.3,IL,3.3825,0.16,231.638,16420.419,887,Illinois
11/30/2012,9,1353.427518,790723.3,IL,3.352,0.16,231.249,16420.419,917,Illinois
12/31/2012,9.1,1006.416369,790723.3,IL,3.345,0.16,231.221,16420.419,941,Illinois
1/31/2013,9.2,1300.280062,795435.2,IL,3.414,0.14,231.679,16648.189,940,Illinois
2/28/2013,9.3,1205.244726,795435.2,IL,3.5325,0.15,232.937,16648.189,980,Illinois
3/31/2013,9.3,1207.770839,795435.2,IL,3.565,0.14,232.282,16648.189,936,Illinois
4/30/2013,9.3,1226.246207,795435.2,IL,3.445,0.15,231.797,16728.687,1012,Illinois
5/31/2013,9.2,1412.058462,795435.2,IL,3.536,0.11,231.893,16728.687,1003,Illinois
6/30/2013,9.2,1103.342707,795435.2,IL,4.07,0.09,232.445,16728.687,942,Illinois
7/31/2013,9.2,1211.637721,795435.2,IL,4.37,0.09,232.9,16953.838,997,Illinois
8/31/2013,9.1,1154.089552,795435.2,IL,4.456,0.08,233.456,16953.838,964,Illinois
9/30/2013,9,2421.379379,795435.2,IL,4.49,0.08,233.544,16953.838,1004,Illinois
10/31/2013,8.9,1579.694098,795435.2,IL,4.192,0.09,233.669,17192.019,1044,Illinois
11/30/2013,8.7,1582.104562,795435.2,IL,4.255,0.08,234.1,17192.019,1029,Illinois
12/31/2013,8.5,1216.913535,795435.2,IL,4.4575,0.09,234.719,17192.019,1005,Illinois
1/31/2014,8.3,1421.824558,811490.1,IL,4.432,0.07,235.288,17197.738,976,Illinois
2/28/2014,8.1,1296.722538,811490.1,IL,4.3025,0.07,235.547,17197.738,1039,Illinois
3/31/2014,7.9,1640.257574,811490.1,IL,4.3425,0.08,236.028,17197.738,1067,Illinois
4/30/2014,7.6,2088.29723,811490.1,IL,4.3375,0.09,236.468,17518.508,1090,Illinois
5/31/2014,7.4,1766.14726,811490.1,IL,4.192,0.09,236.918,17518.508,1018,Illinois
6/30/2014,7.2,1958.156906,811490.1,IL,4.1625,0.1,237.231,17518.508,1010,Illinois
7/31/2014,7,2182.719992,811490.1,IL,4.13,0.09,237.498,17804.228,1076,Illinois
8/31/2014,6.8,1354.709455,811490.1,IL,4.115,0.09,237.46,17804.228,1047,Illinois
9/30/2014,6.6,1349.270686,811490.1,IL,4.1625,0.09,237.477,17804.228,1077,Illinois
10/31/2014,6.5,1743.17727,811490.1,IL,4.036,0.09,237.43,17912.079,1094,Illinois
11/30/2014,6.3,980.9037643,811490.1,IL,3.9975,0.09,236.983,17912.079,1059,Illinois
12/31/2014,6.2,2035.902777,811490.1,IL,3.864,0.12,236.252,17912.079,1072,Illinois
1/31/2015,6.1,1316.772027,825424.9,IL,3.67,0.11,234.747,18063.529,1049,Illinois
2/28/2015,6.1,2032.832533,825424.9,IL,3.71,0.11,235.342,18063.529,1127,Illinois
3/31/2015,6,1315.863773,825424.9,IL,3.77,0.11,235.976,18063.529,1072,Illinois
4/30/2015,6,1592.359669,825424.9,IL,3.672,0.12,236.222,18279.784,1166,Illinois
5/31/2015,6,1567.99688,825424.9,IL,3.84,0.12,237.001,18279.784,1272,Illinois
6/30/2015,6,2141.050618,825424.9,IL,3.9825,0.13,237.657,18279.784,1379,Illinois
7/31/2015,5.9,1514.855534,825424.9,IL,4.046,0.13,238.034,18401.626,1140,Illinois
8/31/2015,5.9,1905.269623,825424.9,IL,3.905,0.14,238.033,18401.626,1165,Illinois
9/30/2015,5.9,1437.24764,825424.9,IL,3.89,0.14,237.498,18401.626,1144,Illinois
10/31/2015,5.9,1319.108145,825424.9,IL,3.796,0.12,237.733,18435.137,1160,Illinois
11/30/2015,6,2338.00105,825424.9,IL,3.9425,0.12,238.017,18435.137,1244,Illinois
12/31/2015,6.1,1631.252736,825424.9,IL,3.964,0.24,237.761,18435.137,1211,Illinois
1/31/2016,6.2,2628.853213,826404.7,IL,3.8725,0.34,237.652,18525.933,1171,Illinois
2/29/2016,6.2,1541.343226,826404.7,IL,3.66,0.38,237.336,18525.933,1172,Illinois
3/31/2016,6.2,2216.098992,826404.7,IL,3.694,0.36,238.08,18525.933,1118,Illinois
4/30/2016,6.1,826.8716073,826404.7,IL,3.605,0.37,238.992,18711.702,1160,Illinois
5/31/2016,6,1884.219758,826404.7,IL,3.6,0.37,239.557,18711.702,1205,Illinois
6/30/2016,5.9,1356.399903,826404.7,IL,3.568,0.38,240.222,18711.702,1208,Illinois
7/31/2016,5.8,2114.105188,826404.7,IL,3.44,0.39,240.101,18892.639,1198,Illinois
8/31/2016,5.8,1732.769505,826404.7,IL,3.435,0.4,240.545,18892.639,1201,Illinois
9/30/2016,5.7,2106.279865,826404.7,IL,3.46,0.4,241.176,18892.639,1303,Illinois
10/31/2016,5.7,3109.400839,826404.7,IL,3.47,0.4,241.741,19089.379,1254,Illinois
11/30/2016,5.6,1171.825237,826404.7,IL,3.77,0.41,242.026,19089.379,1230,Illinois
12/31/2016,5.4,1509.408434,826404.7,IL,4.198,0.54,242.637,19089.379,1248,Illinois
1/31/2017,5.3,1514.341545,832826.8,IL,4.15,0.65,243.618,19280.084,1303,Illinois
2/28/2017,5.1,2262.375589,832826.8,IL,4.1675,0.66,244.006,19280.084,1234,Illinois
3/31/2017,5,1433.911177,832826.8,IL,4.196,0.79,243.892,19280.084,1272,Illinois
4/30/2017,5,2436.28672,832826.8,IL,4.045,0.9,244.193,19438.643,1251,Illinois
5/31/2017,4.9,1432.582766,832826.8,IL,4.01,0.91,244.004,19438.643,1208,Illinois
6/30/2017,4.9,3426.876221,832826.8,IL,3.904,1.04,244.163,19438.643,1353,Illinois
7/31/2017,5,1335.774403,832826.8,IL,3.9675,1.15,244.243,19692.595,1256,Illinois
8/31/2017,5,2108.26556,832826.8,IL,3.88,1.16,245.183,19692.595,1319,Illinois
9/30/2017,4.9,1823.210051,832826.8,IL,3.805,1.15,246.435,19692.595,1273,Illinois
10/31/2017,4.9,1897.569821,832826.8,IL,3.895,1.15,246.626,20037.088,1356,Illinois
11/30/2017,4.8,1681.505622,832826.8,IL,3.922,1.16,247.284,20037.088,1299,Illinois
12/31/2017,4.7,2129.956259,832826.8,IL,3.95,1.3,247.805,20037.088,1311,Illinois
1/31/2018,4.5,1450.241396,851517.2,IL,4.0325,1.41,248.859,20328.553,1317,Illinois
2/28/2018,4.4,1380.049007,851517.2,IL,4.33,1.42,249.529,20328.553,1321,Illinois
3/31/2018,4.4,1986.683964,851517.2,IL,4.444,1.51,249.577,20328.553,1385,Illinois
4/30/2018,4.3,1608.306394,851517.2,IL,4.4675,1.69,250.227,20580.912,1378,Illinois
5/31/2018,4.3,2963.808616,851517.2,IL,4.586,1.7,250.792,20580.912,1338,Illinois
6/30/2018,4.3,1892.079784,851517.2,IL,4.57,1.82,251.018,20580.912,1345,Illinois
7/31/2018,4.3,1500.328605,851517.2,IL,4.5275,1.91,251.214,20798.73,1334,Illinois
8/31/2018,4.3,1804.349903,851517.2,IL,4.55,1.91,251.663,20798.73,1273,Illinois
9/30/2018,4.4,2278.957335,851517.2,IL,4.6275,1.95,252.182,20798.73,1314,Illinois
10/31/2018,4.4,1918.73185,851517.2,IL,4.83,2.19,252.772,20917.867,1272,Illinois
11/30/2018,4.5,2344.803532,851517.2,IL,4.866,2.2,252.594,20917.867,1340,Illinois
12/31/2018,4.6,1412.522363,851517.2,IL,4.6375,2.27,252.767,20917.867,1317,Illinois
1/31/2019,4.6,1942.768814,858018.3,IL,4.464,2.4,252.561,21111.6,1254,Illinois
2/28/2019,4.5,1726.027327,858018.3,IL,4.37,2.4,253.319,21111.6,1286,Illinois
3/31/2019,4.4,922.1801717,858018.3,IL,4.265,2.41,254.277,21111.6,1295,Illinois
4/30/2019,4.2,3056.933273,858018.3,IL,4.1425,2.42,255.233,21397.938,1322,Illinois
5/31/2019,4,2075.982316,858018.3,IL,4.072,2.39,255.296,21397.938,1347,Illinois
6/30/2019,3.9,1306.402462,858018.3,IL,3.8025,2.38,255.213,21397.938,1299,Illinois
7/31/2019,3.8,1909.987195,858018.3,IL,3.765,2.4,255.802,21717.171,1379,Illinois
8/31/2019,3.7,1524.798332,858018.3,IL,3.616,2.13,256.036,21717.171,1482,Illinois
9/30/2019,3.7,1193.568095,858018.3,IL,3.605,2.04,256.43,21717.171,1469,Illinois
10/31/2019,3.7,1527.425025,858018.3,IL,3.688,1.83,257.155,21933.217,1523,Illinois
11/30/2019,3.6,1718.22154,858018.3,IL,3.695,1.55,257.879,21933.217,1535,Illinois
12/31/2019,3.6,2215.866913,858018.3,IL,3.72,1.55,258.63,21933.217,1443,Illinois
1/31/2020,3.7,1729.86335,810693.1,IL,3.624,1.55,259.127,21751.238,1495,Illinois
2/29/2020,3.8,1781.443486,810693.1,IL,3.465,1.58,259.25,21751.238,1455,Illinois
3/31/2020,5.1,1582.248165,810693.1,IL,3.45,0.65,258.076,21751.238,1346,Illinois
4/30/2020,18.3,1079.855551,810693.1,IL,3.306,0.05,256.032,19958.291,1076,Illinois
5/31/2020,14.7,1217.517259,810693.1,IL,3.2325,0.05,255.802,19958.291,1250,Illinois
6/30/2020,12.6,1476.214128,810693.1,IL,3.1625,0.08,257.042,19958.291,1334,Illinois
7/31/2020,11.4,1754.101094,810693.1,IL,3.016,0.09,258.352,21704.437,1546,Illinois
8/31/2020,9.7,1207.091208,810693.1,IL,2.935,0.1,259.316,21704.437,1533,Illinois
9/30/2020,9.1,1545.207043,810693.1,IL,2.89,0.09,259.997,21704.437,1636,Illinois
10/31/2020,8.2,1455.735843,810693.1,IL,2.834,0.09,260.319,22087.16,1613,Illinois
11/30/2020,7.8,1289.553502,810693.1,IL,2.765,0.09,260.911,22087.16,1703,Illinois
12/31/2020,7.6,1463.140161,810693.1,IL,2.684,0.09,262.045,22087.16,1752,Illinois
1/31/2021,7.2,1493.739693,857114.6,IL,2.735,0.09,262.639,22680.693,1855,Illinois
2/28/2021,7,1579.609652,857114.6,IL,2.81,0.08,263.573,22680.693,1711,Illinois
3/31/2021,6.8,1303.70492,857114.6,IL,3.0825,0.07,264.847,22680.693,1756,Illinois
4/30/2021,6.7,1716.60414,857114.6,IL,3.06,0.07,266.625,23425.91,1721,Illinois
5/31/2021,6.6,1443.596322,857114.6,IL,2.9625,0.06,268.404,23425.91,1703,Illinois
6/30/2021,6.4,1965.446557,857114.6,IL,2.975,0.08,270.71,23425.91,1654,Illinois
7/31/2021,6.2,2020.089475,857114.6,IL,2.868,0.1,271.965,23982.379,1658,Illinois
8/31/2021,5.9,1757.88282,857114.6,IL,2.8425,0.09,272.752,23982.379,1736,Illinois
9/30/2021,5.5,1431.611131,857114.6,IL,2.9,0.08,273.942,23982.379,1640,Illinois
10/31/2021,5.2,2444.77647,857114.6,IL,3.0675,0.08,276.528,24813.6,1707,Illinois
11/30/2021,4.9,1474.748683,857114.6,IL,3.0675,0.08,278.824,24813.6,1765,Illinois
12/31/2021,4.8,1281.346348,857114.6,IL,3.098,0.08,280.806,24813.6,1919,Illinois
1/31/2022,4.8,1820.112632,872907.5,IL,3.445,0.08,282.542,25250.347,1920,Illinois
2/28/2022,4.7,1490.361348,872907.5,IL,3.7625,0.08,284.525,25250.347,1857,Illinois
3/31/2022,4.7,1755.691521,872907.5,IL,4.172,0.2,287.467,25250.347,1868,Illinois
4/30/2022,4.6,2041.491273,872907.5,IL,4.9825,0.33,288.582,25861.292,1859,Illinois
5/31/2022,4.6,1664.659932,872907.5,IL,5.23,0.77,291.299,25861.292,1704,Illinois
6/30/2022,4.5,1363.142127,872907.5,IL,5.522,1.21,295.072,25861.292,1737,Illinois
7/31/2022,4.5,1260.421969,872907.5,IL,5.4125,1.68,294.94,26336.304,1703,Illinois
8/31/2022,4.5,1627.191637,872907.5,IL,5.2225,2.33,295.162,26336.304,1557,Illinois
9/30/2022,4.5,2044.515005,872907.5,IL,6.112,2.56,296.421,26336.304,1600,Illinois
10/31/2022,4.6,1591.512988,872907.5,IL,6.9,3.08,297.979,26770.514,1594,Illinois
11/30/2022,4.5,1598.292367,872907.5,IL,6.805,3.78,298.708,26770.514,1401,Illinois
12/31/2022,4.5,1900.713134,872907.5,IL,6.364,4.1,298.808,26770.514,1410,Illinois
1/31/2023,4.4,1513.76461,884965.3,IL,6.2725,4.33,300.456,27216.445,1410,Illinois
2/28/2023,4.3,1364.595271,884965.3,IL,6.2575,4.57,301.476,27216.445,1618,Illinois
3/31/2023,4.3,1485.951116,884965.3,IL,6.544,4.65,301.643,27216.445,1480,Illinois
4/30/2023,4.2,1377.686368,884965.3,IL,6.3425,4.83,302.858,27530.055,1474,Illinois
5/31/2023,4.2,1326.639149,884965.3,IL,6.425,5.06,303.316,27530.055,1575,Illinois
6/30/2023,4.3,1367.136791,884965.3,IL,6.714,5.08,304.099,27530.055,1464,Illinois
7/31/2023,4.4,1095.271715,884965.3,IL,6.84,5.12,304.615,28074.846,1522,Illinois
8/31/2023,4.6,1301.055004,884965.3,IL,7.072,5.33,306.138,28074.846,1561,Illinois
9/30/2023,4.7,1217.702852,884965.3,IL,7.2,5.33,307.374,28074.846,1537,Illinois
10/31/2023,4.8,1238.979269,884965.3,IL,7.62,5.33,307.653,28424.722,1528,Illinois
11/30/2023,4.8,1193.138345,884965.3,IL,7.442,5.33,308.087,28424.722,1503,Illinois
12/31/2023,4.8,1159.814167,884965.3,IL,6.815,5.33,308.735,28424.722,1519,Illinois
1/31/2024,4.9,1413.932573,899125.9,IL,6.6425,5.33,309.794,28708.161,1545,Illinois
2/29/2024,4.9,1580.086345,899125.9,IL,6.776,5.33,311.022,28708.161,1577,Illinois
3/31/2024,5,1814.467963,899125.9,IL,6.82,5.33,312.107,28708.161,1476,Illinois
4/30/2024,5.1,1046.75356,899125.9,IL,6.9925,5.33,313.016,29147.044,1459,Illinois
5/31/2024,5.1,1598.399347,899125.9,IL,7.06,5.33,313.14,29147.044,1407,Illinois
6/30/2024,5.1,1535.008583,899125.9,IL,6.9175,5.33,313.131,29147.044,1461,Illinois
7/31/2024,5.1,1456.673427,899125.9,IL,6.8475,5.33,313.566,29511.664,1436,Illinois
8/31/2024,5,2067.739686,899125.9,IL,6.5,5.33,314.131,29511.664,1476,Illinois
9/30/2024,5,1657.075921,899125.9,IL,6.18,5.13,314.851,29511.664,1434,Illinois
10/31/2024,4.9,1698.85991,899125.9,IL,6.428,4.83,315.564,29825.182,1428,Illinois
11/30/2024,4.9,1859.627226,899125.9,IL,6.805,4.64,316.449,29825.182,1508,Illinois
12/31/2024,4.9,1726.431863,899125.9,IL,6.715,4.48,317.603,29825.182,1480,Illinois
1/31/2025,4.9,1525.371153,899125.9,IL,6.958,4.33,319.086,30042.113,1460,Illinois
2/28/2025,4.8,1706.587278,899125.9,IL,6.8425,4.33,319.775,30042.113,1454,Illinois
3/31/2025,4.8,982.1532992,899125.9,IL,6.65,4.33,319.615,30042.113,1481,Illinois
4/30/2025,4.8,1468.034554,899125.9,IL,6.725,4.33,320.321,30485.729,1422,Illinois
5/31/2025,4.8,1976.724484,899125.9,IL,6.816,4.33,320.58,30485.729,1394,Illinois
6/30/2025,4.6,1989.248639,899125.9,IL,6.8175,4.33,321.5,30485.729,1393,Illinois
7/31/2025,4.6,2093.26801,899125.9,IL,6.72,4.33,322.132,30485.729,1362,Illinois
8/31/2025,4.4,1636.465409,899125.9,IL,6.5875,4.33,323.364,30485.729,1330,Illinois
9/30/2025,4.4,1258.406926,899125.9,IL,6.3525,4.22,323.364,30485.729,1330,Illinois
1/31/2012,8.4,905.1050926,323876.2,IN,3.915,0.08,227.842,16068.805,712,Indiana
2/29/2012,8.3,1796.512192,323876.2,IN,3.89,0.1,228.329,16068.805,738,Indiana
3/31/2012,8.2,1134.765957,323876.2,IN,3.954,0.13,228.807,16068.805,806,Indiana
4/30/2012,8.2,1206.279134,323876.2,IN,3.91,0.14,229.187,16207.115,732,Indiana
5/31/2012,8.2,1206.081574,323876.2,IN,3.798,0.16,228.713,16207.115,796,Indiana
6/30/2012,8.2,1218.121254,323876.2,IN,3.675,0.16,228.524,16207.115,794,Indiana
7/31/2012,8.2,926.8816003,323876.2,IN,3.55,0.16,228.59,16319.541,849,Indiana
8/31/2012,8.2,1167.890415,323876.2,IN,3.602,0.13,229.918,16319.541,840,Indiana
9/30/2012,8.1,1030.915828,323876.2,IN,3.4975,0.14,231.015,16319.541,930,Indiana
10/31/2012,8.2,1227.31865,323876.2,IN,3.3825,0.16,231.638,16420.419,887,Indiana
11/30/2012,8.2,1444.271089,323876.2,IN,3.352,0.16,231.249,16420.419,917,Indiana
12/31/2012,8.2,885.92447,323876.2,IN,3.345,0.16,231.221,16420.419,941,Indiana
1/31/2013,8.2,1242.075532,333207.4,IN,3.414,0.14,231.679,16648.189,940,Indiana
2/28/2013,8.2,2141.571021,333207.4,IN,3.5325,0.15,232.937,16648.189,980,Indiana
3/31/2013,8.1,1308.341205,333207.4,IN,3.565,0.14,232.282,16648.189,936,Indiana
4/30/2013,8,1436.081981,333207.4,IN,3.445,0.15,231.797,16728.687,1012,Indiana
5/31/2013,7.8,1543.510204,333207.4,IN,3.536,0.11,231.893,16728.687,1003,Indiana
6/30/2013,7.7,1424.032678,333207.4,IN,4.07,0.09,232.445,16728.687,942,Indiana
7/31/2013,7.5,1520.593065,333207.4,IN,4.37,0.09,232.9,16953.838,997,Indiana
8/31/2013,7.4,1440.77921,333207.4,IN,4.456,0.08,233.456,16953.838,964,Indiana
9/30/2013,7.1,1442.226242,333207.4,IN,4.49,0.08,233.544,16953.838,1004,Indiana
10/31/2013,6.9,1517.28277,333207.4,IN,4.192,0.09,233.669,17192.019,1044,Indiana
11/30/2013,6.7,1689.219045,333207.4,IN,4.255,0.08,234.1,17192.019,1029,Indiana
12/31/2013,6.5,1609.333515,333207.4,IN,4.4575,0.09,234.719,17192.019,1005,Indiana
1/31/2014,6.4,1648.184552,343827.8,IN,4.432,0.07,235.288,17197.738,976,Indiana
2/28/2014,6.3,1268.363629,343827.8,IN,4.3025,0.07,235.547,17197.738,1039,Indiana
3/31/2014,6.2,1300.365105,343827.8,IN,4.3425,0.08,236.028,17197.738,1067,Indiana
4/30/2014,6.1,1411.166034,343827.8,IN,4.3375,0.09,236.468,17518.508,1090,Indiana
5/31/2014,6.1,1430.400711,343827.8,IN,4.192,0.09,236.918,17518.508,1018,Indiana
6/30/2014,6,1743.430114,343827.8,IN,4.1625,0.1,237.231,17518.508,1010,Indiana
7/31/2014,5.9,1888.240997,343827.8,IN,4.13,0.09,237.498,17804.228,1076,Indiana
8/31/2014,5.8,1207.34674,343827.8,IN,4.115,0.09,237.46,17804.228,1047,Indiana
9/30/2014,5.8,1937.443249,343827.8,IN,4.1625,0.09,237.477,17804.228,1077,Indiana
10/31/2014,5.7,1475.030488,343827.8,IN,4.036,0.09,237.43,17912.079,1094,Indiana
11/30/2014,5.6,1137.696624,343827.8,IN,3.9975,0.09,236.983,17912.079,1059,Indiana
12/31/2014,5.5,1401.084398,343827.8,IN,3.864,0.12,236.252,17912.079,1072,Indiana
1/31/2015,5.4,1154.342068,341205.2,IN,3.67,0.11,234.747,18063.529,1049,Indiana
2/28/2015,5.2,1193.266339,341205.2,IN,3.71,0.11,235.342,18063.529,1127,Indiana
3/31/2015,5.1,1345.323488,341205.2,IN,3.77,0.11,235.976,18063.529,1072,Indiana
4/30/2015,5,1455.486456,341205.2,IN,3.672,0.12,236.222,18279.784,1166,Indiana
5/31/2015,4.8,1539.510645,341205.2,IN,3.84,0.12,237.001,18279.784,1272,Indiana
6/30/2015,4.7,1468.26698,341205.2,IN,3.9825,0.13,237.657,18279.784,1379,Indiana
7/31/2015,4.6,1248.354005,341205.2,IN,4.046,0.13,238.034,18401.626,1140,Indiana
8/31/2015,4.6,1584.507552,341205.2,IN,3.905,0.14,238.033,18401.626,1165,Indiana
9/30/2015,4.5,1693.75858,341205.2,IN,3.89,0.14,237.498,18401.626,1144,Indiana
10/31/2015,4.5,1647.520581,341205.2,IN,3.796,0.12,237.733,18435.137,1160,Indiana
11/30/2015,4.6,1896.025001,341205.2,IN,3.9425,0.12,238.017,18435.137,1244,Indiana
12/31/2015,4.6,1727.438741,341205.2,IN,3.964,0.24,237.761,18435.137,1211,Indiana
1/31/2016,4.6,1637.862039,348439.2,IN,3.8725,0.34,237.652,18525.933,1171,Indiana
2/29/2016,4.7,1772.94103,348439.2,IN,3.66,0.38,237.336,18525.933,1172,Indiana
3/31/2016,4.6,1686.367431,348439.2,IN,3.694,0.36,238.08,18525.933,1118,Indiana
4/30/2016,4.6,1445.697847,348439.2,IN,3.605,0.37,238.992,18711.702,1160,Indiana
5/31/2016,4.5,1396.882814,348439.2,IN,3.6,0.37,239.557,18711.702,1205,Indiana
6/30/2016,4.5,1313.957693,348439.2,IN,3.568,0.38,240.222,18711.702,1208,Indiana
7/31/2016,4.4,1529.314993,348439.2,IN,3.44,0.39,240.101,18892.639,1198,Indiana
8/31/2016,4.3,1605.937415,348439.2,IN,3.435,0.4,240.545,18892.639,1201,Indiana
9/30/2016,4.2,1575.015301,348439.2,IN,3.46,0.4,241.176,18892.639,1303,Indiana
10/31/2016,4.2,1595.790539,348439.2,IN,3.47,0.4,241.741,19089.379,1254,Indiana
11/30/2016,4.1,1500.318753,348439.2,IN,3.77,0.41,242.026,19089.379,1230,Indiana
12/31/2016,4,1409.131132,348439.2,IN,4.198,0.54,242.637,19089.379,1248,Indiana
1/31/2017,3.9,1781.401753,357535.8,IN,4.15,0.65,243.618,19280.084,1303,Indiana
2/28/2017,3.7,2187.417357,357535.8,IN,4.1675,0.66,244.006,19280.084,1234,Indiana
3/31/2017,3.6,1563.04645,357535.8,IN,4.196,0.79,243.892,19280.084,1272,Indiana
4/30/2017,3.5,1552.2246,357535.8,IN,4.045,0.9,244.193,19438.643,1251,Indiana
5/31/2017,3.4,1639.378275,357535.8,IN,4.01,0.91,244.004,19438.643,1208,Indiana
6/30/2017,3.5,2017.527146,357535.8,IN,3.904,1.04,244.163,19438.643,1353,Indiana
7/31/2017,3.5,1433.344134,357535.8,IN,3.9675,1.15,244.243,19692.595,1256,Indiana
8/31/2017,3.5,1429.177158,357535.8,IN,3.88,1.16,245.183,19692.595,1319,Indiana
9/30/2017,3.5,1403.479469,357535.8,IN,3.805,1.15,246.435,19692.595,1273,Indiana
10/31/2017,3.5,1434.916684,357535.8,IN,3.895,1.15,246.626,20037.088,1356,Indiana
11/30/2017,3.4,1570.855124,357535.8,IN,3.922,1.16,247.284,20037.088,1299,Indiana
12/31/2017,3.3,1666.455736,357535.8,IN,3.95,1.3,247.805,20037.088,1311,Indiana
1/31/2018,3.3,1533.933676,368762.9,IN,4.0325,1.41,248.859,20328.553,1317,Indiana
2/28/2018,3.3,1832.458521,368762.9,IN,4.33,1.42,249.529,20328.553,1321,Indiana
3/31/2018,3.3,2450.372557,368762.9,IN,4.444,1.51,249.577,20328.553,1385,Indiana
4/30/2018,3.4,1995.29212,368762.9,IN,4.4675,1.69,250.227,20580.912,1378,Indiana
5/31/2018,3.4,2099.992799,368762.9,IN,4.586,1.7,250.792,20580.912,1338,Indiana
6/30/2018,3.4,1455.295366,368762.9,IN,4.57,1.82,251.018,20580.912,1345,Indiana
7/31/2018,3.4,1813.575482,368762.9,IN,4.5275,1.91,251.214,20798.73,1334,Indiana
8/31/2018,3.5,1836.272242,368762.9,IN,4.55,1.91,251.663,20798.73,1273,Indiana
9/30/2018,3.5,1310.435741,368762.9,IN,4.6275,1.95,252.182,20798.73,1314,Indiana
10/31/2018,3.5,1826.920413,368762.9,IN,4.83,2.19,252.772,20917.867,1272,Indiana
11/30/2018,3.6,1658.600955,368762.9,IN,4.866,2.2,252.594,20917.867,1340,Indiana
12/31/2018,3.6,1425.784041,368762.9,IN,4.6375,2.27,252.767,20917.867,1317,Indiana
1/31/2019,3.5,2224.969645,370507.2,IN,4.464,2.4,252.561,21111.6,1254,Indiana
2/28/2019,3.5,1818.983558,370507.2,IN,4.37,2.4,253.319,21111.6,1286,Indiana
3/31/2019,3.4,1682.17952,370507.2,IN,4.265,2.41,254.277,21111.6,1295,Indiana
4/30/2019,3.3,1786.703687,370507.2,IN,4.1425,2.42,255.233,21397.938,1322,Indiana
5/31/2019,3.2,1566.079007,370507.2,IN,4.072,2.39,255.296,21397.938,1347,Indiana
6/30/2019,3.2,1803.069381,370507.2,IN,3.8025,2.38,255.213,21397.938,1299,Indiana
7/31/2019,3.2,1719.152987,370507.2,IN,3.765,2.4,255.802,21717.171,1379,Indiana
8/31/2019,3.3,1983.828586,370507.2,IN,3.616,2.13,256.036,21717.171,1482,Indiana
9/30/2019,3.3,1725.262375,370507.2,IN,3.605,2.04,256.43,21717.171,1469,Indiana
10/31/2019,3.3,1699.410014,370507.2,IN,3.688,1.83,257.155,21933.217,1523,Indiana
11/30/2019,3.3,2068.364988,370507.2,IN,3.695,1.55,257.879,21933.217,1535,Indiana
12/31/2019,3.3,1896.509639,370507.2,IN,3.72,1.55,258.63,21933.217,1443,Indiana
1/31/2020,3.4,1822.176751,359963.6,IN,3.624,1.55,259.127,21751.238,1495,Indiana
2/29/2020,3.5,1675.983743,359963.6,IN,3.465,1.58,259.25,21751.238,1455,Indiana
3/31/2020,3.6,1678.856282,359963.6,IN,3.45,0.65,258.076,21751.238,1346,Indiana
4/30/2020,16.9,1713.640094,359963.6,IN,3.306,0.05,256.032,19958.291,1076,Indiana
5/31/2020,12.5,1915.755126,359963.6,IN,3.2325,0.05,255.802,19958.291,1250,Indiana
6/30/2020,10.3,1892.222514,359963.6,IN,3.1625,0.08,257.042,19958.291,1334,Indiana
7/31/2020,8.9,2375.187487,359963.6,IN,3.016,0.09,258.352,21704.437,1546,Indiana
8/31/2020,7.2,1771.884181,359963.6,IN,2.935,0.1,259.316,21704.437,1533,Indiana
9/30/2020,6.5,2370.706161,359963.6,IN,2.89,0.09,259.997,21704.437,1636,Indiana
10/31/2020,5.6,2324.168536,359963.6,IN,2.834,0.09,260.319,22087.16,1613,Indiana
11/30/2020,5.2,2015.20247,359963.6,IN,2.765,0.09,260.911,22087.16,1703,Indiana
12/31/2020,5,2325.130357,359963.6,IN,2.684,0.09,262.045,22087.16,1752,Indiana
1/31/2021,4.7,2153.528058,386872.8,IN,2.735,0.09,262.639,22680.693,1855,Indiana
2/28/2021,4.5,2219.528359,386872.8,IN,2.81,0.08,263.573,22680.693,1711,Indiana
3/31/2021,4.4,2402.786381,386872.8,IN,3.0825,0.07,264.847,22680.693,1756,Indiana
4/30/2021,4.3,2188.471774,386872.8,IN,3.06,0.07,266.625,23425.91,1721,Indiana
5/31/2021,4.2,2121.071217,386872.8,IN,2.9625,0.06,268.404,23425.91,1703,Indiana
6/30/2021,4.1,2442.413156,386872.8,IN,2.975,0.08,270.71,23425.91,1654,Indiana
7/31/2021,3.9,2445.828196,386872.8,IN,2.868,0.1,271.965,23982.379,1658,Indiana
8/31/2021,3.7,2292.503391,386872.8,IN,2.8425,0.09,272.752,23982.379,1736,Indiana
9/30/2021,3.5,2428.003222,386872.8,IN,2.9,0.08,273.942,23982.379,1640,Indiana
10/31/2021,3.3,1841.867885,386872.8,IN,3.0675,0.08,276.528,24813.6,1707,Indiana
11/30/2021,3.1,2478.849733,386872.8,IN,3.0675,0.08,278.824,24813.6,1765,Indiana
12/31/2021,3,3993.743781,386872.8,IN,3.098,0.08,280.806,24813.6,1919,Indiana
1/31/2022,2.9,3064.894221,393481.5,IN,3.445,0.08,282.542,25250.347,1920,Indiana
2/28/2022,2.9,2723.490494,393481.5,IN,3.7625,0.08,284.525,25250.347,1857,Indiana
3/31/2022,2.9,2750.869832,393481.5,IN,4.172,0.2,287.467,25250.347,1868,Indiana
4/30/2022,2.9,3000.51573,393481.5,IN,4.9825,0.33,288.582,25861.292,1859,Indiana
5/31/2022,3,2609.49353,393481.5,IN,5.23,0.77,291.299,25861.292,1704,Indiana
6/30/2022,3,1603.229031,393481.5,IN,5.522,1.21,295.072,25861.292,1737,Indiana
7/31/2022,3.1,2062.093292,393481.5,IN,5.4125,1.68,294.94,26336.304,1703,Indiana
8/31/2022,3.1,2258.431196,393481.5,IN,5.2225,2.33,295.162,26336.304,1557,Indiana
9/30/2022,3.2,2800.914098,393481.5,IN,6.112,2.56,296.421,26336.304,1600,Indiana
10/31/2022,3.2,1929.874854,393481.5,IN,6.9,3.08,297.979,26770.514,1594,Indiana
11/30/2022,3.3,2062.568578,393481.5,IN,6.805,3.78,298.708,26770.514,1401,Indiana
12/31/2022,3.3,1915.736847,393481.5,IN,6.364,4.1,298.808,26770.514,1410,Indiana
1/31/2023,3.3,2020.891882,400369.5,IN,6.2725,4.33,300.456,27216.445,1410,Indiana
2/28/2023,3.3,1999.682148,400369.5,IN,6.2575,4.57,301.476,27216.445,1618,Indiana
3/31/2023,3.3,2036.105587,400369.5,IN,6.544,4.65,301.643,27216.445,1480,Indiana
4/30/2023,3.3,2013.316995,400369.5,IN,6.3425,4.83,302.858,27530.055,1474,Indiana
5/31/2023,3.3,2322.267677,400369.5,IN,6.425,5.06,303.316,27530.055,1575,Indiana
6/30/2023,3.4,2300.54811,400369.5,IN,6.714,5.08,304.099,27530.055,1464,Indiana
7/31/2023,3.4,2030.392947,400369.5,IN,6.84,5.12,304.615,28074.846,1522,Indiana
8/31/2023,3.5,2254.652999,400369.5,IN,7.072,5.33,306.138,28074.846,1561,Indiana
9/30/2023,3.6,2337.477785,400369.5,IN,7.2,5.33,307.374,28074.846,1537,Indiana
10/31/2023,3.6,2587.142111,400369.5,IN,7.62,5.33,307.653,28424.722,1528,Indiana
11/30/2023,3.7,2421.576206,400369.5,IN,7.442,5.33,308.087,28424.722,1503,Indiana
12/31/2023,3.7,2185.880432,400369.5,IN,6.815,5.33,308.735,28424.722,1519,Indiana
1/31/2024,3.8,1994.004511,412003.4,IN,6.6425,5.33,309.794,28708.161,1545,Indiana
2/29/2024,3.8,2671.262972,412003.4,IN,6.776,5.33,311.022,28708.161,1577,Indiana
3/31/2024,3.9,2163.352653,412003.4,IN,6.82,5.33,312.107,28708.161,1476,Indiana
4/30/2024,4,2043.611418,412003.4,IN,6.9925,5.33,313.016,29147.044,1459,Indiana
5/31/2024,4.1,1908.954104,412003.4,IN,7.06,5.33,313.14,29147.044,1407,Indiana
6/30/2024,4.2,2014.411696,412003.4,IN,6.9175,5.33,313.131,29147.044,1461,Indiana
7/31/2024,4.3,2170.362391,412003.4,IN,6.8475,5.33,313.566,29511.664,1436,Indiana
8/31/2024,4.4,2772.099983,412003.4,IN,6.5,5.33,314.131,29511.664,1476,Indiana
9/30/2024,4.4,2232.70733,412003.4,IN,6.18,5.13,314.851,29511.664,1434,Indiana
10/31/2024,4.5,2305.820002,412003.4,IN,6.428,4.83,315.564,29825.182,1428,Indiana
11/30/2024,4.4,2205.879825,412003.4,IN,6.805,4.64,316.449,29825.182,1508,Indiana
12/31/2024,4.4,2487.624785,412003.4,IN,6.715,4.48,317.603,29825.182,1480,Indiana
1/31/2025,4.4,3701.78462,412003.4,IN,6.958,4.33,319.086,30042.113,1460,Indiana
2/28/2025,4.3,2644.284777,412003.4,IN,6.8425,4.33,319.775,30042.113,1454,Indiana
3/31/2025,4.1,2352.240137,412003.4,IN,6.65,4.33,319.615,30042.113,1481,Indiana
4/30/2025,3.9,2446.818622,412003.4,IN,6.725,4.33,320.321,30485.729,1422,Indiana
5/31/2025,3.7,2445.728825,412003.4,IN,6.816,4.33,320.58,30485.729,1394,Indiana
6/30/2025,3.6,2516.734126,412003.4,IN,6.8175,4.33,321.5,30485.729,1393,Indiana
7/31/2025,3.6,2654.320841,412003.4,IN,6.72,4.33,322.132,30485.729,1362,Indiana
8/31/2025,3.6,2231.688975,412003.4,IN,6.5875,4.33,323.364,30485.729,1330,Indiana
9/30/2025,4.4,1258.406926,412003.4,IN,6.3525,4.22,323.364,30485.729,1330,Indiana
1/31/2012,5.2,745.1080547,170923.7,IA,3.915,0.08,227.842,16068.805,712,Iowa
2/29/2012,5.1,760.7652339,170923.7,IA,3.89,0.1,228.329,16068.805,738,Iowa
3/31/2012,5.1,794.5484608,170923.7,IA,3.954,0.13,228.807,16068.805,806,Iowa
4/30/2012,5,685.2078324,170923.7,IA,3.91,0.14,229.187,16207.115,732,Iowa
5/31/2012,5,979.2926753,170923.7,IA,3.798,0.16,228.713,16207.115,796,Iowa
6/30/2012,5,731.8503623,170923.7,IA,3.675,0.16,228.524,16207.115,794,Iowa
7/31/2012,5,760.7824946,170923.7,IA,3.55,0.16,228.59,16319.541,849,Iowa
8/31/2012,5,958.0084981,170923.7,IA,3.602,0.13,229.918,16319.541,840,Iowa
9/30/2012,5,847.2218299,170923.7,IA,3.4975,0.14,231.015,16319.541,930,Iowa
10/31/2012,4.9,953.148911,170923.7,IA,3.3825,0.16,231.638,16420.419,887,Iowa
11/30/2012,4.9,902.7855938,170923.7,IA,3.352,0.16,231.249,16420.419,917,Iowa
12/31/2012,4.9,757.33951,170923.7,IA,3.345,0.16,231.221,16420.419,941,Iowa
1/31/2013,4.9,809.3562677,171069.1,IA,3.414,0.14,231.679,16648.189,940,Iowa
2/28/2013,4.9,853.1621712,171069.1,IA,3.5325,0.15,232.937,16648.189,980,Iowa
3/31/2013,4.9,698.4326333,171069.1,IA,3.565,0.14,232.282,16648.189,936,Iowa
4/30/2013,4.9,870.214269,171069.1,IA,3.445,0.15,231.797,16728.687,1012,Iowa
5/31/2013,4.8,923.8796078,171069.1,IA,3.536,0.11,231.893,16728.687,1003,Iowa
6/30/2013,4.8,641.8675817,171069.1,IA,4.07,0.09,232.445,16728.687,942,Iowa
7/31/2013,4.7,1089.09336,171069.1,IA,4.37,0.09,232.9,16953.838,997,Iowa
8/31/2013,4.7,1031.859462,171069.1,IA,4.456,0.08,233.456,16953.838,964,Iowa
9/30/2013,4.6,670.5538453,171069.1,IA,4.49,0.08,233.544,16953.838,1004,Iowa
10/31/2013,4.5,1533.950495,171069.1,IA,4.192,0.09,233.669,17192.019,1044,Iowa
11/30/2013,4.5,993.7298173,171069.1,IA,4.255,0.08,234.1,17192.019,1029,Iowa
12/31/2013,4.5,677.1066451,171069.1,IA,4.4575,0.09,234.719,17192.019,1005,Iowa
1/31/2014,4.5,797.9047262,180309.9,IA,4.432,0.07,235.288,17197.738,976,Iowa
2/28/2014,4.4,716.4866852,180309.9,IA,4.3025,0.07,235.547,17197.738,1039,Iowa
3/31/2014,4.4,764.3249332,180309.9,IA,4.3425,0.08,236.028,17197.738,1067,Iowa
4/30/2014,4.4,1367.832258,180309.9,IA,4.3375,0.09,236.468,17518.508,1090,Iowa
5/31/2014,4.3,687.7411499,180309.9,IA,4.192,0.09,236.918,17518.508,1018,Iowa
6/30/2014,4.3,928.2839197,180309.9,IA,4.1625,0.1,237.231,17518.508,1010,Iowa
7/31/2014,4.3,942.5087414,180309.9,IA,4.13,0.09,237.498,17804.228,1076,Iowa
8/31/2014,4.2,758.3145834,180309.9,IA,4.115,0.09,237.46,17804.228,1047,Iowa
9/30/2014,4.2,1259.697764,180309.9,IA,4.1625,0.09,237.477,17804.228,1077,Iowa
10/31/2014,4.1,909.6963378,180309.9,IA,4.036,0.09,237.43,17912.079,1094,Iowa
11/30/2014,4,741.5780729,180309.9,IA,3.9975,0.09,236.983,17912.079,1059,Iowa
12/31/2014,4,844.4773663,180309.9,IA,3.864,0.12,236.252,17912.079,1072,Iowa
1/31/2015,3.9,752.4130499,185989.2,IA,3.67,0.11,234.747,18063.529,1049,Iowa
2/28/2015,3.8,895.2769561,185989.2,IA,3.71,0.11,235.342,18063.529,1127,Iowa
3/31/2015,3.8,773.9990651,185989.2,IA,3.77,0.11,235.976,18063.529,1072,Iowa
4/30/2015,3.8,664.574851,185989.2,IA,3.672,0.12,236.222,18279.784,1166,Iowa
5/31/2015,3.7,1039.024827,185989.2,IA,3.84,0.12,237.001,18279.784,1272,Iowa
6/30/2015,3.7,947.2428911,185989.2,IA,3.9825,0.13,237.657,18279.784,1379,Iowa
7/31/2015,3.7,832.9023465,185989.2,IA,4.046,0.13,238.034,18401.626,1140,Iowa
8/31/2015,3.6,710.0597093,185989.2,IA,3.905,0.14,238.033,18401.626,1165,Iowa
9/30/2015,3.6,1029.17505,185989.2,IA,3.89,0.14,237.498,18401.626,1144,Iowa
10/31/2015,3.6,761.4768101,185989.2,IA,3.796,0.12,237.733,18435.137,1160,Iowa
11/30/2015,3.7,746.100806,185989.2,IA,3.9425,0.12,238.017,18435.137,1244,Iowa
12/31/2015,3.7,915.629955,185989.2,IA,3.964,0.24,237.761,18435.137,1211,Iowa
1/31/2016,3.6,1207.021033,186729.9,IA,3.8725,0.34,237.652,18525.933,1171,Iowa
2/29/2016,3.6,918.7278736,186729.9,IA,3.66,0.38,237.336,18525.933,1172,Iowa
3/31/2016,3.6,1086.642087,186729.9,IA,3.694,0.36,238.08,18525.933,1118,Iowa
4/30/2016,3.6,1201.904398,186729.9,IA,3.605,0.37,238.992,18711.702,1160,Iowa
5/31/2016,3.6,800.6791578,186729.9,IA,3.6,0.37,239.557,18711.702,1205,Iowa
6/30/2016,3.7,972.8145899,186729.9,IA,3.568,0.38,240.222,18711.702,1208,Iowa
7/31/2016,3.7,764.7209232,186729.9,IA,3.44,0.39,240.101,18892.639,1198,Iowa
8/31/2016,3.7,1923.306531,186729.9,IA,3.435,0.4,240.545,18892.639,1201,Iowa
9/30/2016,3.6,1148.509305,186729.9,IA,3.46,0.4,241.176,18892.639,1303,Iowa
10/31/2016,3.6,866.7620366,186729.9,IA,3.47,0.4,241.741,19089.379,1254,Iowa
11/30/2016,3.5,1425.295285,186729.9,IA,3.77,0.41,242.026,19089.379,1230,Iowa
12/31/2016,3.4,1117.277869,186729.9,IA,4.198,0.54,242.637,19089.379,1248,Iowa
1/31/2017,3.3,919.0946518,187125,IA,4.15,0.65,243.618,19280.084,1303,Iowa
2/28/2017,3.3,1264.177834,187125,IA,4.1675,0.66,244.006,19280.084,1234,Iowa
3/31/2017,3.2,1312.643201,187125,IA,4.196,0.79,243.892,19280.084,1272,Iowa
4/30/2017,3.1,918.1131765,187125,IA,4.045,0.9,244.193,19438.643,1251,Iowa
5/31/2017,3.1,1002.640638,187125,IA,4.01,0.91,244.004,19438.643,1208,Iowa
6/30/2017,3.1,942.1437602,187125,IA,3.904,1.04,244.163,19438.643,1353,Iowa
7/31/2017,3.1,995.1424654,187125,IA,3.9675,1.15,244.243,19692.595,1256,Iowa
8/31/2017,3.1,1365.388979,187125,IA,3.88,1.16,245.183,19692.595,1319,Iowa
9/30/2017,3,925.8756991,187125,IA,3.805,1.15,246.435,19692.595,1273,Iowa
10/31/2017,3,1055.204357,187125,IA,3.895,1.15,246.626,20037.088,1356,Iowa
11/30/2017,2.9,1248.6482,187125,IA,3.922,1.16,247.284,20037.088,1299,Iowa
12/31/2017,2.9,1254.279418,187125,IA,3.95,1.3,247.805,20037.088,1311,Iowa
1/31/2018,2.8,966.4711851,189245.1,IA,4.0325,1.41,248.859,20328.553,1317,Iowa
2/28/2018,2.7,896.0637709,189245.1,IA,4.33,1.42,249.529,20328.553,1321,Iowa
3/31/2018,2.7,973.8211068,189245.1,IA,4.444,1.51,249.577,20328.553,1385,Iowa
4/30/2018,2.6,1162.448007,189245.1,IA,4.4675,1.69,250.227,20580.912,1378,Iowa
5/31/2018,2.5,1148.963241,189245.1,IA,4.586,1.7,250.792,20580.912,1338,Iowa
6/30/2018,2.5,914.6522445,189245.1,IA,4.57,1.82,251.018,20580.912,1345,Iowa
7/31/2018,2.5,1427.603898,189245.1,IA,4.5275,1.91,251.214,20798.73,1334,Iowa
8/31/2018,2.5,792.5282069,189245.1,IA,4.55,1.91,251.663,20798.73,1273,Iowa
9/30/2018,2.5,634.5398775,189245.1,IA,4.6275,1.95,252.182,20798.73,1314,Iowa
10/31/2018,2.5,1027.054586,189245.1,IA,4.83,2.19,252.772,20917.867,1272,Iowa
11/30/2018,2.6,779.3816619,189245.1,IA,4.866,2.2,252.594,20917.867,1340,Iowa
12/31/2018,2.6,677.8284545,189245.1,IA,4.6375,2.27,252.767,20917.867,1317,Iowa
1/31/2019,2.6,942.8077059,188471.4,IA,4.464,2.4,252.561,21111.6,1254,Iowa
2/28/2019,2.6,753.4850613,188471.4,IA,4.37,2.4,253.319,21111.6,1286,Iowa
3/31/2019,2.6,587.7199983,188471.4,IA,4.265,2.41,254.277,21111.6,1295,Iowa
4/30/2019,2.6,846.8537784,188471.4,IA,4.1425,2.42,255.233,21397.938,1322,Iowa
5/31/2019,2.6,999.7228018,188471.4,IA,4.072,2.39,255.296,21397.938,1347,Iowa
6/30/2019,2.7,1103.716207,188471.4,IA,3.8025,2.38,255.213,21397.938,1299,Iowa
7/31/2019,2.7,1085.562351,188471.4,IA,3.765,2.4,255.802,21717.171,1379,Iowa
8/31/2019,2.7,1200.594672,188471.4,IA,3.616,2.13,256.036,21717.171,1482,Iowa
9/30/2019,2.7,939.5739881,188471.4,IA,3.605,2.04,256.43,21717.171,1469,Iowa
10/31/2019,2.7,1259.123806,188471.4,IA,3.688,1.83,257.155,21933.217,1523,Iowa
11/30/2019,2.7,705.5441887,188471.4,IA,3.695,1.55,257.879,21933.217,1535,Iowa
12/31/2019,2.7,772.3709111,188471.4,IA,3.72,1.55,258.63,21933.217,1443,Iowa
1/31/2020,2.7,1044.749485,187261.7,IA,3.624,1.55,259.127,21751.238,1495,Iowa
2/29/2020,2.7,924.6832454,187261.7,IA,3.465,1.58,259.25,21751.238,1455,Iowa
3/31/2020,2.7,963.3404001,187261.7,IA,3.45,0.65,258.076,21751.238,1346,Iowa
4/30/2020,11,694.5895386,187261.7,IA,3.306,0.05,256.032,19958.291,1076,Iowa
5/31/2020,8.5,843.8714223,187261.7,IA,3.2325,0.05,255.802,19958.291,1250,Iowa
6/30/2020,6.8,1074.136735,187261.7,IA,3.1625,0.08,257.042,19958.291,1334,Iowa
7/31/2020,6,1515.331179,187261.7,IA,3.016,0.09,258.352,21704.437,1546,Iowa
8/31/2020,5,1036.529865,187261.7,IA,2.935,0.1,259.316,21704.437,1533,Iowa
9/30/2020,4.6,1232.699853,187261.7,IA,2.89,0.09,259.997,21704.437,1636,Iowa
10/31/2020,4.2,772.3470101,187261.7,IA,2.834,0.09,260.319,22087.16,1613,Iowa
11/30/2020,4.2,1109.543682,187261.7,IA,2.765,0.09,260.911,22087.16,1703,Iowa
12/31/2020,4.2,1379.526174,187261.7,IA,2.684,0.09,262.045,22087.16,1752,Iowa
1/31/2021,4.2,1011.433398,202470.6,IA,2.735,0.09,262.639,22680.693,1855,Iowa
2/28/2021,4.2,1219.547618,202470.6,IA,2.81,0.08,263.573,22680.693,1711,Iowa
3/31/2021,4.3,1806.502279,202470.6,IA,3.0825,0.07,264.847,22680.693,1756,Iowa
4/30/2021,4.4,1729.701579,202470.6,IA,3.06,0.07,266.625,23425.91,1721,Iowa
5/31/2021,4.3,860.7660434,202470.6,IA,2.9625,0.06,268.404,23425.91,1703,Iowa
6/30/2021,4.2,1022.651008,202470.6,IA,2.975,0.08,270.71,23425.91,1654,Iowa
7/31/2021,4,1151.422803,202470.6,IA,2.868,0.1,271.965,23982.379,1658,Iowa
8/31/2021,3.8,875.2952099,202470.6,IA,2.8425,0.09,272.752,23982.379,1736,Iowa
9/30/2021,3.5,1175.023569,202470.6,IA,2.9,0.08,273.942,23982.379,1640,Iowa
10/31/2021,3.3,1238.790327,202470.6,IA,3.0675,0.08,276.528,24813.6,1707,Iowa
11/30/2021,3.1,1260.115127,202470.6,IA,3.0675,0.08,278.824,24813.6,1765,Iowa
12/31/2021,2.9,963.6802525,202470.6,IA,3.098,0.08,280.806,24813.6,1919,Iowa
1/31/2022,2.8,1063.577142,202672.5,IA,3.445,0.08,282.542,25250.347,1920,Iowa
2/28/2022,2.7,973.9786056,202672.5,IA,3.7625,0.08,284.525,25250.347,1857,Iowa
3/31/2022,2.6,1024.306855,202672.5,IA,4.172,0.2,287.467,25250.347,1868,Iowa
4/30/2022,2.6,1421.501594,202672.5,IA,4.9825,0.33,288.582,25861.292,1859,Iowa
5/31/2022,2.6,1218.111056,202672.5,IA,5.23,0.77,291.299,25861.292,1704,Iowa
6/30/2022,2.7,1181.435053,202672.5,IA,5.522,1.21,295.072,25861.292,1737,Iowa
7/31/2022,2.8,885.8136091,202672.5,IA,5.4125,1.68,294.94,26336.304,1703,Iowa
8/31/2022,2.9,1135.917002,202672.5,IA,5.2225,2.33,295.162,26336.304,1557,Iowa
9/30/2022,3,1010.653529,202672.5,IA,6.112,2.56,296.421,26336.304,1600,Iowa
10/31/2022,3.1,960.0215507,202672.5,IA,6.9,3.08,297.979,26770.514,1594,Iowa
11/30/2022,3.1,920.0349939,202672.5,IA,6.805,3.78,298.708,26770.514,1401,Iowa
12/31/2022,3,944.2359831,202672.5,IA,6.364,4.1,298.808,26770.514,1410,Iowa
1/31/2023,3,830.8082432,201359.8,IA,6.2725,4.33,300.456,27216.445,1410,Iowa
2/28/2023,2.9,966.7625359,201359.8,IA,6.2575,4.57,301.476,27216.445,1618,Iowa
3/31/2023,2.9,972.386524,201359.8,IA,6.544,4.65,301.643,27216.445,1480,Iowa
4/30/2023,2.9,772.0088434,201359.8,IA,6.3425,4.83,302.858,27530.055,1474,Iowa
5/31/2023,2.9,1311.724106,201359.8,IA,6.425,5.06,303.316,27530.055,1575,Iowa
6/30/2023,2.9,857.9440014,201359.8,IA,6.714,5.08,304.099,27530.055,1464,Iowa
7/31/2023,3,865.2909258,201359.8,IA,6.84,5.12,304.615,28074.846,1522,Iowa
8/31/2023,3,860.1934828,201359.8,IA,7.072,5.33,306.138,28074.846,1561,Iowa
9/30/2023,3,764.9070993,201359.8,IA,7.2,5.33,307.374,28074.846,1537,Iowa
10/31/2023,3,711.7829505,201359.8,IA,7.62,5.33,307.653,28424.722,1528,Iowa
11/30/2023,2.9,790.6110308,201359.8,IA,7.442,5.33,308.087,28424.722,1503,Iowa
12/31/2023,2.8,1089.283278,201359.8,IA,6.815,5.33,308.735,28424.722,1519,Iowa
1/31/2024,2.8,1017.605372,206438.9,IA,6.6425,5.33,309.794,28708.161,1545,Iowa
2/29/2024,2.7,1001.322896,206438.9,IA,6.776,5.33,311.022,28708.161,1577,Iowa
3/31/2024,2.7,832.2654412,206438.9,IA,6.82,5.33,312.107,28708.161,1476,Iowa
4/30/2024,2.8,765.6964294,206438.9,IA,6.9925,5.33,313.016,29147.044,1459,Iowa
5/31/2024,2.9,850.9169014,206438.9,IA,7.06,5.33,313.14,29147.044,1407,Iowa
6/30/2024,3,834.8922023,206438.9,IA,6.9175,5.33,313.131,29147.044,1461,Iowa
7/31/2024,3.1,1325.172232,206438.9,IA,6.8475,5.33,313.566,29511.664,1436,Iowa
8/31/2024,3.2,1024.46835,206438.9,IA,6.5,5.33,314.131,29511.664,1476,Iowa
9/30/2024,3.3,1127.04007,206438.9,IA,6.18,5.13,314.851,29511.664,1434,Iowa
10/31/2024,3.3,1022.044688,206438.9,IA,6.428,4.83,315.564,29825.182,1428,Iowa
11/30/2024,3.3,1305.980782,206438.9,IA,6.805,4.64,316.449,29825.182,1508,Iowa
12/31/2024,3.3,877.5538101,206438.9,IA,6.715,4.48,317.603,29825.182,1480,Iowa
1/31/2025,3.3,1237.015472,206438.9,IA,6.958,4.33,319.086,30042.113,1460,Iowa
2/28/2025,3.3,1231.062562,206438.9,IA,6.8425,4.33,319.775,30042.113,1454,Iowa
3/31/2025,3.4,1187.189607,206438.9,IA,6.65,4.33,319.615,30042.113,1481,Iowa
4/30/2025,3.5,1074.326078,206438.9,IA,6.725,4.33,320.321,30485.729,1422,Iowa
5/31/2025,3.6,962.8823625,206438.9,IA,6.816,4.33,320.58,30485.729,1394,Iowa
6/30/2025,3.7,1484.412686,206438.9,IA,6.8175,4.33,321.5,30485.729,1393,Iowa
7/31/2025,3.7,996.5628641,206438.9,IA,6.72,4.33,322.132,30485.729,1362,Iowa
8/31/2025,3.8,1131.491574,206438.9,IA,6.5875,4.33,323.364,30485.729,1330,Iowa
9/30/2025,4.4,1258.406926,206438.9,IA,6.3525,4.22,323.364,30485.729,1330,Iowa
1/31/2012,5.9,349.7979546,150077.1,KS,3.915,0.08,227.842,16068.805,712,Kansas
2/29/2012,5.8,417.0473362,150077.1,KS,3.89,0.1,228.329,16068.805,738,Kansas
3/31/2012,5.8,375.9741716,150077.1,KS,3.954,0.13,228.807,16068.805,806,Kansas
4/30/2012,5.8,569.7970669,150077.1,KS,3.91,0.14,229.187,16207.115,732,Kansas
5/31/2012,5.7,523.7819039,150077.1,KS,3.798,0.16,228.713,16207.115,796,Kansas
6/30/2012,5.7,701.4212483,150077.1,KS,3.675,0.16,228.524,16207.115,794,Kansas
7/31/2012,5.6,498.5497179,150077.1,KS,3.55,0.16,228.59,16319.541,849,Kansas
8/31/2012,5.6,500.7745229,150077.1,KS,3.602,0.13,229.918,16319.541,840,Kansas
9/30/2012,5.6,485.5435191,150077.1,KS,3.4975,0.14,231.015,16319.541,930,Kansas
10/31/2012,5.5,707.2620049,150077.1,KS,3.3825,0.16,231.638,16420.419,887,Kansas
11/30/2012,5.6,530.7538505,150077.1,KS,3.352,0.16,231.249,16420.419,917,Kansas
12/31/2012,5.6,505.0445867,150077.1,KS,3.345,0.16,231.221,16420.419,941,Kansas
1/31/2013,5.6,1014.965727,150702.9,KS,3.414,0.14,231.679,16648.189,940,Kansas
2/28/2013,5.6,559.6630706,150702.9,KS,3.5325,0.15,232.937,16648.189,980,Kansas
3/31/2013,5.5,478.4334696,150702.9,KS,3.565,0.14,232.282,16648.189,936,Kansas
4/30/2013,5.5,1503.687523,150702.9,KS,3.445,0.15,231.797,16728.687,1012,Kansas
5/31/2013,5.4,493.4962296,150702.9,KS,3.536,0.11,231.893,16728.687,1003,Kansas
6/30/2013,5.4,433.6506055,150702.9,KS,4.07,0.09,232.445,16728.687,942,Kansas
7/31/2013,5.3,474.503674,150702.9,KS,4.37,0.09,232.9,16953.838,997,Kansas
8/31/2013,5.3,509.1215517,150702.9,KS,4.456,0.08,233.456,16953.838,964,Kansas
9/30/2013,5.2,460.8068232,150702.9,KS,4.49,0.08,233.544,16953.838,1004,Kansas
10/31/2013,5.1,575.0350896,150702.9,KS,4.192,0.09,233.669,17192.019,1044,Kansas
11/30/2013,5,599.2500619,150702.9,KS,4.255,0.08,234.1,17192.019,1029,Kansas
12/31/2013,4.9,640.6423551,150702.9,KS,4.4575,0.09,234.719,17192.019,1005,Kansas
1/31/2014,4.8,1174.062325,154110.1,KS,4.432,0.07,235.288,17197.738,976,Kansas
2/28/2014,4.8,291.1053086,154110.1,KS,4.3025,0.07,235.547,17197.738,1039,Kansas
3/31/2014,4.7,676.1346336,154110.1,KS,4.3425,0.08,236.028,17197.738,1067,Kansas
4/30/2014,4.7,463.1929799,154110.1,KS,4.3375,0.09,236.468,17518.508,1090,Kansas
5/31/2014,4.6,521.461232,154110.1,KS,4.192,0.09,236.918,17518.508,1018,Kansas
6/30/2014,4.5,567.0975169,154110.1,KS,4.1625,0.1,237.231,17518.508,1010,Kansas
7/31/2014,4.5,427.5096682,154110.1,KS,4.13,0.09,237.498,17804.228,1076,Kansas
8/31/2014,4.4,400.6848152,154110.1,KS,4.115,0.09,237.46,17804.228,1047,Kansas
9/30/2014,4.4,1008.330167,154110.1,KS,4.1625,0.09,237.477,17804.228,1077,Kansas
10/31/2014,4.3,946.4629526,154110.1,KS,4.036,0.09,237.43,17912.079,1094,Kansas
11/30/2014,4.3,972.4740686,154110.1,KS,3.9975,0.09,236.983,17912.079,1059,Kansas
12/31/2014,4.3,572.8926602,154110.1,KS,3.864,0.12,236.252,17912.079,1072,Kansas
1/31/2015,4.3,565.0783541,158602.6,KS,3.67,0.11,234.747,18063.529,1049,Kansas
2/28/2015,4.4,811.8154176,158602.6,KS,3.71,0.11,235.342,18063.529,1127,Kansas
3/31/2015,4.4,642.8361158,158602.6,KS,3.77,0.11,235.976,18063.529,1072,Kansas
4/30/2015,4.4,771.610869,158602.6,KS,3.672,0.12,236.222,18279.784,1166,Kansas
5/31/2015,4.3,627.5774736,158602.6,KS,3.84,0.12,237.001,18279.784,1272,Kansas
6/30/2015,4.2,660.0873635,158602.6,KS,3.9825,0.13,237.657,18279.784,1379,Kansas
7/31/2015,4.1,686.7032635,158602.6,KS,4.046,0.13,238.034,18401.626,1140,Kansas
8/31/2015,4,451.3924904,158602.6,KS,3.905,0.14,238.033,18401.626,1165,Kansas
9/30/2015,4,707.898673,158602.6,KS,3.89,0.14,237.498,18401.626,1144,Kansas
10/31/2015,4,491.5312017,158602.6,KS,3.796,0.12,237.733,18435.137,1160,Kansas
11/30/2015,4,659.2699281,158602.6,KS,3.9425,0.12,238.017,18435.137,1244,Kansas
12/31/2015,4,687.012224,158602.6,KS,3.964,0.24,237.761,18435.137,1211,Kansas
1/31/2016,3.9,442.1728402,164643.7,KS,3.8725,0.34,237.652,18525.933,1171,Kansas
2/29/2016,3.9,729.345246,164643.7,KS,3.66,0.38,237.336,18525.933,1172,Kansas
3/31/2016,3.9,801.8478512,164643.7,KS,3.694,0.36,238.08,18525.933,1118,Kansas
4/30/2016,4,1025.079512,164643.7,KS,3.605,0.37,238.992,18711.702,1160,Kansas
5/31/2016,4,490.39055,164643.7,KS,3.6,0.37,239.557,18711.702,1205,Kansas
6/30/2016,4.1,715.0817849,164643.7,KS,3.568,0.38,240.222,18711.702,1208,Kansas
7/31/2016,4.1,905.8987032,164643.7,KS,3.44,0.39,240.101,18892.639,1198,Kansas
8/31/2016,4.2,785.043078,164643.7,KS,3.435,0.4,240.545,18892.639,1201,Kansas
9/30/2016,4.2,569.1068025,164643.7,KS,3.46,0.4,241.176,18892.639,1303,Kansas
10/31/2016,4.2,541.4616068,164643.7,KS,3.47,0.4,241.741,19089.379,1254,Kansas
11/30/2016,4.1,557.2448581,164643.7,KS,3.77,0.41,242.026,19089.379,1230,Kansas
12/31/2016,4,527.7159952,164643.7,KS,4.198,0.54,242.637,19089.379,1248,Kansas
1/31/2017,3.9,780.2775574,166273.6,KS,4.15,0.65,243.618,19280.084,1303,Kansas
2/28/2017,3.8,1020.386314,166273.6,KS,4.1675,0.66,244.006,19280.084,1234,Kansas
3/31/2017,3.7,633.3383478,166273.6,KS,4.196,0.79,243.892,19280.084,1272,Kansas
4/30/2017,3.7,579.0915752,166273.6,KS,4.045,0.9,244.193,19438.643,1251,Kansas
5/31/2017,3.7,747.7872665,166273.6,KS,4.01,0.91,244.004,19438.643,1208,Kansas
6/30/2017,3.6,821.5261433,166273.6,KS,3.904,1.04,244.163,19438.643,1353,Kansas
7/31/2017,3.6,598.1486,166273.6,KS,3.9675,1.15,244.243,19692.595,1256,Kansas
8/31/2017,3.6,858.6111842,166273.6,KS,3.88,1.16,245.183,19692.595,1319,Kansas
9/30/2017,3.6,772.0706271,166273.6,KS,3.805,1.15,246.435,19692.595,1273,Kansas
10/31/2017,3.5,518.0617439,166273.6,KS,3.895,1.15,246.626,20037.088,1356,Kansas
11/30/2017,3.5,719.7739811,166273.6,KS,3.922,1.16,247.284,20037.088,1299,Kansas
12/31/2017,3.5,1050.461842,166273.6,KS,3.95,1.3,247.805,20037.088,1311,Kansas
1/31/2018,3.4,684.283209,169796.9,KS,4.0325,1.41,248.859,20328.553,1317,Kansas
2/28/2018,3.4,513.3505907,169796.9,KS,4.33,1.42,249.529,20328.553,1321,Kansas
3/31/2018,3.4,805.1157358,169796.9,KS,4.444,1.51,249.577,20328.553,1385,Kansas
4/30/2018,3.4,655.1353826,169796.9,KS,4.4675,1.69,250.227,20580.912,1378,Kansas
5/31/2018,3.3,957.8027081,169796.9,KS,4.586,1.7,250.792,20580.912,1338,Kansas
6/30/2018,3.3,590.3034895,169796.9,KS,4.57,1.82,251.018,20580.912,1345,Kansas
7/31/2018,3.2,695.7680594,169796.9,KS,4.5275,1.91,251.214,20798.73,1334,Kansas
8/31/2018,3.2,1060.241232,169796.9,KS,4.55,1.91,251.663,20798.73,1273,Kansas
9/30/2018,3.2,605.9249532,169796.9,KS,4.6275,1.95,252.182,20798.73,1314,Kansas
10/31/2018,3.3,1236.442263,169796.9,KS,4.83,2.19,252.772,20917.867,1272,Kansas
11/30/2018,3.3,552.8933344,169796.9,KS,4.866,2.2,252.594,20917.867,1340,Kansas
12/31/2018,3.3,481.5006078,169796.9,KS,4.6375,2.27,252.767,20917.867,1317,Kansas
1/31/2019,3.3,624.7900003,169562.3,KS,4.464,2.4,252.561,21111.6,1254,Kansas
2/28/2019,3.3,468.9675297,169562.3,KS,4.37,2.4,253.319,21111.6,1286,Kansas
3/31/2019,3.2,530.0053107,169562.3,KS,4.265,2.41,254.277,21111.6,1295,Kansas
4/30/2019,3.2,720.7500283,169562.3,KS,4.1425,2.42,255.233,21397.938,1322,Kansas
5/31/2019,3.1,739.7364008,169562.3,KS,4.072,2.39,255.296,21397.938,1347,Kansas
6/30/2019,3.1,615.6812082,169562.3,KS,3.8025,2.38,255.213,21397.938,1299,Kansas
7/31/2019,3.1,605.6349958,169562.3,KS,3.765,2.4,255.802,21717.171,1379,Kansas
8/31/2019,3.1,713.9233945,169562.3,KS,3.616,2.13,256.036,21717.171,1482,Kansas
9/30/2019,3.1,571.8155375,169562.3,KS,3.605,2.04,256.43,21717.171,1469,Kansas
10/31/2019,3.1,825.2824619,169562.3,KS,3.688,1.83,257.155,21933.217,1523,Kansas
11/30/2019,3.1,532.6398415,169562.3,KS,3.695,1.55,257.879,21933.217,1535,Kansas
12/31/2019,3.1,621.854292,169562.3,KS,3.72,1.55,258.63,21933.217,1443,Kansas
1/31/2020,3.1,717.8312764,166621.4,KS,3.624,1.55,259.127,21751.238,1495,Kansas
2/29/2020,3.1,669.0996374,166621.4,KS,3.465,1.58,259.25,21751.238,1455,Kansas
3/31/2020,3.1,446.7973477,166621.4,KS,3.45,0.65,258.076,21751.238,1346,Kansas
4/30/2020,12.1,489.3221833,166621.4,KS,3.306,0.05,256.032,19958.291,1076,Kansas
5/31/2020,9.2,545.2209393,166621.4,KS,3.2325,0.05,255.802,19958.291,1250,Kansas
6/30/2020,7.5,537.5403433,166621.4,KS,3.1625,0.08,257.042,19958.291,1334,Kansas
7/31/2020,6.7,1021.393953,166621.4,KS,3.016,0.09,258.352,21704.437,1546,Kansas
8/31/2020,5.8,433.7753376,166621.4,KS,2.935,0.1,259.316,21704.437,1533,Kansas
9/30/2020,5.4,807.8318805,166621.4,KS,2.89,0.09,259.997,21704.437,1636,Kansas
10/31/2020,4.9,638.2123829,166621.4,KS,2.834,0.09,260.319,22087.16,1613,Kansas
11/30/2020,4.6,622.0465465,166621.4,KS,2.765,0.09,260.911,22087.16,1703,Kansas
12/31/2020,4.4,1001.956769,166621.4,KS,2.684,0.09,262.045,22087.16,1752,Kansas
1/31/2021,4.1,678.8091006,170401.2,KS,2.735,0.09,262.639,22680.693,1855,Kansas
2/28/2021,3.8,1074.540763,170401.2,KS,2.81,0.08,263.573,22680.693,1711,Kansas
3/31/2021,3.7,788.9240873,170401.2,KS,3.0825,0.07,264.847,22680.693,1756,Kansas
4/30/2021,3.7,763.3425694,170401.2,KS,3.06,0.07,266.625,23425.91,1721,Kansas
5/31/2021,3.6,673.9828398,170401.2,KS,2.9625,0.06,268.404,23425.91,1703,Kansas
6/30/2021,3.6,643.2427725,170401.2,KS,2.975,0.08,270.71,23425.91,1654,Kansas
7/31/2021,3.5,724.9812989,170401.2,KS,2.868,0.1,271.965,23982.379,1658,Kansas
8/31/2021,3.3,615.3752231,170401.2,KS,2.8425,0.09,272.752,23982.379,1736,Kansas
9/30/2021,3.1,718.0421662,170401.2,KS,2.9,0.08,273.942,23982.379,1640,Kansas
10/31/2021,2.9,520.7081661,170401.2,KS,3.0675,0.08,276.528,24813.6,1707,Kansas
11/30/2021,2.8,933.9950729,170401.2,KS,3.0675,0.08,278.824,24813.6,1765,Kansas
12/31/2021,2.6,1019.762001,170401.2,KS,3.098,0.08,280.806,24813.6,1919,Kansas
1/31/2022,2.6,1569.016462,177776.1,KS,3.445,0.08,282.542,25250.347,1920,Kansas
2/28/2022,2.5,593.4768973,177776.1,KS,3.7625,0.08,284.525,25250.347,1857,Kansas
3/31/2022,2.6,755.1184637,177776.1,KS,4.172,0.2,287.467,25250.347,1868,Kansas
4/30/2022,2.6,887.0714156,177776.1,KS,4.9825,0.33,288.582,25861.292,1859,Kansas
5/31/2022,2.6,666.0094243,177776.1,KS,5.23,0.77,291.299,25861.292,1704,Kansas
6/30/2022,2.7,753.6122891,177776.1,KS,5.522,1.21,295.072,25861.292,1737,Kansas
7/31/2022,2.7,843.1369891,177776.1,KS,5.4125,1.68,294.94,26336.304,1703,Kansas
8/31/2022,2.8,558.7680933,177776.1,KS,5.2225,2.33,295.162,26336.304,1557,Kansas
9/30/2022,2.9,764.3905236,177776.1,KS,6.112,2.56,296.421,26336.304,1600,Kansas
10/31/2022,2.9,690.2829458,177776.1,KS,6.9,3.08,297.979,26770.514,1594,Kansas
11/30/2022,2.9,538.2538596,177776.1,KS,6.805,3.78,298.708,26770.514,1401,Kansas
12/31/2022,2.9,487.7668925,177776.1,KS,6.364,4.1,298.808,26770.514,1410,Kansas
1/31/2023,2.9,661.3863458,180267.5,KS,6.2725,4.33,300.456,27216.445,1410,Kansas
2/28/2023,2.9,431.9453129,180267.5,KS,6.2575,4.57,301.476,27216.445,1618,Kansas
3/31/2023,2.9,556.2670934,180267.5,KS,6.544,4.65,301.643,27216.445,1480,Kansas
4/30/2023,2.8,487.6398706,180267.5,KS,6.3425,4.83,302.858,27530.055,1474,Kansas
5/31/2023,2.8,1036.482756,180267.5,KS,6.425,5.06,303.316,27530.055,1575,Kansas
6/30/2023,2.8,736.306861,180267.5,KS,6.714,5.08,304.099,27530.055,1464,Kansas
7/31/2023,2.8,626.475596,180267.5,KS,6.84,5.12,304.615,28074.846,1522,Kansas
8/31/2023,2.8,1162.928936,180267.5,KS,7.072,5.33,306.138,28074.846,1561,Kansas
9/30/2023,2.9,585.8174908,180267.5,KS,7.2,5.33,307.374,28074.846,1537,Kansas
10/31/2023,2.9,501.0476702,180267.5,KS,7.62,5.33,307.653,28424.722,1528,Kansas
11/30/2023,3,998.1958079,180267.5,KS,7.442,5.33,308.087,28424.722,1503,Kansas
12/31/2023,3,884.7887978,180267.5,KS,6.815,5.33,308.735,28424.722,1519,Kansas
1/31/2024,3.1,798.2529615,181599.6,KS,6.6425,5.33,309.794,28708.161,1545,Kansas
2/29/2024,3.2,1037.34626,181599.6,KS,6.776,5.33,311.022,28708.161,1577,Kansas
3/31/2024,3.3,893.9939724,181599.6,KS,6.82,5.33,312.107,28708.161,1476,Kansas
4/30/2024,3.4,793.2544007,181599.6,KS,6.9925,5.33,313.016,29147.044,1459,Kansas
5/31/2024,3.5,795.7377845,181599.6,KS,7.06,5.33,313.14,29147.044,1407,Kansas
6/30/2024,3.6,623.627743,181599.6,KS,6.9175,5.33,313.131,29147.044,1461,Kansas
7/31/2024,3.7,629.4338517,181599.6,KS,6.8475,5.33,313.566,29511.664,1436,Kansas
8/31/2024,3.7,872.7251135,181599.6,KS,6.5,5.33,314.131,29511.664,1476,Kansas
9/30/2024,3.8,654.6941878,181599.6,KS,6.18,5.13,314.851,29511.664,1434,Kansas
10/31/2024,3.8,732.527903,181599.6,KS,6.428,4.83,315.564,29825.182,1428,Kansas
11/30/2024,3.8,619.9006655,181599.6,KS,6.805,4.64,316.449,29825.182,1508,Kansas
12/31/2024,3.8,646.1697397,181599.6,KS,6.715,4.48,317.603,29825.182,1480,Kansas
1/31/2025,3.8,681.0396318,181599.6,KS,6.958,4.33,319.086,30042.113,1460,Kansas
2/28/2025,3.8,763.6778708,181599.6,KS,6.8425,4.33,319.775,30042.113,1454,Kansas
3/31/2025,3.8,869.0274306,181599.6,KS,6.65,4.33,319.615,30042.113,1481,Kansas
4/30/2025,3.8,855.6976837,181599.6,KS,6.725,4.33,320.321,30485.729,1422,Kansas
5/31/2025,3.8,911.9277899,181599.6,KS,6.816,4.33,320.58,30485.729,1394,Kansas
6/30/2025,3.8,1035.603216,181599.6,KS,6.8175,4.33,321.5,30485.729,1393,Kansas
7/31/2025,3.8,892.3788308,181599.6,KS,6.72,4.33,322.132,30485.729,1362,Kansas
8/31/2025,3.8,631.3881242,181599.6,KS,6.5875,4.33,323.364,30485.729,1330,Kansas
9/30/2025,4.4,1258.406926,181599.6,KS,6.3525,4.22,323.364,30485.729,1330,Kansas
1/31/2012,8.5,557.346621,192060.1,KY,3.915,0.08,227.842,16068.805,712,Kentucky
2/29/2012,8.3,641.9886139,192060.1,KY,3.89,0.1,228.329,16068.805,738,Kentucky
3/31/2012,8.2,781.805691,192060.1,KY,3.954,0.13,228.807,16068.805,806,Kentucky
4/30/2012,8.2,487.7795345,192060.1,KY,3.91,0.14,229.187,16207.115,732,Kentucky
5/31/2012,8.2,642.1747413,192060.1,KY,3.798,0.16,228.713,16207.115,796,Kentucky
6/30/2012,8.2,714.7460175,192060.1,KY,3.675,0.16,228.524,16207.115,794,Kentucky
7/31/2012,8.2,613.352631,192060.1,KY,3.55,0.16,228.59,16319.541,849,Kentucky
8/31/2012,8.2,759.6077313,192060.1,KY,3.602,0.13,229.918,16319.541,840,Kentucky
9/30/2012,8.1,986.2215835,192060.1,KY,3.4975,0.14,231.015,16319.541,930,Kentucky
10/31/2012,8.1,655.6207145,192060.1,KY,3.3825,0.16,231.638,16420.419,887,Kentucky
11/30/2012,8.1,616.5138547,192060.1,KY,3.352,0.16,231.249,16420.419,917,Kentucky
12/31/2012,8,473.3443932,192060.1,KY,3.345,0.16,231.221,16420.419,941,Kentucky
1/31/2013,8,659.8321674,196698,KY,3.414,0.14,231.679,16648.189,940,Kentucky
2/28/2013,8,715.523371,196698,KY,3.5325,0.15,232.937,16648.189,980,Kentucky
3/31/2013,8,665.4955002,196698,KY,3.565,0.14,232.282,16648.189,936,Kentucky
4/30/2013,8,815.1660232,196698,KY,3.445,0.15,231.797,16728.687,1012,Kentucky
5/31/2013,8,1327.870364,196698,KY,3.536,0.11,231.893,16728.687,1003,Kentucky
6/30/2013,8,730.3097736,196698,KY,4.07,0.09,232.445,16728.687,942,Kentucky
7/31/2013,8,762.1868954,196698,KY,4.37,0.09,232.9,16953.838,997,Kentucky
8/31/2013,8,666.4305413,196698,KY,4.456,0.08,233.456,16953.838,964,Kentucky
9/30/2013,7.9,776.854386,196698,KY,4.49,0.08,233.544,16953.838,1004,Kentucky
10/31/2013,7.8,713.9389346,196698,KY,4.192,0.09,233.669,17192.019,1044,Kentucky
11/30/2013,7.7,784.8573502,196698,KY,4.255,0.08,234.1,17192.019,1029,Kentucky
12/31/2013,7.6,1008.660833,196698,KY,4.4575,0.09,234.719,17192.019,1005,Kentucky
1/31/2014,7.5,1194.529266,196795.8,KY,4.432,0.07,235.288,17197.738,976,Kentucky
2/28/2014,7.3,770.4380043,196795.8,KY,4.3025,0.07,235.547,17197.738,1039,Kentucky
3/31/2014,7.2,784.3467484,196795.8,KY,4.3425,0.08,236.028,17197.738,1067,Kentucky
4/30/2014,7,763.5773529,196795.8,KY,4.3375,0.09,236.468,17518.508,1090,Kentucky
5/31/2014,6.8,705.7021282,196795.8,KY,4.192,0.09,236.918,17518.508,1018,Kentucky
6/30/2014,6.5,704.5689649,196795.8,KY,4.1625,0.1,237.231,17518.508,1010,Kentucky
7/31/2014,6.3,787.2306814,196795.8,KY,4.13,0.09,237.498,17804.228,1076,Kentucky
8/31/2014,6.1,600.705645,196795.8,KY,4.115,0.09,237.46,17804.228,1047,Kentucky
9/30/2014,5.9,744.828589,196795.8,KY,4.1625,0.09,237.477,17804.228,1077,Kentucky
10/31/2014,5.7,659.5067753,196795.8,KY,4.036,0.09,237.43,17912.079,1094,Kentucky
11/30/2014,5.6,590.1566657,196795.8,KY,3.9975,0.09,236.983,17912.079,1059,Kentucky
12/31/2014,5.4,761.2271139,196795.8,KY,3.864,0.12,236.252,17912.079,1072,Kentucky
1/31/2015,5.4,899.3088457,199487.1,KY,3.67,0.11,234.747,18063.529,1049,Kentucky
2/28/2015,5.3,774.1572991,199487.1,KY,3.71,0.11,235.342,18063.529,1127,Kentucky
3/31/2015,5.3,643.3294638,199487.1,KY,3.77,0.11,235.976,18063.529,1072,Kentucky
4/30/2015,5.3,776.2167537,199487.1,KY,3.672,0.12,236.222,18279.784,1166,Kentucky
5/31/2015,5.3,867.5431942,199487.1,KY,3.84,0.12,237.001,18279.784,1272,Kentucky
6/30/2015,5.2,823.3808275,199487.1,KY,3.9825,0.13,237.657,18279.784,1379,Kentucky
7/31/2015,5.2,856.4435761,199487.1,KY,4.046,0.13,238.034,18401.626,1140,Kentucky
8/31/2015,5.2,729.8012568,199487.1,KY,3.905,0.14,238.033,18401.626,1165,Kentucky
9/30/2015,5.2,907.9023959,199487.1,KY,3.89,0.14,237.498,18401.626,1144,Kentucky
10/31/2015,5.2,1126.874802,199487.1,KY,3.796,0.12,237.733,18435.137,1160,Kentucky
11/30/2015,5.2,1027.096529,199487.1,KY,3.9425,0.12,238.017,18435.137,1244,Kentucky
12/31/2015,5.2,952.6985658,199487.1,KY,3.964,0.24,237.761,18435.137,1211,Kentucky
1/31/2016,5.2,926.502185,201007.2,KY,3.8725,0.34,237.652,18525.933,1171,Kentucky
2/29/2016,5.2,947.9977756,201007.2,KY,3.66,0.38,237.336,18525.933,1172,Kentucky
3/31/2016,5.1,1083.848617,201007.2,KY,3.694,0.36,238.08,18525.933,1118,Kentucky
4/30/2016,5,933.2386527,201007.2,KY,3.605,0.37,238.992,18711.702,1160,Kentucky
5/31/2016,5,976.2256877,201007.2,KY,3.6,0.37,239.557,18711.702,1205,Kentucky
6/30/2016,5,1183.376744,201007.2,KY,3.568,0.38,240.222,18711.702,1208,Kentucky
7/31/2016,5,921.1366804,201007.2,KY,3.44,0.39,240.101,18892.639,1198,Kentucky
8/31/2016,5,1112.391001,201007.2,KY,3.435,0.4,240.545,18892.639,1201,Kentucky
9/30/2016,5.1,899.1222788,201007.2,KY,3.46,0.4,241.176,18892.639,1303,Kentucky
10/31/2016,5.1,988.1403313,201007.2,KY,3.47,0.4,241.741,19089.379,1254,Kentucky
11/30/2016,5.1,1328.187337,201007.2,KY,3.77,0.41,242.026,19089.379,1230,Kentucky
12/31/2016,5.1,896.0879925,201007.2,KY,4.198,0.54,242.637,19089.379,1248,Kentucky
1/31/2017,5.1,841.4361019,203564,KY,4.15,0.65,243.618,19280.084,1303,Kentucky
2/28/2017,5,1024.13378,203564,KY,4.1675,0.66,244.006,19280.084,1234,Kentucky
3/31/2017,5,982.3647006,203564,KY,4.196,0.79,243.892,19280.084,1272,Kentucky
4/30/2017,4.9,916.2238002,203564,KY,4.045,0.9,244.193,19438.643,1251,Kentucky
5/31/2017,4.9,1243.044119,203564,KY,4.01,0.91,244.004,19438.643,1208,Kentucky
6/30/2017,4.8,1029.020178,203564,KY,3.904,1.04,244.163,19438.643,1353,Kentucky
7/31/2017,4.8,934.6303012,203564,KY,3.9675,1.15,244.243,19692.595,1256,Kentucky
8/31/2017,4.7,1022.283569,203564,KY,3.88,1.16,245.183,19692.595,1319,Kentucky
9/30/2017,4.6,877.1907729,203564,KY,3.805,1.15,246.435,19692.595,1273,Kentucky
10/31/2017,4.5,839.0867714,203564,KY,3.895,1.15,246.626,20037.088,1356,Kentucky
11/30/2017,4.4,1143.691432,203564,KY,3.922,1.16,247.284,20037.088,1299,Kentucky
12/31/2017,4.3,1091.985176,203564,KY,3.95,1.3,247.805,20037.088,1311,Kentucky
1/31/2018,4.2,1019.249321,205940.1,KY,4.0325,1.41,248.859,20328.553,1317,Kentucky
2/28/2018,4.2,844.6680638,205940.1,KY,4.33,1.42,249.529,20328.553,1321,Kentucky
3/31/2018,4.2,1135.318345,205940.1,KY,4.444,1.51,249.577,20328.553,1385,Kentucky
4/30/2018,4.2,1735.176968,205940.1,KY,4.4675,1.69,250.227,20580.912,1378,Kentucky
5/31/2018,4.2,935.3099978,205940.1,KY,4.586,1.7,250.792,20580.912,1338,Kentucky
6/30/2018,4.2,1255.333398,205940.1,KY,4.57,1.82,251.018,20580.912,1345,Kentucky
7/31/2018,4.2,1108.77197,205940.1,KY,4.5275,1.91,251.214,20798.73,1334,Kentucky
8/31/2018,4.2,1316.149673,205940.1,KY,4.55,1.91,251.663,20798.73,1273,Kentucky
9/30/2018,4.2,1273.88415,205940.1,KY,4.6275,1.95,252.182,20798.73,1314,Kentucky
10/31/2018,4.2,1269.90433,205940.1,KY,4.83,2.19,252.772,20917.867,1272,Kentucky
11/30/2018,4.2,885.3023677,205940.1,KY,4.866,2.2,252.594,20917.867,1340,Kentucky
12/31/2018,4.2,1109.139172,205940.1,KY,4.6375,2.27,252.767,20917.867,1317,Kentucky
1/31/2019,4.2,1125.458093,211783.1,KY,4.464,2.4,252.561,21111.6,1254,Kentucky
2/28/2019,4.2,920.8763114,211783.1,KY,4.37,2.4,253.319,21111.6,1286,Kentucky
3/31/2019,4.1,735.1507506,211783.1,KY,4.265,2.41,254.277,21111.6,1295,Kentucky
4/30/2019,4.1,1216.779396,211783.1,KY,4.1425,2.42,255.233,21397.938,1322,Kentucky
5/31/2019,4.1,1167.858841,211783.1,KY,4.072,2.39,255.296,21397.938,1347,Kentucky
6/30/2019,4.1,839.8668426,211783.1,KY,3.8025,2.38,255.213,21397.938,1299,Kentucky
7/31/2019,4.1,1351.065232,211783.1,KY,3.765,2.4,255.802,21717.171,1379,Kentucky
8/31/2019,4.1,1103.741727,211783.1,KY,3.616,2.13,256.036,21717.171,1482,Kentucky
9/30/2019,4,1090.070058,211783.1,KY,3.605,2.04,256.43,21717.171,1469,Kentucky
10/31/2019,4,1214.905423,211783.1,KY,3.688,1.83,257.155,21933.217,1523,Kentucky
11/30/2019,4,982.5239917,211783.1,KY,3.695,1.55,257.879,21933.217,1535,Kentucky
12/31/2019,4,891.3820371,211783.1,KY,3.72,1.55,258.63,21933.217,1443,Kentucky
1/31/2020,4.1,1415.860467,206601.9,KY,3.624,1.55,259.127,21751.238,1495,Kentucky
2/29/2020,4.1,1057.818361,206601.9,KY,3.465,1.58,259.25,21751.238,1455,Kentucky
3/31/2020,4.1,796.5738628,206601.9,KY,3.45,0.65,258.076,21751.238,1346,Kentucky
4/30/2020,16.7,740.840085,206601.9,KY,3.306,0.05,256.032,19958.291,1076,Kentucky
5/31/2020,12.8,984.9695727,206601.9,KY,3.2325,0.05,255.802,19958.291,1250,Kentucky
6/30/2020,5.3,1110.114093,206601.9,KY,3.1625,0.08,257.042,19958.291,1334,Kentucky
7/31/2020,5.8,1017.348272,206601.9,KY,3.016,0.09,258.352,21704.437,1546,Kentucky
8/31/2020,5.2,1196.262457,206601.9,KY,2.935,0.1,259.316,21704.437,1533,Kentucky
9/30/2020,5,1234.147967,206601.9,KY,2.89,0.09,259.997,21704.437,1636,Kentucky
10/31/2020,4.8,891.6931654,206601.9,KY,2.834,0.09,260.319,22087.16,1613,Kentucky
11/30/2020,4.8,1240.789367,206601.9,KY,2.765,0.09,260.911,22087.16,1703,Kentucky
12/31/2020,4.7,1128.105134,206601.9,KY,2.684,0.09,262.045,22087.16,1752,Kentucky
1/31/2021,4.6,1336.361635,215535,KY,2.735,0.09,262.639,22680.693,1855,Kentucky
2/28/2021,4.6,1959.244331,215535,KY,2.81,0.08,263.573,22680.693,1711,Kentucky
3/31/2021,4.6,1493.67717,215535,KY,3.0825,0.07,264.847,22680.693,1756,Kentucky
4/30/2021,4.6,1170.016937,215535,KY,3.06,0.07,266.625,23425.91,1721,Kentucky
5/31/2021,4.6,1214.721918,215535,KY,2.9625,0.06,268.404,23425.91,1703,Kentucky
6/30/2021,4.6,1054.384518,215535,KY,2.975,0.08,270.71,23425.91,1654,Kentucky
7/31/2021,4.6,1076.173112,215535,KY,2.868,0.1,271.965,23982.379,1658,Kentucky
8/31/2021,4.5,932.4402182,215535,KY,2.8425,0.09,272.752,23982.379,1736,Kentucky
9/30/2021,4.4,1151.736538,215535,KY,2.9,0.08,273.942,23982.379,1640,Kentucky
10/31/2021,4.3,1041.69721,215535,KY,3.0675,0.08,276.528,24813.6,1707,Kentucky
11/30/2021,4.2,1463.202679,215535,KY,3.0675,0.08,278.824,24813.6,1765,Kentucky
12/31/2021,4.1,1704.048183,215535,KY,3.098,0.08,280.806,24813.6,1919,Kentucky
1/31/2022,4,1234.396698,220641.8,KY,3.445,0.08,282.542,25250.347,1920,Kentucky
2/28/2022,4,1161.884131,220641.8,KY,3.7625,0.08,284.525,25250.347,1857,Kentucky
3/31/2022,4,1135.219166,220641.8,KY,4.172,0.2,287.467,25250.347,1868,Kentucky
4/30/2022,4,983.0558986,220641.8,KY,4.9825,0.33,288.582,25861.292,1859,Kentucky
5/31/2022,4,1158.400746,220641.8,KY,5.23,0.77,291.299,25861.292,1704,Kentucky
6/30/2022,4,1094.53884,220641.8,KY,5.522,1.21,295.072,25861.292,1737,Kentucky
7/31/2022,4.1,1204.816867,220641.8,KY,5.4125,1.68,294.94,26336.304,1703,Kentucky
8/31/2022,4.1,1180.596321,220641.8,KY,5.2225,2.33,295.162,26336.304,1557,Kentucky
9/30/2022,4.1,1135.298848,220641.8,KY,6.112,2.56,296.421,26336.304,1600,Kentucky
10/31/2022,4.1,1423.415006,220641.8,KY,6.9,3.08,297.979,26770.514,1594,Kentucky
11/30/2022,4.1,1124.834789,220641.8,KY,6.805,3.78,298.708,26770.514,1401,Kentucky
12/31/2022,4.1,1355.91231,220641.8,KY,6.364,4.1,298.808,26770.514,1410,Kentucky
1/31/2023,4.1,1152.041809,226942.4,KY,6.2725,4.33,300.456,27216.445,1410,Kentucky
2/28/2023,4.1,1375.313399,226942.4,KY,6.2575,4.57,301.476,27216.445,1618,Kentucky
3/31/2023,4.1,1408.617006,226942.4,KY,6.544,4.65,301.643,27216.445,1480,Kentucky
4/30/2023,4.1,1387.529947,226942.4,KY,6.3425,4.83,302.858,27530.055,1474,Kentucky
5/31/2023,4.2,1075.418199,226942.4,KY,6.425,5.06,303.316,27530.055,1575,Kentucky
6/30/2023,4.2,1148.397281,226942.4,KY,6.714,5.08,304.099,27530.055,1464,Kentucky
7/31/2023,4.3,999.0489838,226942.4,KY,6.84,5.12,304.615,28074.846,1522,Kentucky
8/31/2023,4.4,1172.158835,226942.4,KY,7.072,5.33,306.138,28074.846,1561,Kentucky
9/30/2023,4.4,1312.378271,226942.4,KY,7.2,5.33,307.374,28074.846,1537,Kentucky
10/31/2023,4.5,1616.768713,226942.4,KY,7.62,5.33,307.653,28424.722,1528,Kentucky
11/30/2023,4.5,1302.934967,226942.4,KY,7.442,5.33,308.087,28424.722,1503,Kentucky
12/31/2023,4.6,1363.473,226942.4,KY,6.815,5.33,308.735,28424.722,1519,Kentucky
1/31/2024,4.7,1225.324565,230966.4,KY,6.6425,5.33,309.794,28708.161,1545,Kentucky
2/29/2024,4.7,1846.715981,230966.4,KY,6.776,5.33,311.022,28708.161,1577,Kentucky
3/31/2024,4.8,1040.268728,230966.4,KY,6.82,5.33,312.107,28708.161,1476,Kentucky
4/30/2024,4.9,1420.88776,230966.4,KY,6.9925,5.33,313.016,29147.044,1459,Kentucky
5/31/2024,4.9,1194.766533,230966.4,KY,7.06,5.33,313.14,29147.044,1407,Kentucky
6/30/2024,5,1179.010456,230966.4,KY,6.9175,5.33,313.131,29147.044,1461,Kentucky
7/31/2024,5.1,1281.976181,230966.4,KY,6.8475,5.33,313.566,29511.664,1436,Kentucky
8/31/2024,5.2,1501.117113,230966.4,KY,6.5,5.33,314.131,29511.664,1476,Kentucky
9/30/2024,5.3,1045.954209,230966.4,KY,6.18,5.13,314.851,29511.664,1434,Kentucky
10/31/2024,5.4,1119.684108,230966.4,KY,6.428,4.83,315.564,29825.182,1428,Kentucky
11/30/2024,5.4,1110.268271,230966.4,KY,6.805,4.64,316.449,29825.182,1508,Kentucky
12/31/2024,5.3,1164.261931,230966.4,KY,6.715,4.48,317.603,29825.182,1480,Kentucky
1/31/2025,5.3,1096.284977,230966.4,KY,6.958,4.33,319.086,30042.113,1460,Kentucky
2/28/2025,5.3,1013.494456,230966.4,KY,6.8425,4.33,319.775,30042.113,1454,Kentucky
3/31/2025,5.2,1209.501229,230966.4,KY,6.65,4.33,319.615,30042.113,1481,Kentucky
4/30/2025,5.2,1372.070697,230966.4,KY,6.725,4.33,320.321,30485.729,1422,Kentucky
5/31/2025,5,1284.976551,230966.4,KY,6.816,4.33,320.58,30485.729,1394,Kentucky
6/30/2025,4.9,1226.292244,230966.4,KY,6.8175,4.33,321.5,30485.729,1393,Kentucky
7/31/2025,4.9,1295.922902,230966.4,KY,6.72,4.33,322.132,30485.729,1362,Kentucky
8/31/2025,4.7,1386.72343,230966.4,KY,6.5875,4.33,323.364,30485.729,1330,Kentucky
9/30/2025,4.4,1258.406926,230966.4,KY,6.3525,4.22,323.364,30485.729,1330,Kentucky
1/31/2012,7.1,1005.832659,242416.8,LA,3.915,0.08,227.842,16068.805,712,Louisiana
2/29/2012,7,1058.066941,242416.8,LA,3.89,0.1,228.329,16068.805,738,Louisiana
3/31/2012,7,995.8460556,242416.8,LA,3.954,0.13,228.807,16068.805,806,Louisiana
4/30/2012,6.9,998.7019148,242416.8,LA,3.91,0.14,229.187,16207.115,732,Louisiana
5/31/2012,6.9,1013.586798,242416.8,LA,3.798,0.16,228.713,16207.115,796,Louisiana
6/30/2012,6.8,958.7764124,242416.8,LA,3.675,0.16,228.524,16207.115,794,Louisiana
7/31/2012,6.7,1059.792008,242416.8,LA,3.55,0.16,228.59,16319.541,849,Louisiana
8/31/2012,6.5,1060.238406,242416.8,LA,3.602,0.13,229.918,16319.541,840,Louisiana
9/30/2012,6.4,1087.375193,242416.8,LA,3.4975,0.14,231.015,16319.541,930,Louisiana
10/31/2012,6.4,1236.946299,242416.8,LA,3.3825,0.16,231.638,16420.419,887,Louisiana
11/30/2012,6.4,1486.614448,242416.8,LA,3.352,0.16,231.249,16420.419,917,Louisiana
12/31/2012,6.5,1096.266993,242416.8,LA,3.345,0.16,231.221,16420.419,941,Louisiana
1/31/2013,6.6,1222.207491,236482.3,LA,3.414,0.14,231.679,16648.189,940,Louisiana
2/28/2013,6.7,1265.477676,236482.3,LA,3.5325,0.15,232.937,16648.189,980,Louisiana
3/31/2013,6.8,1225.596106,236482.3,LA,3.565,0.14,232.282,16648.189,936,Louisiana
4/30/2013,6.7,1292.854069,236482.3,LA,3.445,0.15,231.797,16728.687,1012,Louisiana
5/31/2013,6.6,1183.781732,236482.3,LA,3.536,0.11,231.893,16728.687,1003,Louisiana
6/30/2013,6.6,1084.421249,236482.3,LA,4.07,0.09,232.445,16728.687,942,Louisiana
7/31/2013,6.5,1203.811812,236482.3,LA,4.37,0.09,232.9,16953.838,997,Louisiana
8/31/2013,6.3,1251.378182,236482.3,LA,4.456,0.08,233.456,16953.838,964,Louisiana
9/30/2013,6.2,1091.044743,236482.3,LA,4.49,0.08,233.544,16953.838,1004,Louisiana
10/31/2013,6,1059.98221,236482.3,LA,4.192,0.09,233.669,17192.019,1044,Louisiana
11/30/2013,5.8,1227.15057,236482.3,LA,4.255,0.08,234.1,17192.019,1029,Louisiana
12/31/2013,5.7,1398.543997,236482.3,LA,4.4575,0.09,234.719,17192.019,1005,Louisiana
1/31/2014,5.6,1146.801333,243042.9,LA,4.432,0.07,235.288,17197.738,976,Louisiana
2/28/2014,5.6,1375.622226,243042.9,LA,4.3025,0.07,235.547,17197.738,1039,Louisiana
3/31/2014,5.6,1096.723597,243042.9,LA,4.3425,0.08,236.028,17197.738,1067,Louisiana
4/30/2014,5.8,1153.815732,243042.9,LA,4.3375,0.09,236.468,17518.508,1090,Louisiana
5/31/2014,6,1162.991375,243042.9,LA,4.192,0.09,236.918,17518.508,1018,Louisiana
6/30/2014,6.2,1101.577388,243042.9,LA,4.1625,0.1,237.231,17518.508,1010,Louisiana
7/31/2014,6.4,1214.930178,243042.9,LA,4.13,0.09,237.498,17804.228,1076,Louisiana
8/31/2014,6.6,1207.012943,243042.9,LA,4.115,0.09,237.46,17804.228,1047,Louisiana
9/30/2014,6.7,1417.11331,243042.9,LA,4.1625,0.09,237.477,17804.228,1077,Louisiana
10/31/2014,6.8,1477.90382,243042.9,LA,4.036,0.09,237.43,17912.079,1094,Louisiana
11/30/2014,6.8,1089.190015,243042.9,LA,3.9975,0.09,236.983,17912.079,1059,Louisiana
12/31/2014,6.8,1229.885216,243042.9,LA,3.864,0.12,236.252,17912.079,1072,Louisiana
1/31/2015,6.7,1171.409246,239584.1,LA,3.67,0.11,234.747,18063.529,1049,Louisiana
2/28/2015,6.7,1765.986169,239584.1,LA,3.71,0.11,235.342,18063.529,1127,Louisiana
3/31/2015,6.6,1172.104712,239584.1,LA,3.77,0.11,235.976,18063.529,1072,Louisiana
4/30/2015,6.5,1203.33545,239584.1,LA,3.672,0.12,236.222,18279.784,1166,Louisiana
5/31/2015,6.4,1159.506985,239584.1,LA,3.84,0.12,237.001,18279.784,1272,Louisiana
6/30/2015,6.2,1197.055795,239584.1,LA,3.9825,0.13,237.657,18279.784,1379,Louisiana
7/31/2015,6.1,1381.569912,239584.1,LA,4.046,0.13,238.034,18401.626,1140,Louisiana
8/31/2015,6,991.8978175,239584.1,LA,3.905,0.14,238.033,18401.626,1165,Louisiana
9/30/2015,6,1225.793525,239584.1,LA,3.89,0.14,237.498,18401.626,1144,Louisiana
10/31/2015,6,1327.788838,239584.1,LA,3.796,0.12,237.733,18435.137,1160,Louisiana
11/30/2015,6,1177.915043,239584.1,LA,3.9425,0.12,238.017,18435.137,1244,Louisiana
12/31/2015,6,1523.044466,239584.1,LA,3.964,0.24,237.761,18435.137,1211,Louisiana
1/31/2016,6,1225.119113,235554.2,LA,3.8725,0.34,237.652,18525.933,1171,Louisiana
2/29/2016,6,1112.582694,235554.2,LA,3.66,0.38,237.336,18525.933,1172,Louisiana
3/31/2016,6,1168.342513,235554.2,LA,3.694,0.36,238.08,18525.933,1118,Louisiana
4/30/2016,6.1,1059.698973,235554.2,LA,3.605,0.37,238.992,18711.702,1160,Louisiana
5/31/2016,6.1,1257.584479,235554.2,LA,3.6,0.37,239.557,18711.702,1205,Louisiana
6/30/2016,6.1,1445.421586,235554.2,LA,3.568,0.38,240.222,18711.702,1208,Louisiana
7/31/2016,6.1,1033.629837,235554.2,LA,3.44,0.39,240.101,18892.639,1198,Louisiana
8/31/2016,6.1,1425.540851,235554.2,LA,3.435,0.4,240.545,18892.639,1201,Louisiana
9/30/2016,6.1,1915.715306,235554.2,LA,3.46,0.4,241.176,18892.639,1303,Louisiana
10/31/2016,6,1219.111538,235554.2,LA,3.47,0.4,241.741,19089.379,1254,Louisiana
11/30/2016,6,1282.21317,235554.2,LA,3.77,0.41,242.026,19089.379,1230,Louisiana
12/31/2016,5.9,1269.862006,235554.2,LA,4.198,0.54,242.637,19089.379,1248,Louisiana
1/31/2017,5.8,1254.107708,239830.7,LA,4.15,0.65,243.618,19280.084,1303,Louisiana
2/28/2017,5.7,1182.201807,239830.7,LA,4.1675,0.66,244.006,19280.084,1234,Louisiana
3/31/2017,5.5,1336.445775,239830.7,LA,4.196,0.79,243.892,19280.084,1272,Louisiana
4/30/2017,5.4,1119.820161,239830.7,LA,4.045,0.9,244.193,19438.643,1251,Louisiana
5/31/2017,5.2,1324.946952,239830.7,LA,4.01,0.91,244.004,19438.643,1208,Louisiana
6/30/2017,5.1,1147.091766,239830.7,LA,3.904,1.04,244.163,19438.643,1353,Louisiana
7/31/2017,5,1119.254652,239830.7,LA,3.9675,1.15,244.243,19692.595,1256,Louisiana
8/31/2017,4.9,1155.47661,239830.7,LA,3.88,1.16,245.183,19692.595,1319,Louisiana
9/30/2017,4.8,1129.094865,239830.7,LA,3.805,1.15,246.435,19692.595,1273,Louisiana
10/31/2017,4.7,1139.73218,239830.7,LA,3.895,1.15,246.626,20037.088,1356,Louisiana
11/30/2017,4.7,2825.204448,239830.7,LA,3.922,1.16,247.284,20037.088,1299,Louisiana
12/31/2017,4.7,1040.6176,239830.7,LA,3.95,1.3,247.805,20037.088,1311,Louisiana
1/31/2018,4.7,1299.860003,245220.3,LA,4.0325,1.41,248.859,20328.553,1317,Louisiana
2/28/2018,4.7,1065.409133,245220.3,LA,4.33,1.42,249.529,20328.553,1321,Louisiana
3/31/2018,4.8,1299.688256,245220.3,LA,4.444,1.51,249.577,20328.553,1385,Louisiana
4/30/2018,4.9,1401.007661,245220.3,LA,4.4675,1.69,250.227,20580.912,1378,Louisiana
5/31/2018,4.9,1642.296648,245220.3,LA,4.586,1.7,250.792,20580.912,1338,Louisiana
6/30/2018,4.9,1196.170841,245220.3,LA,4.57,1.82,251.018,20580.912,1345,Louisiana
7/31/2018,4.9,1125.471587,245220.3,LA,4.5275,1.91,251.214,20798.73,1334,Louisiana
8/31/2018,4.9,1631.095093,245220.3,LA,4.55,1.91,251.663,20798.73,1273,Louisiana
9/30/2018,4.8,1325.493207,245220.3,LA,4.6275,1.95,252.182,20798.73,1314,Louisiana
10/31/2018,4.8,1272.872559,245220.3,LA,4.83,2.19,252.772,20917.867,1272,Louisiana
11/30/2018,4.8,1225.485748,245220.3,LA,4.866,2.2,252.594,20917.867,1340,Louisiana
12/31/2018,4.8,1172.072535,245220.3,LA,4.6375,2.27,252.767,20917.867,1317,Louisiana
1/31/2019,4.7,1242.229036,246674.4,LA,4.464,2.4,252.561,21111.6,1254,Louisiana
2/28/2019,4.6,1402.527638,246674.4,LA,4.37,2.4,253.319,21111.6,1286,Louisiana
3/31/2019,4.5,1343.374057,246674.4,LA,4.265,2.41,254.277,21111.6,1295,Louisiana
4/30/2019,4.4,1362.851015,246674.4,LA,4.1425,2.42,255.233,21397.938,1322,Louisiana
5/31/2019,4.4,1285.117602,246674.4,LA,4.072,2.39,255.296,21397.938,1347,Louisiana
6/30/2019,4.5,1062.665671,246674.4,LA,3.8025,2.38,255.213,21397.938,1299,Louisiana
7/31/2019,4.6,1417.711217,246674.4,LA,3.765,2.4,255.802,21717.171,1379,Louisiana
8/31/2019,4.7,1387.161691,246674.4,LA,3.616,2.13,256.036,21717.171,1482,Louisiana
9/30/2019,4.8,1417.233565,246674.4,LA,3.605,2.04,256.43,21717.171,1469,Louisiana
10/31/2019,4.8,1500.144175,246674.4,LA,3.688,1.83,257.155,21933.217,1523,Louisiana
11/30/2019,4.8,1406.240561,246674.4,LA,3.695,1.55,257.879,21933.217,1535,Louisiana
12/31/2019,4.8,1326.646691,246674.4,LA,3.72,1.55,258.63,21933.217,1443,Louisiana
1/31/2020,4.7,1364.084827,225636,LA,3.624,1.55,259.127,21751.238,1495,Louisiana
2/29/2020,4.7,1326.773265,225636,LA,3.465,1.58,259.25,21751.238,1455,Louisiana
3/31/2020,6.7,1498.510992,225636,LA,3.45,0.65,258.076,21751.238,1346,Louisiana
4/30/2020,13.5,1123.31471,225636,LA,3.306,0.05,256.032,19958.291,1076,Louisiana
5/31/2020,12.3,1176.792717,225636,LA,3.2325,0.05,255.802,19958.291,1250,Louisiana
6/30/2020,11,1488.395328,225636,LA,3.1625,0.08,257.042,19958.291,1334,Louisiana
7/31/2020,10.4,1515.932395,225636,LA,3.016,0.09,258.352,21704.437,1546,Louisiana
8/31/2020,9.2,1500.584558,225636,LA,2.935,0.1,259.316,21704.437,1533,Louisiana
9/30/2020,8.7,1538.859711,225636,LA,2.89,0.09,259.997,21704.437,1636,Louisiana
10/31/2020,8,1590.43589,225636,LA,2.834,0.09,260.319,22087.16,1613,Louisiana
11/30/2020,7.6,1666.722889,225636,LA,2.765,0.09,260.911,22087.16,1703,Louisiana
12/31/2020,7.4,1821.624196,225636,LA,2.684,0.09,262.045,22087.16,1752,Louisiana
1/31/2021,7,1606.1289,242582.1,LA,2.735,0.09,262.639,22680.693,1855,Louisiana
2/28/2021,6.8,1459.57588,242582.1,LA,2.81,0.08,263.573,22680.693,1711,Louisiana
3/31/2021,6.6,1783.972648,242582.1,LA,3.0825,0.07,264.847,22680.693,1756,Louisiana
4/30/2021,6.4,2273.984617,242582.1,LA,3.06,0.07,266.625,23425.91,1721,Louisiana
5/31/2021,6.2,1584.603391,242582.1,LA,2.9625,0.06,268.404,23425.91,1703,Louisiana
6/30/2021,6,1906.719337,242582.1,LA,2.975,0.08,270.71,23425.91,1654,Louisiana
7/31/2021,5.6,1505.113319,242582.1,LA,2.868,0.1,271.965,23982.379,1658,Louisiana
8/31/2021,5.2,1424.949159,242582.1,LA,2.8425,0.09,272.752,23982.379,1736,Louisiana
9/30/2021,4.8,1400.498061,242582.1,LA,2.9,0.08,273.942,23982.379,1640,Louisiana
10/31/2021,4.5,1503.802376,242582.1,LA,3.0675,0.08,276.528,24813.6,1707,Louisiana
11/30/2021,4.2,1668.995785,242582.1,LA,3.0675,0.08,278.824,24813.6,1765,Louisiana
12/31/2021,4,1680.208929,242582.1,LA,3.098,0.08,280.806,24813.6,1919,Louisiana
1/31/2022,3.9,1616.423403,240043,LA,3.445,0.08,282.542,25250.347,1920,Louisiana
2/28/2022,3.8,1649.593744,240043,LA,3.7625,0.08,284.525,25250.347,1857,Louisiana
3/31/2022,3.7,1409.756998,240043,LA,4.172,0.2,287.467,25250.347,1868,Louisiana
4/30/2022,3.7,1462.295136,240043,LA,4.9825,0.33,288.582,25861.292,1859,Louisiana
5/31/2022,3.7,1459.79899,240043,LA,5.23,0.77,291.299,25861.292,1704,Louisiana
6/30/2022,3.6,1617.891885,240043,LA,5.522,1.21,295.072,25861.292,1737,Louisiana
7/31/2022,3.6,1457.567825,240043,LA,5.4125,1.68,294.94,26336.304,1703,Louisiana
8/31/2022,3.6,1363.334557,240043,LA,5.2225,2.33,295.162,26336.304,1557,Louisiana
9/30/2022,3.6,1173.702272,240043,LA,6.112,2.56,296.421,26336.304,1600,Louisiana
10/31/2022,3.6,1206.688224,240043,LA,6.9,3.08,297.979,26770.514,1594,Louisiana
11/30/2022,3.6,1173.289287,240043,LA,6.805,3.78,298.708,26770.514,1401,Louisiana
12/31/2022,3.6,1107.319746,240043,LA,6.364,4.1,298.808,26770.514,1410,Louisiana
1/31/2023,3.6,1489.023792,248949.4,LA,6.2725,4.33,300.456,27216.445,1410,Louisiana
2/28/2023,3.6,1007.598855,248949.4,LA,6.2575,4.57,301.476,27216.445,1618,Louisiana
3/31/2023,3.6,1120.490647,248949.4,LA,6.544,4.65,301.643,27216.445,1480,Louisiana
4/30/2023,3.5,1255.344445,248949.4,LA,6.3425,4.83,302.858,27530.055,1474,Louisiana
5/31/2023,3.5,1333.367354,248949.4,LA,6.425,5.06,303.316,27530.055,1575,Louisiana
6/30/2023,3.5,1099.594273,248949.4,LA,6.714,5.08,304.099,27530.055,1464,Louisiana
7/31/2023,3.6,1235.159823,248949.4,LA,6.84,5.12,304.615,28074.846,1522,Louisiana
8/31/2023,3.7,1222.780878,248949.4,LA,7.072,5.33,306.138,28074.846,1561,Louisiana
9/30/2023,3.8,1392.590243,248949.4,LA,7.2,5.33,307.374,28074.846,1537,Louisiana
10/31/2023,4,1170.778985,248949.4,LA,7.62,5.33,307.653,28424.722,1528,Louisiana
11/30/2023,4.1,1188.142501,248949.4,LA,7.442,5.33,308.087,28424.722,1503,Louisiana
12/31/2023,4.2,1298.890219,248949.4,LA,6.815,5.33,308.735,28424.722,1519,Louisiana
1/31/2024,4.2,1328.029257,257055.9,LA,6.6425,5.33,309.794,28708.161,1545,Louisiana
2/29/2024,4.2,1252.895579,257055.9,LA,6.776,5.33,311.022,28708.161,1577,Louisiana
3/31/2024,4.1,1090.147257,257055.9,LA,6.82,5.33,312.107,28708.161,1476,Louisiana
4/30/2024,4.1,1112.941177,257055.9,LA,6.9925,5.33,313.016,29147.044,1459,Louisiana
5/31/2024,4.1,1258.152819,257055.9,LA,7.06,5.33,313.14,29147.044,1407,Louisiana
6/30/2024,4.2,1090.043583,257055.9,LA,6.9175,5.33,313.131,29147.044,1461,Louisiana
7/31/2024,4.3,1308.821644,257055.9,LA,6.8475,5.33,313.566,29511.664,1436,Louisiana
8/31/2024,4.5,1194.673399,257055.9,LA,6.5,5.33,314.131,29511.664,1476,Louisiana
9/30/2024,4.6,1194.051467,257055.9,LA,6.18,5.13,314.851,29511.664,1434,Louisiana
10/31/2024,4.6,1158.0882,257055.9,LA,6.428,4.83,315.564,29825.182,1428,Louisiana
11/30/2024,4.6,1191.845791,257055.9,LA,6.805,4.64,316.449,29825.182,1508,Louisiana
12/31/2024,4.6,1170.774106,257055.9,LA,6.715,4.48,317.603,29825.182,1480,Louisiana
1/31/2025,4.5,1144.796423,257055.9,LA,6.958,4.33,319.086,30042.113,1460,Louisiana
2/28/2025,4.4,1213.255977,257055.9,LA,6.8425,4.33,319.775,30042.113,1454,Louisiana
3/31/2025,4.4,1203.706767,257055.9,LA,6.65,4.33,319.615,30042.113,1481,Louisiana
4/30/2025,4.4,1307.206732,257055.9,LA,6.725,4.33,320.321,30485.729,1422,Louisiana
5/31/2025,4.5,1063.199961,257055.9,LA,6.816,4.33,320.58,30485.729,1394,Louisiana
6/30/2025,4.5,1062.900239,257055.9,LA,6.8175,4.33,321.5,30485.729,1393,Louisiana
7/31/2025,4.5,1051.326204,257055.9,LA,6.72,4.33,322.132,30485.729,1362,Louisiana
8/31/2025,4.4,1426.842413,257055.9,LA,6.5875,4.33,323.364,30485.729,1330,Louisiana
9/30/2025,4.4,1258.406926,257055.9,LA,6.3525,4.22,323.364,30485.729,1330,Louisiana
1/31/2012,7.3,228.4505981,59181.7,ME,3.915,0.08,227.842,16068.805,712,Maine
2/29/2012,7.2,240.1684156,59181.7,ME,3.89,0.1,228.329,16068.805,738,Maine
3/31/2012,7.2,208.6582183,59181.7,ME,3.954,0.13,228.807,16068.805,806,Maine
4/30/2012,7.2,226.5668564,59181.7,ME,3.91,0.14,229.187,16207.115,732,Maine
5/31/2012,7.3,208.0779019,59181.7,ME,3.798,0.16,228.713,16207.115,796,Maine
6/30/2012,7.3,235.7524738,59181.7,ME,3.675,0.16,228.524,16207.115,794,Maine
7/31/2012,7.3,223.0547806,59181.7,ME,3.55,0.16,228.59,16319.541,849,Maine
8/31/2012,7.2,236.1206802,59181.7,ME,3.602,0.13,229.918,16319.541,840,Maine
9/30/2012,7.2,244.3206986,59181.7,ME,3.4975,0.14,231.015,16319.541,930,Maine
10/31/2012,7.1,191.6276694,59181.7,ME,3.3825,0.16,231.638,16420.419,887,Maine
11/30/2012,7.1,251.404003,59181.7,ME,3.352,0.16,231.249,16420.419,917,Maine
12/31/2012,7.1,177.2968053,59181.7,ME,3.345,0.16,231.221,16420.419,941,Maine
1/31/2013,7.1,222.9416508,59013.9,ME,3.414,0.14,231.679,16648.189,940,Maine
2/28/2013,7,224.9889808,59013.9,ME,3.5325,0.15,232.937,16648.189,980,Maine
3/31/2013,7,276.4954519,59013.9,ME,3.565,0.14,232.282,16648.189,936,Maine
4/30/2013,6.9,264.9475756,59013.9,ME,3.445,0.15,231.797,16728.687,1012,Maine
5/31/2013,6.8,296.2188676,59013.9,ME,3.536,0.11,231.893,16728.687,1003,Maine
6/30/2013,6.7,238.7399261,59013.9,ME,4.07,0.09,232.445,16728.687,942,Maine
7/31/2013,6.7,229.0242479,59013.9,ME,4.37,0.09,232.9,16953.838,997,Maine
8/31/2013,6.6,255.0088919,59013.9,ME,4.456,0.08,233.456,16953.838,964,Maine
9/30/2013,6.5,254.5016619,59013.9,ME,4.49,0.08,233.544,16953.838,1004,Maine
10/31/2013,6.4,271.0618834,59013.9,ME,4.192,0.09,233.669,17192.019,1044,Maine
11/30/2013,6.3,302.9133554,59013.9,ME,4.255,0.08,234.1,17192.019,1029,Maine
12/31/2013,6.2,293.2898362,59013.9,ME,4.4575,0.09,234.719,17192.019,1005,Maine
1/31/2014,6.1,288.6769183,59589.8,ME,4.432,0.07,235.288,17197.738,976,Maine
2/28/2014,6,261.0654333,59589.8,ME,4.3025,0.07,235.547,17197.738,1039,Maine
3/31/2014,5.9,217.8232273,59589.8,ME,4.3425,0.08,236.028,17197.738,1067,Maine
4/30/2014,5.8,225.6759483,59589.8,ME,4.3375,0.09,236.468,17518.508,1090,Maine
5/31/2014,5.7,274.0001482,59589.8,ME,4.192,0.09,236.918,17518.508,1018,Maine
6/30/2014,5.6,277.4337424,59589.8,ME,4.1625,0.1,237.231,17518.508,1010,Maine
7/31/2014,5.5,289.1879884,59589.8,ME,4.13,0.09,237.498,17804.228,1076,Maine
8/31/2014,5.4,265.8851674,59589.8,ME,4.115,0.09,237.46,17804.228,1047,Maine
9/30/2014,5.3,273.6080574,59589.8,ME,4.1625,0.09,237.477,17804.228,1077,Maine
10/31/2014,5.3,305.7392826,59589.8,ME,4.036,0.09,237.43,17912.079,1094,Maine
11/30/2014,5.2,255.7235814,59589.8,ME,3.9975,0.09,236.983,17912.079,1059,Maine
12/31/2014,5.1,273.2750435,59589.8,ME,3.864,0.12,236.252,17912.079,1072,Maine
1/31/2015,4.9,307.5728952,60563,ME,3.67,0.11,234.747,18063.529,1049,Maine
2/28/2015,4.8,98.13301701,60563,ME,3.71,0.11,235.342,18063.529,1127,Maine
3/31/2015,4.7,338.2723972,60563,ME,3.77,0.11,235.976,18063.529,1072,Maine
4/30/2015,4.6,233.8318282,60563,ME,3.672,0.12,236.222,18279.784,1166,Maine
5/31/2015,4.5,287.4689516,60563,ME,3.84,0.12,237.001,18279.784,1272,Maine
6/30/2015,4.4,351.5994775,60563,ME,3.9825,0.13,237.657,18279.784,1379,Maine
7/31/2015,4.3,293.2431085,60563,ME,4.046,0.13,238.034,18401.626,1140,Maine
8/31/2015,4.2,295.6071799,60563,ME,3.905,0.14,238.033,18401.626,1165,Maine
9/30/2015,4.1,386.4340447,60563,ME,3.89,0.14,237.498,18401.626,1144,Maine
10/31/2015,4.1,324.9254741,60563,ME,3.796,0.12,237.733,18435.137,1160,Maine
11/30/2015,4.1,278.2709084,60563,ME,3.9425,0.12,238.017,18435.137,1244,Maine
12/31/2015,4,347.0112987,60563,ME,3.964,0.24,237.761,18435.137,1211,Maine
1/31/2016,4,296.9845755,62037.1,ME,3.8725,0.34,237.652,18525.933,1171,Maine
2/29/2016,4,311.503108,62037.1,ME,3.66,0.38,237.336,18525.933,1172,Maine
3/31/2016,3.9,335.3542244,62037.1,ME,3.694,0.36,238.08,18525.933,1118,Maine
4/30/2016,3.9,406.7716352,62037.1,ME,3.605,0.37,238.992,18711.702,1160,Maine
5/31/2016,3.8,358.987394,62037.1,ME,3.6,0.37,239.557,18711.702,1205,Maine
6/30/2016,3.8,340.0535241,62037.1,ME,3.568,0.38,240.222,18711.702,1208,Maine
7/31/2016,3.8,401.7246475,62037.1,ME,3.44,0.39,240.101,18892.639,1198,Maine
8/31/2016,3.7,339.6948994,62037.1,ME,3.435,0.4,240.545,18892.639,1201,Maine
9/30/2016,3.7,309.060224,62037.1,ME,3.46,0.4,241.176,18892.639,1303,Maine
10/31/2016,3.7,315.3841197,62037.1,ME,3.47,0.4,241.741,19089.379,1254,Maine
11/30/2016,3.6,376.5385354,62037.1,ME,3.77,0.41,242.026,19089.379,1230,Maine
12/31/2016,3.6,408.238309,62037.1,ME,4.198,0.54,242.637,19089.379,1248,Maine
1/31/2017,3.5,346.7173204,63000.6,ME,4.15,0.65,243.618,19280.084,1303,Maine
2/28/2017,3.5,378.3298472,63000.6,ME,4.1675,0.66,244.006,19280.084,1234,Maine
3/31/2017,3.5,367.4126395,63000.6,ME,4.196,0.79,243.892,19280.084,1272,Maine
4/30/2017,3.4,439.4300868,63000.6,ME,4.045,0.9,244.193,19438.643,1251,Maine
5/31/2017,3.4,302.793811,63000.6,ME,4.01,0.91,244.004,19438.643,1208,Maine
6/30/2017,3.4,356.4824904,63000.6,ME,3.904,1.04,244.163,19438.643,1353,Maine
7/31/2017,3.4,348.7786079,63000.6,ME,3.9675,1.15,244.243,19692.595,1256,Maine
8/31/2017,3.4,432.637343,63000.6,ME,3.88,1.16,245.183,19692.595,1319,Maine
9/30/2017,3.4,368.5614553,63000.6,ME,3.805,1.15,246.435,19692.595,1273,Maine
10/31/2017,3.3,299.9811265,63000.6,ME,3.895,1.15,246.626,20037.088,1356,Maine
11/30/2017,3.2,615.1098418,63000.6,ME,3.922,1.16,247.284,20037.088,1299,Maine
12/31/2017,3.1,386.5696275,63000.6,ME,3.95,1.3,247.805,20037.088,1311,Maine
1/31/2018,3.1,312.5269408,64806.3,ME,4.0325,1.41,248.859,20328.553,1317,Maine
2/28/2018,3,450.8008111,64806.3,ME,4.33,1.42,249.529,20328.553,1321,Maine
3/31/2018,3,278.6832255,64806.3,ME,4.444,1.51,249.577,20328.553,1385,Maine
4/30/2018,3,305.0345142,64806.3,ME,4.4675,1.69,250.227,20580.912,1378,Maine
5/31/2018,3.1,358.7381679,64806.3,ME,4.586,1.7,250.792,20580.912,1338,Maine
6/30/2018,3.2,346.8583103,64806.3,ME,4.57,1.82,251.018,20580.912,1345,Maine
7/31/2018,3.3,291.143801,64806.3,ME,4.5275,1.91,251.214,20798.73,1334,Maine
8/31/2018,3.3,316.0283267,64806.3,ME,4.55,1.91,251.663,20798.73,1273,Maine
9/30/2018,3.3,405.4599675,64806.3,ME,4.6275,1.95,252.182,20798.73,1314,Maine
10/31/2018,3.3,427.735629,64806.3,ME,4.83,2.19,252.772,20917.867,1272,Maine
11/30/2018,3.3,414.8232698,64806.3,ME,4.866,2.2,252.594,20917.867,1340,Maine
12/31/2018,3.2,405.7884338,64806.3,ME,4.6375,2.27,252.767,20917.867,1317,Maine
1/31/2019,3.1,553.2478895,66758.4,ME,4.464,2.4,252.561,21111.6,1254,Maine
2/28/2019,3,588.8918257,66758.4,ME,4.37,2.4,253.319,21111.6,1286,Maine
3/31/2019,2.9,679.3767934,66758.4,ME,4.265,2.41,254.277,21111.6,1295,Maine
4/30/2019,2.8,282.9632765,66758.4,ME,4.1425,2.42,255.233,21397.938,1322,Maine
5/31/2019,2.7,354.9193617,66758.4,ME,4.072,2.39,255.296,21397.938,1347,Maine
6/30/2019,2.7,316.3440714,66758.4,ME,3.8025,2.38,255.213,21397.938,1299,Maine
7/31/2019,2.8,387.3049957,66758.4,ME,3.765,2.4,255.802,21717.171,1379,Maine
8/31/2019,2.8,404.7601223,66758.4,ME,3.616,2.13,256.036,21717.171,1482,Maine
9/30/2019,2.9,318.944459,66758.4,ME,3.605,2.04,256.43,21717.171,1469,Maine
10/31/2019,3,395.0231486,66758.4,ME,3.688,1.83,257.155,21933.217,1523,Maine
11/30/2019,3,347.8947979,66758.4,ME,3.695,1.55,257.879,21933.217,1535,Maine
12/31/2019,3.1,283.1915652,66758.4,ME,3.72,1.55,258.63,21933.217,1443,Maine
1/31/2020,3.2,344.221777,67639.2,ME,3.624,1.55,259.127,21751.238,1495,Maine
2/29/2020,3.2,401.1224965,67639.2,ME,3.465,1.58,259.25,21751.238,1455,Maine
3/31/2020,3.2,401.0604165,67639.2,ME,3.45,0.65,258.076,21751.238,1346,Maine
4/30/2020,9.3,427.5744512,67639.2,ME,3.306,0.05,256.032,19958.291,1076,Maine
5/31/2020,9.5,319.0568005,67639.2,ME,3.2325,0.05,255.802,19958.291,1250,Maine
6/30/2020,6.6,463.0035169,67639.2,ME,3.1625,0.08,257.042,19958.291,1334,Maine
7/31/2020,6.3,468.6413783,67639.2,ME,3.016,0.09,258.352,21704.437,1546,Maine
8/31/2020,4.2,433.5314358,67639.2,ME,2.935,0.1,259.316,21704.437,1533,Maine
9/30/2020,4,611.786763,67639.2,ME,2.89,0.09,259.997,21704.437,1636,Maine
10/31/2020,3.8,569.8858994,67639.2,ME,2.834,0.09,260.319,22087.16,1613,Maine
11/30/2020,3.9,517.7199919,67639.2,ME,2.765,0.09,260.911,22087.16,1703,Maine
12/31/2020,4.2,570.3663339,67639.2,ME,2.684,0.09,262.045,22087.16,1752,Maine
1/31/2021,4.4,650.1043289,71353.5,ME,2.735,0.09,262.639,22680.693,1855,Maine
2/28/2021,4.8,439.3903045,71353.5,ME,2.81,0.08,263.573,22680.693,1711,Maine
3/31/2021,5,510.7032832,71353.5,ME,3.0825,0.07,264.847,22680.693,1756,Maine
4/30/2021,5.2,568.228623,71353.5,ME,3.06,0.07,266.625,23425.91,1721,Maine
5/31/2021,5.1,586.4136146,71353.5,ME,2.9625,0.06,268.404,23425.91,1703,Maine
6/30/2021,5.2,623.9466596,71353.5,ME,2.975,0.08,270.71,23425.91,1654,Maine
7/31/2021,5,637.9219631,71353.5,ME,2.868,0.1,271.965,23982.379,1658,Maine
8/31/2021,4.9,551.7163288,71353.5,ME,2.8425,0.09,272.752,23982.379,1736,Maine
9/30/2021,4.6,435.8766106,71353.5,ME,2.9,0.08,273.942,23982.379,1640,Maine
10/31/2021,4.5,494.9040641,71353.5,ME,3.0675,0.08,276.528,24813.6,1707,Maine
11/30/2021,4.2,573.8676187,71353.5,ME,3.0675,0.08,278.824,24813.6,1765,Maine
12/31/2021,3.9,926.8996436,71353.5,ME,3.098,0.08,280.806,24813.6,1919,Maine
1/31/2022,3.7,597.7122646,72884.4,ME,3.445,0.08,282.542,25250.347,1920,Maine
2/28/2022,3.3,1408.861705,72884.4,ME,3.7625,0.08,284.525,25250.347,1857,Maine
3/31/2022,3,405.5952412,72884.4,ME,4.172,0.2,287.467,25250.347,1868,Maine
4/30/2022,2.9,559.0184562,72884.4,ME,4.9825,0.33,288.582,25861.292,1859,Maine
5/31/2022,2.8,497.2872942,72884.4,ME,5.23,0.77,291.299,25861.292,1704,Maine
6/30/2022,2.7,472.5661963,72884.4,ME,5.522,1.21,295.072,25861.292,1737,Maine
7/31/2022,2.6,466.8253398,72884.4,ME,5.4125,1.68,294.94,26336.304,1703,Maine
8/31/2022,2.5,475.6756237,72884.4,ME,5.2225,2.33,295.162,26336.304,1557,Maine
9/30/2022,2.6,447.6012661,72884.4,ME,6.112,2.56,296.421,26336.304,1600,Maine
10/31/2022,2.7,416.2437361,72884.4,ME,6.9,3.08,297.979,26770.514,1594,Maine
11/30/2022,2.7,470.9833956,72884.4,ME,6.805,3.78,298.708,26770.514,1401,Maine
12/31/2022,2.6,480.663834,72884.4,ME,6.364,4.1,298.808,26770.514,1410,Maine
1/31/2023,2.5,340.5433169,75514,ME,6.2725,4.33,300.456,27216.445,1410,Maine
2/28/2023,2.5,423.8533926,75514,ME,6.2575,4.57,301.476,27216.445,1618,Maine
3/31/2023,2.4,449.6238711,75514,ME,6.544,4.65,301.643,27216.445,1480,Maine
4/30/2023,2.4,500.8199755,75514,ME,6.3425,4.83,302.858,27530.055,1474,Maine
5/31/2023,2.5,540.613271,75514,ME,6.425,5.06,303.316,27530.055,1575,Maine
6/30/2023,2.5,498.4142347,75514,ME,6.714,5.08,304.099,27530.055,1464,Maine
7/31/2023,2.6,438.3596458,75514,ME,6.84,5.12,304.615,28074.846,1522,Maine
8/31/2023,2.7,589.7371974,75514,ME,7.072,5.33,306.138,28074.846,1561,Maine
9/30/2023,2.8,610.4037022,75514,ME,7.2,5.33,307.374,28074.846,1537,Maine
10/31/2023,2.8,503.2270449,75514,ME,7.62,5.33,307.653,28424.722,1528,Maine
11/30/2023,2.8,538.612995,75514,ME,7.442,5.33,308.087,28424.722,1503,Maine
12/31/2023,2.8,412.5657869,75514,ME,6.815,5.33,308.735,28424.722,1519,Maine
1/31/2024,2.8,510.1849108,77758.6,ME,6.6425,5.33,309.794,28708.161,1545,Maine
2/29/2024,2.8,575.234996,77758.6,ME,6.776,5.33,311.022,28708.161,1577,Maine
3/31/2024,2.8,518.0136284,77758.6,ME,6.82,5.33,312.107,28708.161,1476,Maine
4/30/2024,2.8,451.1426418,77758.6,ME,6.9925,5.33,313.016,29147.044,1459,Maine
5/31/2024,2.9,510.2426276,77758.6,ME,7.06,5.33,313.14,29147.044,1407,Maine
6/30/2024,3,490.4278118,77758.6,ME,6.9175,5.33,313.131,29147.044,1461,Maine
7/31/2024,3.1,477.235578,77758.6,ME,6.8475,5.33,313.566,29511.664,1436,Maine
8/31/2024,3.2,516.3720472,77758.6,ME,6.5,5.33,314.131,29511.664,1476,Maine
9/30/2024,3.4,457.9350557,77758.6,ME,6.18,5.13,314.851,29511.664,1434,Maine
10/31/2024,3.4,551.1435207,77758.6,ME,6.428,4.83,315.564,29825.182,1428,Maine
11/30/2024,3.4,489.5042271,77758.6,ME,6.805,4.64,316.449,29825.182,1508,Maine
12/31/2024,3.4,560.5871267,77758.6,ME,6.715,4.48,317.603,29825.182,1480,Maine
1/31/2025,3.5,638.4747288,77758.6,ME,6.958,4.33,319.086,30042.113,1460,Maine
2/28/2025,3.5,544.5898684,77758.6,ME,6.8425,4.33,319.775,30042.113,1454,Maine
3/31/2025,3.5,646.1359917,77758.6,ME,6.65,4.33,319.615,30042.113,1481,Maine
4/30/2025,3.5,556.036659,77758.6,ME,6.725,4.33,320.321,30485.729,1422,Maine
5/31/2025,3.4,479.492809,77758.6,ME,6.816,4.33,320.58,30485.729,1394,Maine
6/30/2025,3.3,482.8153656,77758.6,ME,6.8175,4.33,321.5,30485.729,1393,Maine
7/31/2025,3.2,520.8069873,77758.6,ME,6.72,4.33,322.132,30485.729,1362,Maine
8/31/2025,3.2,442.1534848,77758.6,ME,6.5875,4.33,323.364,30485.729,1330,Maine
9/30/2025,4.4,1258.406926,77758.6,ME,6.3525,4.22,323.364,30485.729,1330,Maine
1/31/2012,7,1029.85415,361561.8,MD,3.915,0.08,227.842,16068.805,712,Maryland
2/29/2012,6.9,1210.01599,361561.8,MD,3.89,0.1,228.329,16068.805,738,Maryland
3/31/2012,6.9,975.4310359,361561.8,MD,3.954,0.13,228.807,16068.805,806,Maryland
4/30/2012,6.9,938.0168291,361561.8,MD,3.91,0.14,229.187,16207.115,732,Maryland
5/31/2012,6.9,995.3645425,361561.8,MD,3.798,0.16,228.713,16207.115,796,Maryland
6/30/2012,6.9,1077.01965,361561.8,MD,3.675,0.16,228.524,16207.115,794,Maryland
7/31/2012,6.9,1148.315156,361561.8,MD,3.55,0.16,228.59,16319.541,849,Maryland
8/31/2012,6.8,1116.944092,361561.8,MD,3.602,0.13,229.918,16319.541,840,Maryland
9/30/2012,6.8,1224.505638,361561.8,MD,3.4975,0.14,231.015,16319.541,930,Maryland
10/31/2012,6.8,1232.2685,361561.8,MD,3.3825,0.16,231.638,16420.419,887,Maryland
11/30/2012,6.8,1486.448056,361561.8,MD,3.352,0.16,231.249,16420.419,917,Maryland
12/31/2012,6.8,1575.522783,361561.8,MD,3.345,0.16,231.221,16420.419,941,Maryland
1/31/2013,6.8,1234.243145,364633.2,MD,3.414,0.14,231.679,16648.189,940,Maryland
2/28/2013,6.9,1175.729912,364633.2,MD,3.5325,0.15,232.937,16648.189,980,Maryland
3/31/2013,6.8,1671.000306,364633.2,MD,3.565,0.14,232.282,16648.189,936,Maryland
4/30/2013,6.8,1727.084056,364633.2,MD,3.445,0.15,231.797,16728.687,1012,Maryland
5/31/2013,6.7,1276.419317,364633.2,MD,3.536,0.11,231.893,16728.687,1003,Maryland
6/30/2013,6.7,1621.71974,364633.2,MD,4.07,0.09,232.445,16728.687,942,Maryland
7/31/2013,6.6,1239.826437,364633.2,MD,4.37,0.09,232.9,16953.838,997,Maryland
8/31/2013,6.5,1254.140001,364633.2,MD,4.456,0.08,233.456,16953.838,964,Maryland
9/30/2013,6.4,2213.263354,364633.2,MD,4.49,0.08,233.544,16953.838,1004,Maryland
10/31/2013,6.3,1850.20497,364633.2,MD,4.192,0.09,233.669,17192.019,1044,Maryland
11/30/2013,6.2,1485.173922,364633.2,MD,4.255,0.08,234.1,17192.019,1029,Maryland
12/31/2013,6.1,1344.786433,364633.2,MD,4.4575,0.09,234.719,17192.019,1005,Maryland
1/31/2014,6,1432.196205,370343.9,MD,4.432,0.07,235.288,17197.738,976,Maryland
2/28/2014,5.9,1563.546799,370343.9,MD,4.3025,0.07,235.547,17197.738,1039,Maryland
3/31/2014,5.9,1051.640173,370343.9,MD,4.3425,0.08,236.028,17197.738,1067,Maryland
4/30/2014,5.9,1241.517413,370343.9,MD,4.3375,0.09,236.468,17518.508,1090,Maryland
5/31/2014,5.8,1102.617905,370343.9,MD,4.192,0.09,236.918,17518.508,1018,Maryland
6/30/2014,5.8,1146.957352,370343.9,MD,4.1625,0.1,237.231,17518.508,1010,Maryland
7/31/2014,5.8,1933.529222,370343.9,MD,4.13,0.09,237.498,17804.228,1076,Maryland
8/31/2014,5.7,1230.000096,370343.9,MD,4.115,0.09,237.46,17804.228,1047,Maryland
9/30/2014,5.6,1799.707342,370343.9,MD,4.1625,0.09,237.477,17804.228,1077,Maryland
10/31/2014,5.5,1280.127859,370343.9,MD,4.036,0.09,237.43,17912.079,1094,Maryland
11/30/2014,5.5,1603.408681,370343.9,MD,3.9975,0.09,236.983,17912.079,1059,Maryland
12/31/2014,5.4,1247.167239,370343.9,MD,3.864,0.12,236.252,17912.079,1072,Maryland
1/31/2015,5.4,1408.222693,378745.9,MD,3.67,0.11,234.747,18063.529,1049,Maryland
2/28/2015,5.3,1105.631443,378745.9,MD,3.71,0.11,235.342,18063.529,1127,Maryland
3/31/2015,5.3,1013.484503,378745.9,MD,3.77,0.11,235.976,18063.529,1072,Maryland
4/30/2015,5.2,1332.829759,378745.9,MD,3.672,0.12,236.222,18279.784,1166,Maryland
5/31/2015,5.1,1354.604132,378745.9,MD,3.84,0.12,237.001,18279.784,1272,Maryland
6/30/2015,5.1,1583.639609,378745.9,MD,3.9825,0.13,237.657,18279.784,1379,Maryland
7/31/2015,5,1396.920055,378745.9,MD,4.046,0.13,238.034,18401.626,1140,Maryland
8/31/2015,5,1527.877413,378745.9,MD,3.905,0.14,238.033,18401.626,1165,Maryland
9/30/2015,4.9,1308.573555,378745.9,MD,3.89,0.14,237.498,18401.626,1144,Maryland
10/31/2015,4.8,1435.5561,378745.9,MD,3.796,0.12,237.733,18435.137,1160,Maryland
11/30/2015,4.7,1166.131148,378745.9,MD,3.9425,0.12,238.017,18435.137,1244,Maryland
12/31/2015,4.6,1323.415074,378745.9,MD,3.964,0.24,237.761,18435.137,1211,Maryland
1/31/2016,4.5,1186.521805,391950.9,MD,3.8725,0.34,237.652,18525.933,1171,Maryland
2/29/2016,4.4,1362.043802,391950.9,MD,3.66,0.38,237.336,18525.933,1172,Maryland
3/31/2016,4.3,1279.449097,391950.9,MD,3.694,0.36,238.08,18525.933,1118,Maryland
4/30/2016,4.2,1262.647662,391950.9,MD,3.605,0.37,238.992,18711.702,1160,Maryland
5/31/2016,4.2,2298.770507,391950.9,MD,3.6,0.37,239.557,18711.702,1205,Maryland
6/30/2016,4.2,1298.12814,391950.9,MD,3.568,0.38,240.222,18711.702,1208,Maryland
7/31/2016,4.2,1065.431134,391950.9,MD,3.44,0.39,240.101,18892.639,1198,Maryland
8/31/2016,4.2,1069.561832,391950.9,MD,3.435,0.4,240.545,18892.639,1201,Maryland
9/30/2016,4.2,987.038943,391950.9,MD,3.46,0.4,241.176,18892.639,1303,Maryland
10/31/2016,4.2,1147.336243,391950.9,MD,3.47,0.4,241.741,19089.379,1254,Maryland
11/30/2016,4.2,1117.771811,391950.9,MD,3.77,0.41,242.026,19089.379,1230,Maryland
12/31/2016,4.2,1184.573803,391950.9,MD,4.198,0.54,242.637,19089.379,1248,Maryland
1/31/2017,4.2,1122.391005,399714.5,MD,4.15,0.65,243.618,19280.084,1303,Maryland
2/28/2017,4.1,1282.714701,399714.5,MD,4.1675,0.66,244.006,19280.084,1234,Maryland
3/31/2017,4.1,1531.093568,399714.5,MD,4.196,0.79,243.892,19280.084,1272,Maryland
4/30/2017,4,1298.81772,399714.5,MD,4.045,0.9,244.193,19438.643,1251,Maryland
5/31/2017,4,1562.524814,399714.5,MD,4.01,0.91,244.004,19438.643,1208,Maryland
6/30/2017,4,1342.920765,399714.5,MD,3.904,1.04,244.163,19438.643,1353,Maryland
7/31/2017,4,1475.864082,399714.5,MD,3.9675,1.15,244.243,19692.595,1256,Maryland
8/31/2017,4,1482.662531,399714.5,MD,3.88,1.16,245.183,19692.595,1319,Maryland
9/30/2017,4.1,1680.901095,399714.5,MD,3.805,1.15,246.435,19692.595,1273,Maryland
10/31/2017,4.1,1064.413918,399714.5,MD,3.895,1.15,246.626,20037.088,1356,Maryland
11/30/2017,4.1,1278.671614,399714.5,MD,3.922,1.16,247.284,20037.088,1299,Maryland
12/31/2017,4.1,899.6659173,399714.5,MD,3.95,1.3,247.805,20037.088,1311,Maryland
1/31/2018,4.1,1426.36706,402480.9,MD,4.0325,1.41,248.859,20328.553,1317,Maryland
2/28/2018,4,1280.047165,402480.9,MD,4.33,1.42,249.529,20328.553,1321,Maryland
3/31/2018,4,1717.647244,402480.9,MD,4.444,1.51,249.577,20328.553,1385,Maryland
4/30/2018,3.9,1494.58969,402480.9,MD,4.4675,1.69,250.227,20580.912,1378,Maryland
5/31/2018,3.8,1164.641572,402480.9,MD,4.586,1.7,250.792,20580.912,1338,Maryland
6/30/2018,3.8,1187.907951,402480.9,MD,4.57,1.82,251.018,20580.912,1345,Maryland
7/31/2018,3.7,1925.371012,402480.9,MD,4.5275,1.91,251.214,20798.73,1334,Maryland
8/31/2018,3.7,2101.106538,402480.9,MD,4.55,1.91,251.663,20798.73,1273,Maryland
9/30/2018,3.7,1415.797673,402480.9,MD,4.6275,1.95,252.182,20798.73,1314,Maryland
10/31/2018,3.7,1448.497138,402480.9,MD,4.83,2.19,252.772,20917.867,1272,Maryland
11/30/2018,3.7,1763.064826,402480.9,MD,4.866,2.2,252.594,20917.867,1340,Maryland
12/31/2018,3.6,1451.464296,402480.9,MD,4.6375,2.27,252.767,20917.867,1317,Maryland
1/31/2019,3.6,1752.266801,402506.2,MD,4.464,2.4,252.561,21111.6,1254,Maryland
2/28/2019,3.5,1069.184581,402506.2,MD,4.37,2.4,253.319,21111.6,1286,Maryland
3/31/2019,3.5,1515.310659,402506.2,MD,4.265,2.41,254.277,21111.6,1295,Maryland
4/30/2019,3.4,1762.70952,402506.2,MD,4.1425,2.42,255.233,21397.938,1322,Maryland
5/31/2019,3.4,1964.029941,402506.2,MD,4.072,2.39,255.296,21397.938,1347,Maryland
6/30/2019,3.4,1600.338238,402506.2,MD,3.8025,2.38,255.213,21397.938,1299,Maryland
7/31/2019,3.4,1391.477065,402506.2,MD,3.765,2.4,255.802,21717.171,1379,Maryland
8/31/2019,3.4,1266.37453,402506.2,MD,3.616,2.13,256.036,21717.171,1482,Maryland
9/30/2019,3.3,1314.18278,402506.2,MD,3.605,2.04,256.43,21717.171,1469,Maryland
10/31/2019,3.3,1692.254008,402506.2,MD,3.688,1.83,257.155,21933.217,1523,Maryland
11/30/2019,3.2,1401.651979,402506.2,MD,3.695,1.55,257.879,21933.217,1535,Maryland
12/31/2019,3.2,1676.950395,402506.2,MD,3.72,1.55,258.63,21933.217,1443,Maryland
1/31/2020,3.3,1398.732211,389178.6,MD,3.624,1.55,259.127,21751.238,1495,Maryland
2/29/2020,3.4,1359.499384,389178.6,MD,3.465,1.58,259.25,21751.238,1455,Maryland
3/31/2020,3.5,1404.181781,389178.6,MD,3.45,0.65,258.076,21751.238,1346,Maryland
4/30/2020,9,1121.322652,389178.6,MD,3.306,0.05,256.032,19958.291,1076,Maryland
5/31/2020,8.8,1394.089509,389178.6,MD,3.2325,0.05,255.802,19958.291,1250,Maryland
6/30/2020,8.1,1314.182487,389178.6,MD,3.1625,0.08,257.042,19958.291,1334,Maryland
7/31/2020,7.9,1437.500351,389178.6,MD,3.016,0.09,258.352,21704.437,1546,Maryland
8/31/2020,7.2,1664.109961,389178.6,MD,2.935,0.1,259.316,21704.437,1533,Maryland
9/30/2020,7.1,1740.518033,389178.6,MD,2.89,0.09,259.997,21704.437,1636,Maryland
10/31/2020,6.7,1955.495364,389178.6,MD,2.834,0.09,260.319,22087.16,1613,Maryland
11/30/2020,6.6,1729.814433,389178.6,MD,2.765,0.09,260.911,22087.16,1703,Maryland
12/31/2020,6.6,1905.138275,389178.6,MD,2.684,0.09,262.045,22087.16,1752,Maryland
1/31/2021,6.4,1231.835211,407160.1,MD,2.735,0.09,262.639,22680.693,1855,Maryland
2/28/2021,6.2,1869.640434,407160.1,MD,2.81,0.08,263.573,22680.693,1711,Maryland
3/31/2021,6.1,1442.686778,407160.1,MD,3.0825,0.07,264.847,22680.693,1756,Maryland
4/30/2021,5.9,1374.782491,407160.1,MD,3.06,0.07,266.625,23425.91,1721,Maryland
5/31/2021,5.7,1250.2296,407160.1,MD,2.9625,0.06,268.404,23425.91,1703,Maryland
6/30/2021,5.6,1680.247176,407160.1,MD,2.975,0.08,270.71,23425.91,1654,Maryland
7/31/2021,5.3,1371.553339,407160.1,MD,2.868,0.1,271.965,23982.379,1658,Maryland
8/31/2021,5,1597.610523,407160.1,MD,2.8425,0.09,272.752,23982.379,1736,Maryland
9/30/2021,4.6,1618.635803,407160.1,MD,2.9,0.08,273.942,23982.379,1640,Maryland
10/31/2021,4.2,1293.269363,407160.1,MD,3.0675,0.08,276.528,24813.6,1707,Maryland
11/30/2021,3.9,1341.431518,407160.1,MD,3.0675,0.08,278.824,24813.6,1765,Maryland
12/31/2021,3.5,1272.249246,407160.1,MD,3.098,0.08,280.806,24813.6,1919,Maryland
1/31/2022,3.5,1901.835554,412670.7,MD,3.445,0.08,282.542,25250.347,1920,Maryland
2/28/2022,3.3,1662.478055,412670.7,MD,3.7625,0.08,284.525,25250.347,1857,Maryland
3/31/2022,3.1,2078.891019,412670.7,MD,4.172,0.2,287.467,25250.347,1868,Maryland
4/30/2022,3.1,2057.698125,412670.7,MD,4.9825,0.33,288.582,25861.292,1859,Maryland
5/31/2022,3,1365.471704,412670.7,MD,5.23,0.77,291.299,25861.292,1704,Maryland
6/30/2022,3,1912.917694,412670.7,MD,5.522,1.21,295.072,25861.292,1737,Maryland
7/31/2022,3,2175.141884,412670.7,MD,5.4125,1.68,294.94,26336.304,1703,Maryland
8/31/2022,3,1118.647934,412670.7,MD,5.2225,2.33,295.162,26336.304,1557,Maryland
9/30/2022,2.8,1498.874873,412670.7,MD,6.112,2.56,296.421,26336.304,1600,Maryland
10/31/2022,2.8,976.3125965,412670.7,MD,6.9,3.08,297.979,26770.514,1594,Maryland
11/30/2022,2.6,1399.248285,412670.7,MD,6.805,3.78,298.708,26770.514,1401,Maryland
12/31/2022,2.4,1420.883636,412670.7,MD,6.364,4.1,298.808,26770.514,1410,Maryland
1/31/2023,2.3,1376.472769,420558,MD,6.2725,4.33,300.456,27216.445,1410,Maryland
2/28/2023,2.2,1329.050428,420558,MD,6.2575,4.57,301.476,27216.445,1618,Maryland
3/31/2023,2,999.5602744,420558,MD,6.544,4.65,301.643,27216.445,1480,Maryland
4/30/2023,1.9,1207.364324,420558,MD,6.3425,4.83,302.858,27530.055,1474,Maryland
5/31/2023,1.9,1538.017303,420558,MD,6.425,5.06,303.316,27530.055,1575,Maryland
6/30/2023,1.9,1168.529624,420558,MD,6.714,5.08,304.099,27530.055,1464,Maryland
7/31/2023,2,1422.257685,420558,MD,6.84,5.12,304.615,28074.846,1522,Maryland
8/31/2023,2.2,1579.454409,420558,MD,7.072,5.33,306.138,28074.846,1561,Maryland
9/30/2023,2.3,876.7452398,420558,MD,7.2,5.33,307.374,28074.846,1537,Maryland
10/31/2023,2.4,1666.064943,420558,MD,7.62,5.33,307.653,28424.722,1528,Maryland
11/30/2023,2.5,1623.4177,420558,MD,7.442,5.33,308.087,28424.722,1503,Maryland
12/31/2023,2.7,1465.583263,420558,MD,6.815,5.33,308.735,28424.722,1519,Maryland
1/31/2024,2.7,925.7840196,433105.9,MD,6.6425,5.33,309.794,28708.161,1545,Maryland
2/29/2024,2.8,1384.716304,433105.9,MD,6.776,5.33,311.022,28708.161,1577,Maryland
3/31/2024,2.9,1666.968745,433105.9,MD,6.82,5.33,312.107,28708.161,1476,Maryland
4/30/2024,2.9,2130.476798,433105.9,MD,6.9925,5.33,313.016,29147.044,1459,Maryland
5/31/2024,3,1346.779138,433105.9,MD,7.06,5.33,313.14,29147.044,1407,Maryland
6/30/2024,3.1,1366.132187,433105.9,MD,6.9175,5.33,313.131,29147.044,1461,Maryland
7/31/2024,3.2,1390.92134,433105.9,MD,6.8475,5.33,313.566,29511.664,1436,Maryland
8/31/2024,3.2,1468.783053,433105.9,MD,6.5,5.33,314.131,29511.664,1476,Maryland
9/30/2024,3.2,1219.874898,433105.9,MD,6.18,5.13,314.851,29511.664,1434,Maryland
10/31/2024,3.2,1351.768043,433105.9,MD,6.428,4.83,315.564,29825.182,1428,Maryland
11/30/2024,3.1,1162.121082,433105.9,MD,6.805,4.64,316.449,29825.182,1508,Maryland
12/31/2024,3.1,1245.527699,433105.9,MD,6.715,4.48,317.603,29825.182,1480,Maryland
1/31/2025,3,1309.336044,433105.9,MD,6.958,4.33,319.086,30042.113,1460,Maryland
2/28/2025,3,1444.162137,433105.9,MD,6.8425,4.33,319.775,30042.113,1454,Maryland
3/31/2025,3,1016.800189,433105.9,MD,6.65,4.33,319.615,30042.113,1481,Maryland
4/30/2025,3.1,1209.140281,433105.9,MD,6.725,4.33,320.321,30485.729,1422,Maryland
5/31/2025,3.2,1420.524766,433105.9,MD,6.816,4.33,320.58,30485.729,1394,Maryland
6/30/2025,3.3,1046.189532,433105.9,MD,6.8175,4.33,321.5,30485.729,1393,Maryland
7/31/2025,3.4,1195.112915,433105.9,MD,6.72,4.33,322.132,30485.729,1362,Maryland
8/31/2025,3.6,923.446185,433105.9,MD,6.5875,4.33,323.364,30485.729,1330,Maryland
9/30/2025,4.4,1258.406926,433105.9,MD,6.3525,4.22,323.364,30485.729,1330,Maryland
1/31/2012,6.7,587.5573565,483286.3,MA,3.915,0.08,227.842,16068.805,712,Massachusetts
2/29/2012,6.7,1554.658652,483286.3,MA,3.89,0.1,228.329,16068.805,738,Massachusetts
3/31/2012,6.7,736.4990373,483286.3,MA,3.954,0.13,228.807,16068.805,806,Massachusetts
4/30/2012,6.7,1031.856526,483286.3,MA,3.91,0.14,229.187,16207.115,732,Massachusetts
5/31/2012,6.7,975.30896,483286.3,MA,3.798,0.16,228.713,16207.115,796,Massachusetts
6/30/2012,6.7,451.8891075,483286.3,MA,3.675,0.16,228.524,16207.115,794,Massachusetts
7/31/2012,6.7,732.3654837,483286.3,MA,3.55,0.16,228.59,16319.541,849,Massachusetts
8/31/2012,6.7,1095.4988,483286.3,MA,3.602,0.13,229.918,16319.541,840,Massachusetts
9/30/2012,6.7,677.4147842,483286.3,MA,3.4975,0.14,231.015,16319.541,930,Massachusetts
10/31/2012,6.7,783.4854332,483286.3,MA,3.3825,0.16,231.638,16420.419,887,Massachusetts
11/30/2012,6.7,907.8575777,483286.3,MA,3.352,0.16,231.249,16420.419,917,Massachusetts
12/31/2012,6.7,883.869306,483286.3,MA,3.345,0.16,231.221,16420.419,941,Massachusetts
1/31/2013,6.7,1004.105845,486991.8,MA,3.414,0.14,231.679,16648.189,940,Massachusetts
2/28/2013,6.8,999.1847112,486991.8,MA,3.5325,0.15,232.937,16648.189,980,Massachusetts
3/31/2013,6.8,1098.008652,486991.8,MA,3.565,0.14,232.282,16648.189,936,Massachusetts
4/30/2013,6.8,1077.905273,486991.8,MA,3.445,0.15,231.797,16728.687,1012,Massachusetts
5/31/2013,6.8,905.8455319,486991.8,MA,3.536,0.11,231.893,16728.687,1003,Massachusetts
6/30/2013,6.8,1205.460852,486991.8,MA,4.07,0.09,232.445,16728.687,942,Massachusetts
7/31/2013,6.7,1893.634303,486991.8,MA,4.37,0.09,232.9,16953.838,997,Massachusetts
8/31/2013,6.7,1072.195214,486991.8,MA,4.456,0.08,233.456,16953.838,964,Massachusetts
9/30/2013,6.6,1193.806998,486991.8,MA,4.49,0.08,233.544,16953.838,1004,Massachusetts
10/31/2013,6.5,1010.194163,486991.8,MA,4.192,0.09,233.669,17192.019,1044,Massachusetts
11/30/2013,6.4,817.7370775,486991.8,MA,4.255,0.08,234.1,17192.019,1029,Massachusetts
12/31/2013,6.3,1346.597401,486991.8,MA,4.4575,0.09,234.719,17192.019,1005,Massachusetts
1/31/2014,6.2,1383.291458,496250.9,MA,4.432,0.07,235.288,17197.738,976,Massachusetts
2/28/2014,6.1,1322.072683,496250.9,MA,4.3025,0.07,235.547,17197.738,1039,Massachusetts
3/31/2014,6,900.4855241,496250.9,MA,4.3425,0.08,236.028,17197.738,1067,Massachusetts
4/30/2014,5.9,1085.677397,496250.9,MA,4.3375,0.09,236.468,17518.508,1090,Massachusetts
5/31/2014,5.9,1109.647047,496250.9,MA,4.192,0.09,236.918,17518.508,1018,Massachusetts
6/30/2014,5.8,943.0918976,496250.9,MA,4.1625,0.1,237.231,17518.508,1010,Massachusetts
7/31/2014,5.7,1199.931323,496250.9,MA,4.13,0.09,237.498,17804.228,1076,Massachusetts
8/31/2014,5.7,1130.339734,496250.9,MA,4.115,0.09,237.46,17804.228,1047,Massachusetts
9/30/2014,5.6,1036.586879,496250.9,MA,4.1625,0.09,237.477,17804.228,1077,Massachusetts
10/31/2014,5.5,1136.240007,496250.9,MA,4.036,0.09,237.43,17912.079,1094,Massachusetts
11/30/2014,5.4,1344.366435,496250.9,MA,3.9975,0.09,236.983,17912.079,1059,Massachusetts
12/31/2014,5.3,920.2760166,496250.9,MA,3.864,0.12,236.252,17912.079,1072,Massachusetts
1/31/2015,5.2,2176.207402,514398.7,MA,3.67,0.11,234.747,18063.529,1049,Massachusetts
2/28/2015,5.1,952.4457638,514398.7,MA,3.71,0.11,235.342,18063.529,1127,Massachusetts
3/31/2015,5,1492.933488,514398.7,MA,3.77,0.11,235.976,18063.529,1072,Massachusetts
4/30/2015,5,1160.254036,514398.7,MA,3.672,0.12,236.222,18279.784,1166,Massachusetts
5/31/2015,4.9,1992.76872,514398.7,MA,3.84,0.12,237.001,18279.784,1272,Massachusetts
6/30/2015,4.8,1240.96582,514398.7,MA,3.9825,0.13,237.657,18279.784,1379,Massachusetts
7/31/2015,4.7,1047.970641,514398.7,MA,4.046,0.13,238.034,18401.626,1140,Massachusetts
8/31/2015,4.7,1380.952694,514398.7,MA,3.905,0.14,238.033,18401.626,1165,Massachusetts
9/30/2015,4.6,1774.668999,514398.7,MA,3.89,0.14,237.498,18401.626,1144,Massachusetts
10/31/2015,4.6,1332.383222,514398.7,MA,3.796,0.12,237.733,18435.137,1160,Massachusetts
11/30/2015,4.5,1401.375934,514398.7,MA,3.9425,0.12,238.017,18435.137,1244,Massachusetts
12/31/2015,4.5,1333.013413,514398.7,MA,3.964,0.24,237.761,18435.137,1211,Massachusetts
1/31/2016,4.4,931.2005088,521662.8,MA,3.8725,0.34,237.652,18525.933,1171,Massachusetts
2/29/2016,4.3,1314.498187,521662.8,MA,3.66,0.38,237.336,18525.933,1172,Massachusetts
3/31/2016,4.2,1096.478816,521662.8,MA,3.694,0.36,238.08,18525.933,1118,Massachusetts
4/30/2016,4.1,1346.179474,521662.8,MA,3.605,0.37,238.992,18711.702,1160,Massachusetts
5/31/2016,4.1,846.3328972,521662.8,MA,3.6,0.37,239.557,18711.702,1205,Massachusetts
6/30/2016,4,1116.843104,521662.8,MA,3.568,0.38,240.222,18711.702,1208,Massachusetts
7/31/2016,3.9,1185.174032,521662.8,MA,3.44,0.39,240.101,18892.639,1198,Massachusetts
8/31/2016,3.9,1138.55999,521662.8,MA,3.435,0.4,240.545,18892.639,1201,Massachusetts
9/30/2016,3.8,1799.563592,521662.8,MA,3.46,0.4,241.176,18892.639,1303,Massachusetts
10/31/2016,3.8,1030.373314,521662.8,MA,3.47,0.4,241.741,19089.379,1254,Massachusetts
11/30/2016,3.8,1094.347302,521662.8,MA,3.77,0.41,242.026,19089.379,1230,Massachusetts
12/31/2016,3.9,870.235658,521662.8,MA,4.198,0.54,242.637,19089.379,1248,Massachusetts
1/31/2017,3.9,976.2674495,530129.4,MA,4.15,0.65,243.618,19280.084,1303,Massachusetts
2/28/2017,3.9,1016.596261,530129.4,MA,4.1675,0.66,244.006,19280.084,1234,Massachusetts
3/31/2017,3.9,2119.310616,530129.4,MA,4.196,0.79,243.892,19280.084,1272,Massachusetts
4/30/2017,3.9,1056.317632,530129.4,MA,4.045,0.9,244.193,19438.643,1251,Massachusetts
5/31/2017,3.9,1605.432309,530129.4,MA,4.01,0.91,244.004,19438.643,1208,Massachusetts
6/30/2017,3.8,1401.676115,530129.4,MA,3.904,1.04,244.163,19438.643,1353,Massachusetts
7/31/2017,3.8,1733.212867,530129.4,MA,3.9675,1.15,244.243,19692.595,1256,Massachusetts
8/31/2017,3.8,1337.594444,530129.4,MA,3.88,1.16,245.183,19692.595,1319,Massachusetts
9/30/2017,3.8,1391.295155,530129.4,MA,3.805,1.15,246.435,19692.595,1273,Massachusetts
10/31/2017,3.8,1525.196137,530129.4,MA,3.895,1.15,246.626,20037.088,1356,Massachusetts
11/30/2017,3.8,1036.754411,530129.4,MA,3.922,1.16,247.284,20037.088,1299,Massachusetts
12/31/2017,3.7,2137.670941,530129.4,MA,3.95,1.3,247.805,20037.088,1311,Massachusetts
1/31/2018,3.7,1694.735892,549262.1,MA,4.0325,1.41,248.859,20328.553,1317,Massachusetts
2/28/2018,3.6,1276.411613,549262.1,MA,4.33,1.42,249.529,20328.553,1321,Massachusetts
3/31/2018,3.6,1333.804906,549262.1,MA,4.444,1.51,249.577,20328.553,1385,Massachusetts
4/30/2018,3.6,979.4637004,549262.1,MA,4.4675,1.69,250.227,20580.912,1378,Massachusetts
5/31/2018,3.5,1936.955662,549262.1,MA,4.586,1.7,250.792,20580.912,1338,Massachusetts
6/30/2018,3.5,1198.495833,549262.1,MA,4.57,1.82,251.018,20580.912,1345,Massachusetts
7/31/2018,3.4,912.3988903,549262.1,MA,4.5275,1.91,251.214,20798.73,1334,Massachusetts
8/31/2018,3.4,967.1869929,549262.1,MA,4.55,1.91,251.663,20798.73,1273,Massachusetts
9/30/2018,3.3,907.600435,549262.1,MA,4.6275,1.95,252.182,20798.73,1314,Massachusetts
10/31/2018,3.3,1162.979955,549262.1,MA,4.83,2.19,252.772,20917.867,1272,Massachusetts
11/30/2018,3.3,1010.038651,549262.1,MA,4.866,2.2,252.594,20917.867,1340,Massachusetts
12/31/2018,3.3,1129.876746,549262.1,MA,4.6375,2.27,252.767,20917.867,1317,Massachusetts
1/31/2019,3.2,993.7241775,566326.8,MA,4.464,2.4,252.561,21111.6,1254,Massachusetts
2/28/2019,3.2,1136.694532,566326.8,MA,4.37,2.4,253.319,21111.6,1286,Massachusetts
3/31/2019,3.1,1049.555188,566326.8,MA,4.265,2.41,254.277,21111.6,1295,Massachusetts
4/30/2019,3.1,1185.671611,566326.8,MA,4.1425,2.42,255.233,21397.938,1322,Massachusetts
5/31/2019,3,940.2308703,566326.8,MA,4.072,2.39,255.296,21397.938,1347,Massachusetts
6/30/2019,3,1050.729482,566326.8,MA,3.8025,2.38,255.213,21397.938,1299,Massachusetts
7/31/2019,3,1153.937476,566326.8,MA,3.765,2.4,255.802,21717.171,1379,Massachusetts
8/31/2019,3,1380.652626,566326.8,MA,3.616,2.13,256.036,21717.171,1482,Massachusetts
9/30/2019,3,892.910473,566326.8,MA,3.605,2.04,256.43,21717.171,1469,Massachusetts
10/31/2019,3,1274.774065,566326.8,MA,3.688,1.83,257.155,21933.217,1523,Massachusetts
11/30/2019,3,1402.801205,566326.8,MA,3.695,1.55,257.879,21933.217,1535,Massachusetts
12/31/2019,3,1131.19185,566326.8,MA,3.72,1.55,258.63,21933.217,1443,Massachusetts
1/31/2020,3,2166.645085,560395.8,MA,3.624,1.55,259.127,21751.238,1495,Massachusetts
2/29/2020,3.1,1108.156219,560395.8,MA,3.465,1.58,259.25,21751.238,1455,Massachusetts
3/31/2020,3.1,1094.483275,560395.8,MA,3.45,0.65,258.076,21751.238,1346,Massachusetts
4/30/2020,17.8,617.2043434,560395.8,MA,3.306,0.05,256.032,19958.291,1076,Massachusetts
5/31/2020,14.3,1187.169066,560395.8,MA,3.2325,0.05,255.802,19958.291,1250,Massachusetts
6/30/2020,14.7,1382.30195,560395.8,MA,3.1625,0.08,257.042,19958.291,1334,Massachusetts
7/31/2020,12.5,1403.215089,560395.8,MA,3.016,0.09,258.352,21704.437,1546,Massachusetts
8/31/2020,10.4,1166.755708,560395.8,MA,2.935,0.1,259.316,21704.437,1533,Massachusetts
9/30/2020,9.6,1436.438501,560395.8,MA,2.89,0.09,259.997,21704.437,1636,Massachusetts
10/31/2020,8.4,1312.855798,560395.8,MA,2.834,0.09,260.319,22087.16,1613,Massachusetts
11/30/2020,7.8,1717.874199,560395.8,MA,2.765,0.09,260.911,22087.16,1703,Massachusetts
12/31/2020,7.4,1342.519266,560395.8,MA,2.684,0.09,262.045,22087.16,1752,Massachusetts
1/31/2021,6.8,1471.669234,597420,MA,2.735,0.09,262.639,22680.693,1855,Massachusetts
2/28/2021,6.4,1275.743873,597420,MA,2.81,0.08,263.573,22680.693,1711,Massachusetts
3/31/2021,6.1,1420.192349,597420,MA,3.0825,0.07,264.847,22680.693,1756,Massachusetts
4/30/2021,5.9,2406.761439,597420,MA,3.06,0.07,266.625,23425.91,1721,Massachusetts
5/31/2021,5.6,1677.768175,597420,MA,2.9625,0.06,268.404,23425.91,1703,Massachusetts
6/30/2021,5.5,1152.501276,597420,MA,2.975,0.08,270.71,23425.91,1654,Massachusetts
7/31/2021,5.2,1284.95415,597420,MA,2.868,0.1,271.965,23982.379,1658,Massachusetts
8/31/2021,5,1406.034576,597420,MA,2.8425,0.09,272.752,23982.379,1736,Massachusetts
9/30/2021,4.6,1845.410663,597420,MA,2.9,0.08,273.942,23982.379,1640,Massachusetts
10/31/2021,4.4,1241.637946,597420,MA,3.0675,0.08,276.528,24813.6,1707,Massachusetts
11/30/2021,4.1,1103.034166,597420,MA,3.0675,0.08,278.824,24813.6,1765,Massachusetts
12/31/2021,3.9,2009.978039,597420,MA,3.098,0.08,280.806,24813.6,1919,Massachusetts
1/31/2022,3.8,1362.438273,607470.6,MA,3.445,0.08,282.542,25250.347,1920,Massachusetts
2/28/2022,3.7,2418.40787,607470.6,MA,3.7625,0.08,284.525,25250.347,1857,Massachusetts
3/31/2022,3.6,1660.82199,607470.6,MA,4.172,0.2,287.467,25250.347,1868,Massachusetts
4/30/2022,3.6,2166.550736,607470.6,MA,4.9825,0.33,288.582,25861.292,1859,Massachusetts
5/31/2022,3.6,1350.75068,607470.6,MA,5.23,0.77,291.299,25861.292,1704,Massachusetts
6/30/2022,3.6,1810.310038,607470.6,MA,5.522,1.21,295.072,25861.292,1737,Massachusetts
7/31/2022,3.6,1604.076688,607470.6,MA,5.4125,1.68,294.94,26336.304,1703,Massachusetts
8/31/2022,3.7,1269.836993,607470.6,MA,5.2225,2.33,295.162,26336.304,1557,Massachusetts
9/30/2022,3.6,1626.006032,607470.6,MA,6.112,2.56,296.421,26336.304,1600,Massachusetts
10/31/2022,3.6,1310.125628,607470.6,MA,6.9,3.08,297.979,26770.514,1594,Massachusetts
11/30/2022,3.6,1448.101291,607470.6,MA,6.805,3.78,298.708,26770.514,1401,Massachusetts
12/31/2022,3.5,1120.277621,607470.6,MA,6.364,4.1,298.808,26770.514,1410,Massachusetts
1/31/2023,3.5,1229.507166,614786.1,MA,6.2725,4.33,300.456,27216.445,1410,Massachusetts
2/28/2023,3.5,1274.997474,614786.1,MA,6.2575,4.57,301.476,27216.445,1618,Massachusetts
3/31/2023,3.5,1338.774875,614786.1,MA,6.544,4.65,301.643,27216.445,1480,Massachusetts
4/30/2023,3.3,906.5461409,614786.1,MA,6.3425,4.83,302.858,27530.055,1474,Massachusetts
5/31/2023,3.4,1373.750569,614786.1,MA,6.425,5.06,303.316,27530.055,1575,Massachusetts
6/30/2023,3.4,1128.240046,614786.1,MA,6.714,5.08,304.099,27530.055,1464,Massachusetts
7/31/2023,3.4,1182.403054,614786.1,MA,6.84,5.12,304.615,28074.846,1522,Massachusetts
8/31/2023,3.5,1281.316526,614786.1,MA,7.072,5.33,306.138,28074.846,1561,Massachusetts
9/30/2023,3.5,1033.511066,614786.1,MA,7.2,5.33,307.374,28074.846,1537,Massachusetts
10/31/2023,3.6,1010.69182,614786.1,MA,7.62,5.33,307.653,28424.722,1528,Massachusetts
11/30/2023,3.6,839.5388888,614786.1,MA,7.442,5.33,308.087,28424.722,1503,Massachusetts
12/31/2023,3.7,1352.344606,614786.1,MA,6.815,5.33,308.735,28424.722,1519,Massachusetts
1/31/2024,3.7,1505.731233,628786.9,MA,6.6425,5.33,309.794,28708.161,1545,Massachusetts
2/29/2024,3.8,1409.989287,628786.9,MA,6.776,5.33,311.022,28708.161,1577,Massachusetts
3/31/2024,3.8,1362.02273,628786.9,MA,6.82,5.33,312.107,28708.161,1476,Massachusetts
4/30/2024,3.9,1008.468444,628786.9,MA,6.9925,5.33,313.016,29147.044,1459,Massachusetts
5/31/2024,4,983.1729614,628786.9,MA,7.06,5.33,313.14,29147.044,1407,Massachusetts
6/30/2024,4,1254.202048,628786.9,MA,6.9175,5.33,313.131,29147.044,1461,Massachusetts
7/31/2024,4.1,995.7855364,628786.9,MA,6.8475,5.33,313.566,29511.664,1436,Massachusetts
8/31/2024,4.2,1713.856885,628786.9,MA,6.5,5.33,314.131,29511.664,1476,Massachusetts
9/30/2024,4.2,775.2118318,628786.9,MA,6.18,5.13,314.851,29511.664,1434,Massachusetts
10/31/2024,4.2,1500.324909,628786.9,MA,6.428,4.83,315.564,29825.182,1428,Massachusetts
11/30/2024,4.1,1178.161626,628786.9,MA,6.805,4.64,316.449,29825.182,1508,Massachusetts
12/31/2024,4.1,970.3392724,628786.9,MA,6.715,4.48,317.603,29825.182,1480,Massachusetts
1/31/2025,4.2,949.9810175,628786.9,MA,6.958,4.33,319.086,30042.113,1460,Massachusetts
2/28/2025,4.3,913.4750963,628786.9,MA,6.8425,4.33,319.775,30042.113,1454,Massachusetts
3/31/2025,4.4,853.2942275,628786.9,MA,6.65,4.33,319.615,30042.113,1481,Massachusetts
4/30/2025,4.6,1242.568838,628786.9,MA,6.725,4.33,320.321,30485.729,1422,Massachusetts
5/31/2025,4.8,1011.047412,628786.9,MA,6.816,4.33,320.58,30485.729,1394,Massachusetts
6/30/2025,4.8,600.4106524,628786.9,MA,6.8175,4.33,321.5,30485.729,1393,Massachusetts
7/31/2025,4.8,1068.166206,628786.9,MA,6.72,4.33,322.132,30485.729,1362,Massachusetts
8/31/2025,4.8,974.1626344,628786.9,MA,6.5875,4.33,323.364,30485.729,1330,Massachusetts
9/30/2025,4.4,1258.406926,628786.9,MA,6.3525,4.22,323.364,30485.729,1330,Massachusetts
1/31/2012,9.2,780.0820615,463302.6,MI,3.915,0.08,227.842,16068.805,712,Michigan
2/29/2012,9.1,966.78592,463302.6,MI,3.89,0.1,228.329,16068.805,738,Michigan
3/31/2012,9.1,1021.008465,463302.6,MI,3.954,0.13,228.807,16068.805,806,Michigan
4/30/2012,9.1,923.3436051,463302.6,MI,3.91,0.14,229.187,16207.115,732,Michigan
5/31/2012,9.1,1071.876244,463302.6,MI,3.798,0.16,228.713,16207.115,796,Michigan
6/30/2012,9.1,884.64389,463302.6,MI,3.675,0.16,228.524,16207.115,794,Michigan
7/31/2012,9.1,953.2560275,463302.6,MI,3.55,0.16,228.59,16319.541,849,Michigan
8/31/2012,9,961.7232604,463302.6,MI,3.602,0.13,229.918,16319.541,840,Michigan
9/30/2012,9,943.8256276,463302.6,MI,3.4975,0.14,231.015,16319.541,930,Michigan
10/31/2012,9,1121.823682,463302.6,MI,3.3825,0.16,231.638,16420.419,887,Michigan
11/30/2012,9,1192.917477,463302.6,MI,3.352,0.16,231.249,16420.419,917,Michigan
12/31/2012,9,939.1062228,463302.6,MI,3.345,0.16,231.221,16420.419,941,Michigan
1/31/2013,9,1263.435224,472779.9,MI,3.414,0.14,231.679,16648.189,940,Michigan
2/28/2013,9,1228.169913,472779.9,MI,3.5325,0.15,232.937,16648.189,980,Michigan
3/31/2013,8.9,1173.480028,472779.9,MI,3.565,0.14,232.282,16648.189,936,Michigan
4/30/2013,8.9,1296.898188,472779.9,MI,3.445,0.15,231.797,16728.687,1012,Michigan
5/31/2013,8.8,1229.244266,472779.9,MI,3.536,0.11,231.893,16728.687,1003,Michigan
6/30/2013,8.8,1176.976948,472779.9,MI,4.07,0.09,232.445,16728.687,942,Michigan
7/31/2013,8.8,1158.616366,472779.9,MI,4.37,0.09,232.9,16953.838,997,Michigan
8/31/2013,8.8,1279.48561,472779.9,MI,4.456,0.08,233.456,16953.838,964,Michigan
9/30/2013,8.7,1582.272128,472779.9,MI,4.49,0.08,233.544,16953.838,1004,Michigan
10/31/2013,8.5,1291.817205,472779.9,MI,4.192,0.09,233.669,17192.019,1044,Michigan
11/30/2013,8.4,1162.485051,472779.9,MI,4.255,0.08,234.1,17192.019,1029,Michigan
12/31/2013,8.2,1414.38863,472779.9,MI,4.4575,0.09,234.719,17192.019,1005,Michigan
1/31/2014,8.1,1490.838461,479534.9,MI,4.432,0.07,235.288,17197.738,976,Michigan
2/28/2014,8,1036.696372,479534.9,MI,4.3025,0.07,235.547,17197.738,1039,Michigan
3/31/2014,7.8,1062.16546,479534.9,MI,4.3425,0.08,236.028,17197.738,1067,Michigan
4/30/2014,7.7,1123.736643,479534.9,MI,4.3375,0.09,236.468,17518.508,1090,Michigan
5/31/2014,7.5,1473.915277,479534.9,MI,4.192,0.09,236.918,17518.508,1018,Michigan
6/30/2014,7.4,1363.788733,479534.9,MI,4.1625,0.1,237.231,17518.508,1010,Michigan
7/31/2014,7.2,1581.507737,479534.9,MI,4.13,0.09,237.498,17804.228,1076,Michigan
8/31/2014,7,1345.879645,479534.9,MI,4.115,0.09,237.46,17804.228,1047,Michigan
9/30/2014,6.8,1554.598125,479534.9,MI,4.1625,0.09,237.477,17804.228,1077,Michigan
10/31/2014,6.6,1339.337533,479534.9,MI,4.036,0.09,237.43,17912.079,1094,Michigan
11/30/2014,6.4,1123.684656,479534.9,MI,3.9975,0.09,236.983,17912.079,1059,Michigan
12/31/2014,6.2,1238.319742,479534.9,MI,3.864,0.12,236.252,17912.079,1072,Michigan
1/31/2015,6,1243.727319,490618.7,MI,3.67,0.11,234.747,18063.529,1049,Michigan
2/28/2015,5.9,1041.444273,490618.7,MI,3.71,0.11,235.342,18063.529,1127,Michigan
3/31/2015,5.8,1367.483917,490618.7,MI,3.77,0.11,235.976,18063.529,1072,Michigan
4/30/2015,5.7,1674.167641,490618.7,MI,3.672,0.12,236.222,18279.784,1166,Michigan
5/31/2015,5.6,1517.483696,490618.7,MI,3.84,0.12,237.001,18279.784,1272,Michigan
6/30/2015,5.5,2065.360947,490618.7,MI,3.9825,0.13,237.657,18279.784,1379,Michigan
7/31/2015,5.4,1742.499372,490618.7,MI,4.046,0.13,238.034,18401.626,1140,Michigan
8/31/2015,5.2,1706.122589,490618.7,MI,3.905,0.14,238.033,18401.626,1165,Michigan
9/30/2015,5.1,1834.739128,490618.7,MI,3.89,0.14,237.498,18401.626,1144,Michigan
10/31/2015,5,1910.812658,490618.7,MI,3.796,0.12,237.733,18435.137,1160,Michigan
11/30/2015,4.9,2348.682627,490618.7,MI,3.9425,0.12,238.017,18435.137,1244,Michigan
12/31/2015,4.9,2072.643447,490618.7,MI,3.964,0.24,237.761,18435.137,1211,Michigan
1/31/2016,4.9,2065.154568,500159.5,MI,3.8725,0.34,237.652,18525.933,1171,Michigan
2/29/2016,4.9,2135.872467,500159.5,MI,3.66,0.38,237.336,18525.933,1172,Michigan
3/31/2016,4.9,1956.222473,500159.5,MI,3.694,0.36,238.08,18525.933,1118,Michigan
4/30/2016,5,2250.755894,500159.5,MI,3.605,0.37,238.992,18711.702,1160,Michigan
5/31/2016,5,2004.875898,500159.5,MI,3.6,0.37,239.557,18711.702,1205,Michigan
6/30/2016,5,2288.056025,500159.5,MI,3.568,0.38,240.222,18711.702,1208,Michigan
7/31/2016,5,2408.112311,500159.5,MI,3.44,0.39,240.101,18892.639,1198,Michigan
8/31/2016,5,2160.324055,500159.5,MI,3.435,0.4,240.545,18892.639,1201,Michigan
9/30/2016,5,2121.6191,500159.5,MI,3.46,0.4,241.176,18892.639,1303,Michigan
10/31/2016,5.1,1890.289697,500159.5,MI,3.47,0.4,241.741,19089.379,1254,Michigan
11/30/2016,5.1,2104.480674,500159.5,MI,3.77,0.41,242.026,19089.379,1230,Michigan
12/31/2016,5,1780.667286,500159.5,MI,4.198,0.54,242.637,19089.379,1248,Michigan
1/31/2017,4.9,1973.718837,505101.5,MI,4.15,0.65,243.618,19280.084,1303,Michigan
2/28/2017,4.7,2582.662628,505101.5,MI,4.1675,0.66,244.006,19280.084,1234,Michigan
3/31/2017,4.5,2369.682048,505101.5,MI,4.196,0.79,243.892,19280.084,1272,Michigan
4/30/2017,4.4,1822.717695,505101.5,MI,4.045,0.9,244.193,19438.643,1251,Michigan
5/31/2017,4.3,2063.252705,505101.5,MI,4.01,0.91,244.004,19438.643,1208,Michigan
6/30/2017,4.4,2329.378587,505101.5,MI,3.904,1.04,244.163,19438.643,1353,Michigan
7/31/2017,4.5,1825.596176,505101.5,MI,3.9675,1.15,244.243,19692.595,1256,Michigan
8/31/2017,4.6,2111.786674,505101.5,MI,3.88,1.16,245.183,19692.595,1319,Michigan
9/30/2017,4.7,2023.208251,505101.5,MI,3.805,1.15,246.435,19692.595,1273,Michigan
10/31/2017,4.7,2361.72436,505101.5,MI,3.895,1.15,246.626,20037.088,1356,Michigan
11/30/2017,4.7,1953.083567,505101.5,MI,3.922,1.16,247.284,20037.088,1299,Michigan
12/31/2017,4.6,2191.75058,505101.5,MI,3.95,1.3,247.805,20037.088,1311,Michigan
1/31/2018,4.5,1905.484624,516843,MI,4.0325,1.41,248.859,20328.553,1317,Michigan
2/28/2018,4.4,1550.368386,516843,MI,4.33,1.42,249.529,20328.553,1321,Michigan
3/31/2018,4.3,1686.655694,516843,MI,4.444,1.51,249.577,20328.553,1385,Michigan
4/30/2018,4.2,1869.542256,516843,MI,4.4675,1.69,250.227,20580.912,1378,Michigan
5/31/2018,4.1,1757.87228,516843,MI,4.586,1.7,250.792,20580.912,1338,Michigan
6/30/2018,4,1473.459205,516843,MI,4.57,1.82,251.018,20580.912,1345,Michigan
7/31/2018,4,1499.400983,516843,MI,4.5275,1.91,251.214,20798.73,1334,Michigan
8/31/2018,4,2140.519056,516843,MI,4.55,1.91,251.663,20798.73,1273,Michigan
9/30/2018,4,1431.817352,516843,MI,4.6275,1.95,252.182,20798.73,1314,Michigan
10/31/2018,4.1,2341.67517,516843,MI,4.83,2.19,252.772,20917.867,1272,Michigan
11/30/2018,4.2,1545.545964,516843,MI,4.866,2.2,252.594,20917.867,1340,Michigan
12/31/2018,4.2,1348.855308,516843,MI,4.6375,2.27,252.767,20917.867,1317,Michigan
1/31/2019,4.2,1788.252975,521085.1,MI,4.464,2.4,252.561,21111.6,1254,Michigan
2/28/2019,4.2,2140.687152,521085.1,MI,4.37,2.4,253.319,21111.6,1286,Michigan
3/31/2019,4.2,2025.491096,521085.1,MI,4.265,2.41,254.277,21111.6,1295,Michigan
4/30/2019,4.2,1805.718983,521085.1,MI,4.1425,2.42,255.233,21397.938,1322,Michigan
5/31/2019,4.2,1989.152923,521085.1,MI,4.072,2.39,255.296,21397.938,1347,Michigan
6/30/2019,4.2,1576.533928,521085.1,MI,3.8025,2.38,255.213,21397.938,1299,Michigan
7/31/2019,4.1,1788.826159,521085.1,MI,3.765,2.4,255.802,21717.171,1379,Michigan
8/31/2019,4.1,1625.884782,521085.1,MI,3.616,2.13,256.036,21717.171,1482,Michigan
9/30/2019,4,1967.80193,521085.1,MI,3.605,2.04,256.43,21717.171,1469,Michigan
10/31/2019,3.9,1888.583978,521085.1,MI,3.688,1.83,257.155,21933.217,1523,Michigan
11/30/2019,3.8,1477.9452,521085.1,MI,3.695,1.55,257.879,21933.217,1535,Michigan
12/31/2019,3.8,1423.15909,521085.1,MI,3.72,1.55,258.63,21933.217,1443,Michigan
1/31/2020,3.8,1975.849337,502622.3,MI,3.624,1.55,259.127,21751.238,1495,Michigan
2/29/2020,3.8,1516.489535,502622.3,MI,3.465,1.58,259.25,21751.238,1455,Michigan
3/31/2020,3.7,1076.335242,502622.3,MI,3.45,0.65,258.076,21751.238,1346,Michigan
4/30/2020,22.7,656.238751,502622.3,MI,3.306,0.05,256.032,19958.291,1076,Michigan
5/31/2020,19.3,1316.391868,502622.3,MI,3.2325,0.05,255.802,19958.291,1250,Michigan
6/30/2020,14.5,1582.342479,502622.3,MI,3.1625,0.08,257.042,19958.291,1334,Michigan
7/31/2020,12.5,1980.106987,502622.3,MI,3.016,0.09,258.352,21704.437,1546,Michigan
8/31/2020,10,1561.211046,502622.3,MI,2.935,0.1,259.316,21704.437,1533,Michigan
9/30/2020,8.9,1828.507274,502622.3,MI,2.89,0.09,259.997,21704.437,1636,Michigan
10/31/2020,7.7,2013.624767,502622.3,MI,2.834,0.09,260.319,22087.16,1613,Michigan
11/30/2020,7.1,2299.094672,502622.3,MI,2.765,0.09,260.911,22087.16,1703,Michigan
12/31/2020,6.9,2673.346717,502622.3,MI,2.684,0.09,262.045,22087.16,1752,Michigan
1/31/2021,6.4,2314.670156,528701.8,MI,2.735,0.09,262.639,22680.693,1855,Michigan
2/28/2021,6.2,2047.89019,528701.8,MI,2.81,0.08,263.573,22680.693,1711,Michigan
3/31/2021,6.1,2227.904627,528701.8,MI,3.0825,0.07,264.847,22680.693,1756,Michigan
4/30/2021,6.2,2026.604979,528701.8,MI,3.06,0.07,266.625,23425.91,1721,Michigan
5/31/2021,6.1,1729.077628,528701.8,MI,2.9625,0.06,268.404,23425.91,1703,Michigan
6/30/2021,6.2,2009.437702,528701.8,MI,2.975,0.08,270.71,23425.91,1654,Michigan
7/31/2021,6,1614.59453,528701.8,MI,2.868,0.1,271.965,23982.379,1658,Michigan
8/31/2021,5.7,1645.624249,528701.8,MI,2.8425,0.09,272.752,23982.379,1736,Michigan
9/30/2021,5.4,1803.165733,528701.8,MI,2.9,0.08,273.942,23982.379,1640,Michigan
10/31/2021,5.1,1408.842734,528701.8,MI,3.0675,0.08,276.528,24813.6,1707,Michigan
11/30/2021,4.8,1843.621311,528701.8,MI,3.0675,0.08,278.824,24813.6,1765,Michigan
12/31/2021,4.5,1929.456232,528701.8,MI,3.098,0.08,280.806,24813.6,1919,Michigan
1/31/2022,4.4,1902.234221,539807.5,MI,3.445,0.08,282.542,25250.347,1920,Michigan
2/28/2022,4.3,1839.64505,539807.5,MI,3.7625,0.08,284.525,25250.347,1857,Michigan
3/31/2022,4.3,2071.563762,539807.5,MI,4.172,0.2,287.467,25250.347,1868,Michigan
4/30/2022,4.2,1839.698498,539807.5,MI,4.9825,0.33,288.582,25861.292,1859,Michigan
5/31/2022,4.1,2134.030545,539807.5,MI,5.23,0.77,291.299,25861.292,1704,Michigan
6/30/2022,4,1787.148413,539807.5,MI,5.522,1.21,295.072,25861.292,1737,Michigan
7/31/2022,4,1581.830813,539807.5,MI,5.4125,1.68,294.94,26336.304,1703,Michigan
8/31/2022,4,2170.723974,539807.5,MI,5.2225,2.33,295.162,26336.304,1557,Michigan
9/30/2022,4,1566.057198,539807.5,MI,6.112,2.56,296.421,26336.304,1600,Michigan
10/31/2022,4.1,1439.817098,539807.5,MI,6.9,3.08,297.979,26770.514,1594,Michigan
11/30/2022,4.1,1046.82221,539807.5,MI,6.805,3.78,298.708,26770.514,1401,Michigan
12/31/2022,4.1,1502.095402,539807.5,MI,6.364,4.1,298.808,26770.514,1410,Michigan
1/31/2023,4,1696.847599,554556.2,MI,6.2725,4.33,300.456,27216.445,1410,Michigan
2/28/2023,3.9,1348.973074,554556.2,MI,6.2575,4.57,301.476,27216.445,1618,Michigan
3/31/2023,3.8,1659.902762,554556.2,MI,6.544,4.65,301.643,27216.445,1480,Michigan
4/30/2023,3.7,1599.789735,554556.2,MI,6.3425,4.83,302.858,27530.055,1474,Michigan
5/31/2023,3.7,1440.655702,554556.2,MI,6.425,5.06,303.316,27530.055,1575,Michigan
6/30/2023,3.8,1675.426604,554556.2,MI,6.714,5.08,304.099,27530.055,1464,Michigan
7/31/2023,3.9,1811.300019,554556.2,MI,6.84,5.12,304.615,28074.846,1522,Michigan
8/31/2023,4,1963.432525,554556.2,MI,7.072,5.33,306.138,28074.846,1561,Michigan
9/30/2023,4,1561.249922,554556.2,MI,7.2,5.33,307.374,28074.846,1537,Michigan
10/31/2023,4,1568.509903,554556.2,MI,7.62,5.33,307.653,28424.722,1528,Michigan
11/30/2023,4,1790.801224,554556.2,MI,7.442,5.33,308.087,28424.722,1503,Michigan
12/31/2023,4,1481.925558,554556.2,MI,6.815,5.33,308.735,28424.722,1519,Michigan
1/31/2024,4,1604.964038,562177.6,MI,6.6425,5.33,309.794,28708.161,1545,Michigan
2/29/2024,4,1892.032762,562177.6,MI,6.776,5.33,311.022,28708.161,1577,Michigan
3/31/2024,4.2,1480.767392,562177.6,MI,6.82,5.33,312.107,28708.161,1476,Michigan
4/30/2024,4.4,1604.982429,562177.6,MI,6.9925,5.33,313.016,29147.044,1459,Michigan
5/31/2024,4.5,1852.349725,562177.6,MI,7.06,5.33,313.14,29147.044,1407,Michigan
6/30/2024,4.7,1550.122639,562177.6,MI,6.9175,5.33,313.131,29147.044,1461,Michigan
7/31/2024,4.8,1632.2825,562177.6,MI,6.8475,5.33,313.566,29511.664,1436,Michigan
8/31/2024,5,1764.404498,562177.6,MI,6.5,5.33,314.131,29511.664,1476,Michigan
9/30/2024,5.1,1823.693962,562177.6,MI,6.18,5.13,314.851,29511.664,1434,Michigan
10/31/2024,5.2,2103.811298,562177.6,MI,6.428,4.83,315.564,29825.182,1428,Michigan
11/30/2024,5.2,1787.51383,562177.6,MI,6.805,4.64,316.449,29825.182,1508,Michigan
12/31/2024,5.2,1902.941574,562177.6,MI,6.715,4.48,317.603,29825.182,1480,Michigan
1/31/2025,5.3,1725.669978,562177.6,MI,6.958,4.33,319.086,30042.113,1460,Michigan
2/28/2025,5.4,1959.704187,562177.6,MI,6.8425,4.33,319.775,30042.113,1454,Michigan
3/31/2025,5.5,1902.71723,562177.6,MI,6.65,4.33,319.615,30042.113,1481,Michigan
4/30/2025,5.5,1949.028034,562177.6,MI,6.725,4.33,320.321,30485.729,1422,Michigan
5/31/2025,5.4,1825.664776,562177.6,MI,6.816,4.33,320.58,30485.729,1394,Michigan
6/30/2025,5.3,2082.989446,562177.6,MI,6.8175,4.33,321.5,30485.729,1393,Michigan
7/31/2025,5.3,2111.395611,562177.6,MI,6.72,4.33,322.132,30485.729,1362,Michigan
8/31/2025,5.2,1866.159659,562177.6,MI,6.5875,4.33,323.364,30485.729,1330,Michigan
9/30/2025,4.4,1258.406926,562177.6,MI,6.3525,4.22,323.364,30485.729,1330,Michigan
1/31/2012,5.8,1180.844344,321053.9,MN,3.915,0.08,227.842,16068.805,712,Minnesota
2/29/2012,5.8,1756.72477,321053.9,MN,3.89,0.1,228.329,16068.805,738,Minnesota
3/31/2012,5.7,778.1341127,321053.9,MN,3.954,0.13,228.807,16068.805,806,Minnesota
4/30/2012,5.7,1060.938292,321053.9,MN,3.91,0.14,229.187,16207.115,732,Minnesota
5/31/2012,5.7,871.1731808,321053.9,MN,3.798,0.16,228.713,16207.115,796,Minnesota
6/30/2012,5.7,926.4662777,321053.9,MN,3.675,0.16,228.524,16207.115,794,Minnesota
7/31/2012,5.7,1181.334117,321053.9,MN,3.55,0.16,228.59,16319.541,849,Minnesota
8/31/2012,5.7,1063.271786,321053.9,MN,3.602,0.13,229.918,16319.541,840,Minnesota
9/30/2012,5.6,1478.547349,321053.9,MN,3.4975,0.14,231.015,16319.541,930,Minnesota
10/31/2012,5.6,1631.96041,321053.9,MN,3.3825,0.16,231.638,16420.419,887,Minnesota
11/30/2012,5.5,1422.498318,321053.9,MN,3.352,0.16,231.249,16420.419,917,Minnesota
12/31/2012,5.4,1880.441716,321053.9,MN,3.345,0.16,231.221,16420.419,941,Minnesota
1/31/2013,5.4,1099.955676,329774.5,MN,3.414,0.14,231.679,16648.189,940,Minnesota
2/28/2013,5.3,1300.210749,329774.5,MN,3.5325,0.15,232.937,16648.189,980,Minnesota
3/31/2013,5.2,1368.459395,329774.5,MN,3.565,0.14,232.282,16648.189,936,Minnesota
4/30/2013,5.2,1508.330907,329774.5,MN,3.445,0.15,231.797,16728.687,1012,Minnesota
5/31/2013,5.1,1422.977588,329774.5,MN,3.536,0.11,231.893,16728.687,1003,Minnesota
6/30/2013,5.1,1036.241652,329774.5,MN,4.07,0.09,232.445,16728.687,942,Minnesota
7/31/2013,5,1678.518476,329774.5,MN,4.37,0.09,232.9,16953.838,997,Minnesota
8/31/2013,5,1613.105951,329774.5,MN,4.456,0.08,233.456,16953.838,964,Minnesota
9/30/2013,4.9,1502.379801,329774.5,MN,4.49,0.08,233.544,16953.838,1004,Minnesota
10/31/2013,4.8,1249.963217,329774.5,MN,4.192,0.09,233.669,17192.019,1044,Minnesota
11/30/2013,4.8,1343.622961,329774.5,MN,4.255,0.08,234.1,17192.019,1029,Minnesota
12/31/2013,4.7,1435.227356,329774.5,MN,4.4575,0.09,234.719,17192.019,1005,Minnesota
1/31/2014,4.7,1244.108193,338623.9,MN,4.432,0.07,235.288,17197.738,976,Minnesota
2/28/2014,4.6,1202.267074,338623.9,MN,4.3025,0.07,235.547,17197.738,1039,Minnesota
3/31/2014,4.6,1385.837697,338623.9,MN,4.3425,0.08,236.028,17197.738,1067,Minnesota
4/30/2014,4.5,1188.771976,338623.9,MN,4.3375,0.09,236.468,17518.508,1090,Minnesota
5/31/2014,4.4,1685.261985,338623.9,MN,4.192,0.09,236.918,17518.508,1018,Minnesota
6/30/2014,4.2,1533.186408,338623.9,MN,4.1625,0.1,237.231,17518.508,1010,Minnesota
7/31/2014,4.1,1517.69562,338623.9,MN,4.13,0.09,237.498,17804.228,1076,Minnesota
8/31/2014,4.1,1435.61965,338623.9,MN,4.115,0.09,237.46,17804.228,1047,Minnesota
9/30/2014,4,1521.209087,338623.9,MN,4.1625,0.09,237.477,17804.228,1077,Minnesota
10/31/2014,3.9,1520.138312,338623.9,MN,4.036,0.09,237.43,17912.079,1094,Minnesota
11/30/2014,3.9,739.8722779,338623.9,MN,3.9975,0.09,236.983,17912.079,1059,Minnesota
12/31/2014,3.9,1498.051527,338623.9,MN,3.864,0.12,236.252,17912.079,1072,Minnesota
1/31/2015,3.8,2097.074398,345456.2,MN,3.67,0.11,234.747,18063.529,1049,Minnesota
2/28/2015,3.8,1581.574529,345456.2,MN,3.71,0.11,235.342,18063.529,1127,Minnesota
3/31/2015,3.8,1700.835446,345456.2,MN,3.77,0.11,235.976,18063.529,1072,Minnesota
4/30/2015,3.8,1517.010619,345456.2,MN,3.672,0.12,236.222,18279.784,1166,Minnesota
5/31/2015,3.8,1793.30516,345456.2,MN,3.84,0.12,237.001,18279.784,1272,Minnesota
6/30/2015,3.8,1871.694143,345456.2,MN,3.9825,0.13,237.657,18279.784,1379,Minnesota
7/31/2015,3.8,1715.067311,345456.2,MN,4.046,0.13,238.034,18401.626,1140,Minnesota
8/31/2015,3.7,1642.722093,345456.2,MN,3.905,0.14,238.033,18401.626,1165,Minnesota
9/30/2015,3.7,1795.202551,345456.2,MN,3.89,0.14,237.498,18401.626,1144,Minnesota
10/31/2015,3.7,1895.810778,345456.2,MN,3.796,0.12,237.733,18435.137,1160,Minnesota
11/30/2015,3.7,1632.714612,345456.2,MN,3.9425,0.12,238.017,18435.137,1244,Minnesota
12/31/2015,3.7,910.7377714,345456.2,MN,3.964,0.24,237.761,18435.137,1211,Minnesota
1/31/2016,3.7,1377.123814,350603.6,MN,3.8725,0.34,237.652,18525.933,1171,Minnesota
2/29/2016,3.7,2045.086214,350603.6,MN,3.66,0.38,237.336,18525.933,1172,Minnesota
3/31/2016,3.8,1512.660384,350603.6,MN,3.694,0.36,238.08,18525.933,1118,Minnesota
4/30/2016,3.8,2128.847743,350603.6,MN,3.605,0.37,238.992,18711.702,1160,Minnesota
5/31/2016,3.8,1662.541417,350603.6,MN,3.6,0.37,239.557,18711.702,1205,Minnesota
6/30/2016,3.9,1734.16162,350603.6,MN,3.568,0.38,240.222,18711.702,1208,Minnesota
7/31/2016,3.9,1876.816105,350603.6,MN,3.44,0.39,240.101,18892.639,1198,Minnesota
8/31/2016,3.9,2224.028442,350603.6,MN,3.435,0.4,240.545,18892.639,1201,Minnesota
9/30/2016,4,2055.845972,350603.6,MN,3.46,0.4,241.176,18892.639,1303,Minnesota
10/31/2016,4,1964.579563,350603.6,MN,3.47,0.4,241.741,19089.379,1254,Minnesota
11/30/2016,4,2496.089183,350603.6,MN,3.77,0.41,242.026,19089.379,1230,Minnesota
12/31/2016,3.9,2439.498833,350603.6,MN,4.198,0.54,242.637,19089.379,1248,Minnesota
1/31/2017,3.8,2654.316736,354721.9,MN,4.15,0.65,243.618,19280.084,1303,Minnesota
2/28/2017,3.7,2520.75928,354721.9,MN,4.1675,0.66,244.006,19280.084,1234,Minnesota
3/31/2017,3.6,2702.621738,354721.9,MN,4.196,0.79,243.892,19280.084,1272,Minnesota
4/30/2017,3.5,2208.295896,354721.9,MN,4.045,0.9,244.193,19438.643,1251,Minnesota
5/31/2017,3.5,1789.405538,354721.9,MN,4.01,0.91,244.004,19438.643,1208,Minnesota
6/30/2017,3.4,2099.595364,354721.9,MN,3.904,1.04,244.163,19438.643,1353,Minnesota
7/31/2017,3.4,1488.806478,354721.9,MN,3.9675,1.15,244.243,19692.595,1256,Minnesota
8/31/2017,3.4,1799.494837,354721.9,MN,3.88,1.16,245.183,19692.595,1319,Minnesota
9/30/2017,3.3,1992.261735,354721.9,MN,3.805,1.15,246.435,19692.595,1273,Minnesota
10/31/2017,3.3,1950.049905,354721.9,MN,3.895,1.15,246.626,20037.088,1356,Minnesota
11/30/2017,3.2,1988.938002,354721.9,MN,3.922,1.16,247.284,20037.088,1299,Minnesota
12/31/2017,3.2,1823.539031,354721.9,MN,3.95,1.3,247.805,20037.088,1311,Minnesota
1/31/2018,3.1,2827.807497,364799.7,MN,4.0325,1.41,248.859,20328.553,1317,Minnesota
2/28/2018,3.1,2016.883665,364799.7,MN,4.33,1.42,249.529,20328.553,1321,Minnesota
3/31/2018,3,1795.407603,364799.7,MN,4.444,1.51,249.577,20328.553,1385,Minnesota
4/30/2018,3,2016.137986,364799.7,MN,4.4675,1.69,250.227,20580.912,1378,Minnesota
5/31/2018,2.9,2377.107052,364799.7,MN,4.586,1.7,250.792,20580.912,1338,Minnesota
6/30/2018,2.9,2204.513282,364799.7,MN,4.57,1.82,251.018,20580.912,1345,Minnesota
7/31/2018,2.9,2498.869027,364799.7,MN,4.5275,1.91,251.214,20798.73,1334,Minnesota
8/31/2018,2.9,3227.818055,364799.7,MN,4.55,1.91,251.663,20798.73,1273,Minnesota
9/30/2018,3,1932.056067,364799.7,MN,4.6275,1.95,252.182,20798.73,1314,Minnesota
10/31/2018,3.1,2152.435793,364799.7,MN,4.83,2.19,252.772,20917.867,1272,Minnesota
11/30/2018,3.2,1933.713453,364799.7,MN,4.866,2.2,252.594,20917.867,1340,Minnesota
12/31/2018,3.2,1123.924927,364799.7,MN,4.6375,2.27,252.767,20917.867,1317,Minnesota
1/31/2019,3.3,2155.448023,369617.4,MN,4.464,2.4,252.561,21111.6,1254,Minnesota
2/28/2019,3.3,2457.254742,369617.4,MN,4.37,2.4,253.319,21111.6,1286,Minnesota
3/31/2019,3.3,2303.254354,369617.4,MN,4.265,2.41,254.277,21111.6,1295,Minnesota
4/30/2019,3.2,2726.076433,369617.4,MN,4.1425,2.42,255.233,21397.938,1322,Minnesota
5/31/2019,3.2,2678.912393,369617.4,MN,4.072,2.39,255.296,21397.938,1347,Minnesota
6/30/2019,3.2,1900.206897,369617.4,MN,3.8025,2.38,255.213,21397.938,1299,Minnesota
7/31/2019,3.2,2308.213071,369617.4,MN,3.765,2.4,255.802,21717.171,1379,Minnesota
8/31/2019,3.3,2571.368493,369617.4,MN,3.616,2.13,256.036,21717.171,1482,Minnesota
9/30/2019,3.3,1678.598212,369617.4,MN,3.605,2.04,256.43,21717.171,1469,Minnesota
10/31/2019,3.3,2901.430164,369617.4,MN,3.688,1.83,257.155,21933.217,1523,Minnesota
11/30/2019,3.3,2945.987942,369617.4,MN,3.695,1.55,257.879,21933.217,1535,Minnesota
12/31/2019,3.4,3371.287332,369617.4,MN,3.72,1.55,258.63,21933.217,1443,Minnesota
1/31/2020,3.4,2426.247476,357831.5,MN,3.624,1.55,259.127,21751.238,1495,Minnesota
2/29/2020,3.5,1554.909848,357831.5,MN,3.465,1.58,259.25,21751.238,1455,Minnesota
3/31/2020,3.6,2364.839325,357831.5,MN,3.45,0.65,258.076,21751.238,1346,Minnesota
4/30/2020,8.9,2189.424797,357831.5,MN,3.306,0.05,256.032,19958.291,1076,Minnesota
5/31/2020,11.1,1974.169443,357831.5,MN,3.2325,0.05,255.802,19958.291,1250,Minnesota
6/30/2020,8.9,2633.169644,357831.5,MN,3.1625,0.08,257.042,19958.291,1334,Minnesota
7/31/2020,7.8,2914.528472,357831.5,MN,3.016,0.09,258.352,21704.437,1546,Minnesota
8/31/2020,6.7,2687.592548,357831.5,MN,2.935,0.1,259.316,21704.437,1533,Minnesota
9/30/2020,6.2,2611.917081,357831.5,MN,2.89,0.09,259.997,21704.437,1636,Minnesota
10/31/2020,5.5,2353.012375,357831.5,MN,2.834,0.09,260.319,22087.16,1613,Minnesota
11/30/2020,5.1,2725.010283,357831.5,MN,2.765,0.09,260.911,22087.16,1703,Minnesota
12/31/2020,4.8,3245.188985,357831.5,MN,2.684,0.09,262.045,22087.16,1752,Minnesota
1/31/2021,4.5,3560.421781,377975.8,MN,2.735,0.09,262.639,22680.693,1855,Minnesota
2/28/2021,4.3,3046.196575,377975.8,MN,2.81,0.08,263.573,22680.693,1711,Minnesota
3/31/2021,4.1,3381.327616,377975.8,MN,3.0825,0.07,264.847,22680.693,1756,Minnesota
4/30/2021,4,2935.413458,377975.8,MN,3.06,0.07,266.625,23425.91,1721,Minnesota
5/31/2021,3.9,3060.042829,377975.8,MN,2.9625,0.06,268.404,23425.91,1703,Minnesota
6/30/2021,3.8,2917.385794,377975.8,MN,2.975,0.08,270.71,23425.91,1654,Minnesota
7/31/2021,3.7,2626.947245,377975.8,MN,2.868,0.1,271.965,23982.379,1658,Minnesota
8/31/2021,3.5,2993.281046,377975.8,MN,2.8425,0.09,272.752,23982.379,1736,Minnesota
9/30/2021,3.4,3141.937769,377975.8,MN,2.9,0.08,273.942,23982.379,1640,Minnesota
10/31/2021,3.2,3511.006879,377975.8,MN,3.0675,0.08,276.528,24813.6,1707,Minnesota
11/30/2021,3,3136.810622,377975.8,MN,3.0675,0.08,278.824,24813.6,1765,Minnesota
12/31/2021,2.8,3369.563636,377975.8,MN,3.098,0.08,280.806,24813.6,1919,Minnesota
1/31/2022,2.7,2391.351817,385921.8,MN,3.445,0.08,282.542,25250.347,1920,Minnesota
2/28/2022,2.5,3514.628701,385921.8,MN,3.7625,0.08,284.525,25250.347,1857,Minnesota
3/31/2022,2.4,4161.609905,385921.8,MN,4.172,0.2,287.467,25250.347,1868,Minnesota
4/30/2022,2.3,3245.7562,385921.8,MN,4.9825,0.33,288.582,25861.292,1859,Minnesota
5/31/2022,2.3,2884.832848,385921.8,MN,5.23,0.77,291.299,25861.292,1704,Minnesota
6/30/2022,2.3,2668.840039,385921.8,MN,5.522,1.21,295.072,25861.292,1737,Minnesota
7/31/2022,2.3,2403.093586,385921.8,MN,5.4125,1.68,294.94,26336.304,1703,Minnesota
8/31/2022,2.4,2206.312802,385921.8,MN,5.2225,2.33,295.162,26336.304,1557,Minnesota
9/30/2022,2.5,2439.886964,385921.8,MN,6.112,2.56,296.421,26336.304,1600,Minnesota
10/31/2022,2.6,2248.005586,385921.8,MN,6.9,3.08,297.979,26770.514,1594,Minnesota
11/30/2022,2.7,2161.339699,385921.8,MN,6.805,3.78,298.708,26770.514,1401,Minnesota
12/31/2022,2.8,1827.137066,385921.8,MN,6.364,4.1,298.808,26770.514,1410,Minnesota
1/31/2023,2.8,2144.065605,389864.5,MN,6.2725,4.33,300.456,27216.445,1410,Minnesota
2/28/2023,2.8,1944.506354,389864.5,MN,6.2575,4.57,301.476,27216.445,1618,Minnesota
3/31/2023,2.8,1975.695963,389864.5,MN,6.544,4.65,301.643,27216.445,1480,Minnesota
4/30/2023,2.8,2092.306868,389864.5,MN,6.3425,4.83,302.858,27530.055,1474,Minnesota
5/31/2023,2.9,2282.719552,389864.5,MN,6.425,5.06,303.316,27530.055,1575,Minnesota
6/30/2023,2.9,2144.149023,389864.5,MN,6.714,5.08,304.099,27530.055,1464,Minnesota
7/31/2023,2.9,2011.212639,389864.5,MN,6.84,5.12,304.615,28074.846,1522,Minnesota
8/31/2023,2.8,2561.541352,389864.5,MN,7.072,5.33,306.138,28074.846,1561,Minnesota
9/30/2023,2.8,1736.962167,389864.5,MN,7.2,5.33,307.374,28074.846,1537,Minnesota
10/31/2023,2.8,1372.617277,389864.5,MN,7.62,5.33,307.653,28424.722,1528,Minnesota
11/30/2023,2.8,1678.564858,389864.5,MN,7.442,5.33,308.087,28424.722,1503,Minnesota
12/31/2023,2.8,1742.498728,389864.5,MN,6.815,5.33,308.735,28424.722,1519,Minnesota
1/31/2024,2.8,3350.314519,399253.3,MN,6.6425,5.33,309.794,28708.161,1545,Minnesota
2/29/2024,2.8,1870.706195,399253.3,MN,6.776,5.33,311.022,28708.161,1577,Minnesota
3/31/2024,2.9,1651.11543,399253.3,MN,6.82,5.33,312.107,28708.161,1476,Minnesota
4/30/2024,3,1668.719413,399253.3,MN,6.9925,5.33,313.016,29147.044,1459,Minnesota
5/31/2024,3.1,1673.523972,399253.3,MN,7.06,5.33,313.14,29147.044,1407,Minnesota
6/30/2024,3.2,1716.36494,399253.3,MN,6.9175,5.33,313.131,29147.044,1461,Minnesota
7/31/2024,3.2,1800.141506,399253.3,MN,6.8475,5.33,313.566,29511.664,1436,Minnesota
8/31/2024,3.2,1697.013344,399253.3,MN,6.5,5.33,314.131,29511.664,1476,Minnesota
9/30/2024,3.1,1851.128776,399253.3,MN,6.18,5.13,314.851,29511.664,1434,Minnesota
10/31/2024,3,1724.88828,399253.3,MN,6.428,4.83,315.564,29825.182,1428,Minnesota
11/30/2024,3,2177.940862,399253.3,MN,6.805,4.64,316.449,29825.182,1508,Minnesota
12/31/2024,3,1772.26543,399253.3,MN,6.715,4.48,317.603,29825.182,1480,Minnesota
1/31/2025,3,1590.632851,399253.3,MN,6.958,4.33,319.086,30042.113,1460,Minnesota
2/28/2025,3,1656.41675,399253.3,MN,6.8425,4.33,319.775,30042.113,1454,Minnesota
3/31/2025,3.1,1743.649305,399253.3,MN,6.65,4.33,319.615,30042.113,1481,Minnesota
4/30/2025,3.2,2269.290825,399253.3,MN,6.725,4.33,320.321,30485.729,1422,Minnesota
5/31/2025,3.3,1631.19316,399253.3,MN,6.816,4.33,320.58,30485.729,1394,Minnesota
6/30/2025,3.3,1301.824055,399253.3,MN,6.8175,4.33,321.5,30485.729,1393,Minnesota
7/31/2025,3.5,1878.491651,399253.3,MN,6.72,4.33,322.132,30485.729,1362,Minnesota
8/31/2025,3.6,1898.832298,399253.3,MN,6.5875,4.33,323.364,30485.729,1330,Minnesota
9/30/2025,4.4,1258.406926,399253.3,MN,6.3525,4.22,323.364,30485.729,1330,Minnesota
1/31/2012,9.1,424.8626043,108646.5,MS,3.915,0.08,227.842,16068.805,712,Mississippi
2/29/2012,9,392.9741349,108646.5,MS,3.89,0.1,228.329,16068.805,738,Mississippi
3/31/2012,8.9,352.0912819,108646.5,MS,3.954,0.13,228.807,16068.805,806,Mississippi
4/30/2012,8.9,406.2337002,108646.5,MS,3.91,0.14,229.187,16207.115,732,Mississippi
5/31/2012,8.9,536.0726867,108646.5,MS,3.798,0.16,228.713,16207.115,796,Mississippi
6/30/2012,8.9,400.8473982,108646.5,MS,3.675,0.16,228.524,16207.115,794,Mississippi
7/31/2012,8.8,587.6899821,108646.5,MS,3.55,0.16,228.59,16319.541,849,Mississippi
8/31/2012,8.8,446.2493293,108646.5,MS,3.602,0.13,229.918,16319.541,840,Mississippi
9/30/2012,8.7,354.5818214,108646.5,MS,3.4975,0.14,231.015,16319.541,930,Mississippi
10/31/2012,8.7,444.9451596,108646.5,MS,3.3825,0.16,231.638,16420.419,887,Mississippi
11/30/2012,8.6,382.7661917,108646.5,MS,3.352,0.16,231.249,16420.419,917,Mississippi
12/31/2012,8.6,499.1922457,108646.5,MS,3.345,0.16,231.221,16420.419,941,Mississippi
1/31/2013,8.7,378.3434558,109032.7,MS,3.414,0.14,231.679,16648.189,940,Mississippi
2/28/2013,8.7,423.5389504,109032.7,MS,3.5325,0.15,232.937,16648.189,980,Mississippi
3/31/2013,8.7,524.1078619,109032.7,MS,3.565,0.14,232.282,16648.189,936,Mississippi
4/30/2013,8.7,416.5271679,109032.7,MS,3.445,0.15,231.797,16728.687,1012,Mississippi
5/31/2013,8.6,399.4253508,109032.7,MS,3.536,0.11,231.893,16728.687,1003,Mississippi
6/30/2013,8.5,444.7675874,109032.7,MS,4.07,0.09,232.445,16728.687,942,Mississippi
7/31/2013,8.5,398.532609,109032.7,MS,4.37,0.09,232.9,16953.838,997,Mississippi
8/31/2013,8.5,760.1008279,109032.7,MS,4.456,0.08,233.456,16953.838,964,Mississippi
9/30/2013,8.4,447.2001699,109032.7,MS,4.49,0.08,233.544,16953.838,1004,Mississippi
10/31/2013,8.3,413.0938136,109032.7,MS,4.192,0.09,233.669,17192.019,1044,Mississippi
11/30/2013,8.2,437.329284,109032.7,MS,4.255,0.08,234.1,17192.019,1029,Mississippi
12/31/2013,8.1,365.4042755,109032.7,MS,4.4575,0.09,234.719,17192.019,1005,Mississippi
1/31/2014,8.1,386.6430853,109299.6,MS,4.432,0.07,235.288,17197.738,976,Mississippi
2/28/2014,8,403.3481601,109299.6,MS,4.3025,0.07,235.547,17197.738,1039,Mississippi
3/31/2014,8,583.7661507,109299.6,MS,4.3425,0.08,236.028,17197.738,1067,Mississippi
4/30/2014,7.9,405.7409628,109299.6,MS,4.3375,0.09,236.468,17518.508,1090,Mississippi
5/31/2014,7.8,409.2727695,109299.6,MS,4.192,0.09,236.918,17518.508,1018,Mississippi
6/30/2014,7.7,392.5909896,109299.6,MS,4.1625,0.1,237.231,17518.508,1010,Mississippi
7/31/2014,7.6,770.1899879,109299.6,MS,4.13,0.09,237.498,17804.228,1076,Mississippi
8/31/2014,7.5,436.139413,109299.6,MS,4.115,0.09,237.46,17804.228,1047,Mississippi
9/30/2014,7.4,460.1080658,109299.6,MS,4.1625,0.09,237.477,17804.228,1077,Mississippi
10/31/2014,7.2,463.1182196,109299.6,MS,4.036,0.09,237.43,17912.079,1094,Mississippi
11/30/2014,7.1,445.6346977,109299.6,MS,3.9975,0.09,236.983,17912.079,1059,Mississippi
12/31/2014,6.9,440.4589358,109299.6,MS,3.864,0.12,236.252,17912.079,1072,Mississippi
1/31/2015,6.8,728.1539189,109401.7,MS,3.67,0.11,234.747,18063.529,1049,Mississippi
2/28/2015,6.7,465.906852,109401.7,MS,3.71,0.11,235.342,18063.529,1127,Mississippi
3/31/2015,6.6,490.4645763,109401.7,MS,3.77,0.11,235.976,18063.529,1072,Mississippi
4/30/2015,6.6,510.2334541,109401.7,MS,3.672,0.12,236.222,18279.784,1166,Mississippi
5/31/2015,6.5,494.6382652,109401.7,MS,3.84,0.12,237.001,18279.784,1272,Mississippi
6/30/2015,6.4,611.7407109,109401.7,MS,3.9825,0.13,237.657,18279.784,1379,Mississippi
7/31/2015,6.3,585.310174,109401.7,MS,4.046,0.13,238.034,18401.626,1140,Mississippi
8/31/2015,6.3,538.4595361,109401.7,MS,3.905,0.14,238.033,18401.626,1165,Mississippi
9/30/2015,6.3,836.3678082,109401.7,MS,3.89,0.14,237.498,18401.626,1144,Mississippi
10/31/2015,6.3,587.2636467,109401.7,MS,3.796,0.12,237.733,18435.137,1160,Mississippi
11/30/2015,6.3,522.1225565,109401.7,MS,3.9425,0.12,238.017,18435.137,1244,Mississippi
12/31/2015,6.3,614.6099564,109401.7,MS,3.964,0.24,237.761,18435.137,1211,Mississippi
1/31/2016,6.3,507.5498011,109911,MS,3.8725,0.34,237.652,18525.933,1171,Mississippi
2/29/2016,6.2,635.5771293,109911,MS,3.66,0.38,237.336,18525.933,1172,Mississippi
3/31/2016,6.1,554.2627048,109911,MS,3.694,0.36,238.08,18525.933,1118,Mississippi
4/30/2016,6,617.9398916,109911,MS,3.605,0.37,238.992,18711.702,1160,Mississippi
5/31/2016,6,633.9825158,109911,MS,3.6,0.37,239.557,18711.702,1205,Mississippi
6/30/2016,6,602.77636,109911,MS,3.568,0.38,240.222,18711.702,1208,Mississippi
7/31/2016,6,519.3038707,109911,MS,3.44,0.39,240.101,18892.639,1198,Mississippi
8/31/2016,6,571.7841183,109911,MS,3.435,0.4,240.545,18892.639,1201,Mississippi
9/30/2016,5.9,610.3591391,109911,MS,3.46,0.4,241.176,18892.639,1303,Mississippi
10/31/2016,5.9,542.657795,109911,MS,3.47,0.4,241.741,19089.379,1254,Mississippi
11/30/2016,5.8,722.8702913,109911,MS,3.77,0.41,242.026,19089.379,1230,Mississippi
12/31/2016,5.7,654.3889465,109911,MS,4.198,0.54,242.637,19089.379,1248,Mississippi
1/31/2017,5.6,939.7430967,110281.4,MS,4.15,0.65,243.618,19280.084,1303,Mississippi
2/28/2017,5.5,1152.827419,110281.4,MS,4.1675,0.66,244.006,19280.084,1234,Mississippi
3/31/2017,5.4,646.7078031,110281.4,MS,4.196,0.79,243.892,19280.084,1272,Mississippi
4/30/2017,5.4,671.5838727,110281.4,MS,4.045,0.9,244.193,19438.643,1251,Mississippi
5/31/2017,5.3,588.4468079,110281.4,MS,4.01,0.91,244.004,19438.643,1208,Mississippi
6/30/2017,5.2,571.6079158,110281.4,MS,3.904,1.04,244.163,19438.643,1353,Mississippi
7/31/2017,5.2,611.5858066,110281.4,MS,3.9675,1.15,244.243,19692.595,1256,Mississippi
8/31/2017,5.1,641.3584224,110281.4,MS,3.88,1.16,245.183,19692.595,1319,Mississippi
9/30/2017,5,592.08565,110281.4,MS,3.805,1.15,246.435,19692.595,1273,Mississippi
10/31/2017,5,629.4626351,110281.4,MS,3.895,1.15,246.626,20037.088,1356,Mississippi
11/30/2017,4.9,593.9149125,110281.4,MS,3.922,1.16,247.284,20037.088,1299,Mississippi
12/31/2017,4.9,629.7451082,110281.4,MS,3.95,1.3,247.805,20037.088,1311,Mississippi
1/31/2018,4.9,447.0571079,110174.8,MS,4.0325,1.41,248.859,20328.553,1317,Mississippi
2/28/2018,4.9,547.6366969,110174.8,MS,4.33,1.42,249.529,20328.553,1321,Mississippi
3/31/2018,4.9,550.9772526,110174.8,MS,4.444,1.51,249.577,20328.553,1385,Mississippi
4/30/2018,4.9,609.835466,110174.8,MS,4.4675,1.69,250.227,20580.912,1378,Mississippi
5/31/2018,4.9,585.9308349,110174.8,MS,4.586,1.7,250.792,20580.912,1338,Mississippi
6/30/2018,4.8,763.407005,110174.8,MS,4.57,1.82,251.018,20580.912,1345,Mississippi
7/31/2018,4.8,624.8602246,110174.8,MS,4.5275,1.91,251.214,20798.73,1334,Mississippi
8/31/2018,4.8,570.1359327,110174.8,MS,4.55,1.91,251.663,20798.73,1273,Mississippi
9/30/2018,4.9,560.3107173,110174.8,MS,4.6275,1.95,252.182,20798.73,1314,Mississippi
10/31/2018,5,667.0300957,110174.8,MS,4.83,2.19,252.772,20917.867,1272,Mississippi
11/30/2018,5.2,580.0392676,110174.8,MS,4.866,2.2,252.594,20917.867,1340,Mississippi
12/31/2018,5.3,583.0707786,110174.8,MS,4.6375,2.27,252.767,20917.867,1317,Mississippi
1/31/2019,5.4,613.8433666,111207.8,MS,4.464,2.4,252.561,21111.6,1254,Mississippi
2/28/2019,5.4,475.7963611,111207.8,MS,4.37,2.4,253.319,21111.6,1286,Mississippi
3/31/2019,5.4,552.7894812,111207.8,MS,4.265,2.41,254.277,21111.6,1295,Mississippi
4/30/2019,5.4,548.8121508,111207.8,MS,4.1425,2.42,255.233,21397.938,1322,Mississippi
5/31/2019,5.4,598.3391903,111207.8,MS,4.072,2.39,255.296,21397.938,1347,Mississippi
6/30/2019,5.5,540.4441129,111207.8,MS,3.8025,2.38,255.213,21397.938,1299,Mississippi
7/31/2019,5.6,633.6221408,111207.8,MS,3.765,2.4,255.802,21717.171,1379,Mississippi
8/31/2019,5.6,643.8123432,111207.8,MS,3.616,2.13,256.036,21717.171,1482,Mississippi
9/30/2019,5.6,621.3698404,111207.8,MS,3.605,2.04,256.43,21717.171,1469,Mississippi
10/31/2019,5.6,642.4737167,111207.8,MS,3.688,1.83,257.155,21933.217,1523,Mississippi
11/30/2019,5.5,605.3163585,111207.8,MS,3.695,1.55,257.879,21933.217,1535,Mississippi
12/31/2019,5.5,614.1734723,111207.8,MS,3.72,1.55,258.63,21933.217,1443,Mississippi
1/31/2020,5.6,658.2851297,111195,MS,3.624,1.55,259.127,21751.238,1495,Mississippi
2/29/2020,5.7,649.4013556,111195,MS,3.465,1.58,259.25,21751.238,1455,Mississippi
3/31/2020,5.9,660.110399,111195,MS,3.45,0.65,258.076,21751.238,1346,Mississippi
4/30/2020,15.6,657.3498712,111195,MS,3.306,0.05,256.032,19958.291,1076,Mississippi
5/31/2020,11.2,727.9464323,111195,MS,3.2325,0.05,255.802,19958.291,1250,Mississippi
6/30/2020,9.4,813.1482502,111195,MS,3.1625,0.08,257.042,19958.291,1334,Mississippi
7/31/2020,8.3,789.9512252,111195,MS,3.016,0.09,258.352,21704.437,1546,Mississippi
8/31/2020,7.4,716.4584982,111195,MS,2.935,0.1,259.316,21704.437,1533,Mississippi
9/30/2020,7.1,751.2104298,111195,MS,2.89,0.09,259.997,21704.437,1636,Mississippi
10/31/2020,6.7,677.5880131,111195,MS,2.834,0.09,260.319,22087.16,1613,Mississippi
11/30/2020,6.6,786.7449781,111195,MS,2.765,0.09,260.911,22087.16,1703,Mississippi
12/31/2020,6.5,757.8479865,111195,MS,2.684,0.09,262.045,22087.16,1752,Mississippi
1/31/2021,6.4,721.5023373,116078.4,MS,2.735,0.09,262.639,22680.693,1855,Mississippi
2/28/2021,6.3,623.1517503,116078.4,MS,2.81,0.08,263.573,22680.693,1711,Mississippi
3/31/2021,6.2,780.7995512,116078.4,MS,3.0825,0.07,264.847,22680.693,1756,Mississippi
4/30/2021,6.1,742.6128747,116078.4,MS,3.06,0.07,266.625,23425.91,1721,Mississippi
5/31/2021,5.9,815.7540782,116078.4,MS,2.9625,0.06,268.404,23425.91,1703,Mississippi
6/30/2021,5.7,615.3909701,116078.4,MS,2.975,0.08,270.71,23425.91,1654,Mississippi
7/31/2021,5.5,579.9311486,116078.4,MS,2.868,0.1,271.965,23982.379,1658,Mississippi
8/31/2021,5.1,644.6290934,116078.4,MS,2.8425,0.09,272.752,23982.379,1736,Mississippi
9/30/2021,4.8,754.1410418,116078.4,MS,2.9,0.08,273.942,23982.379,1640,Mississippi
10/31/2021,4.5,689.7176895,116078.4,MS,3.0675,0.08,276.528,24813.6,1707,Mississippi
11/30/2021,4.3,735.580511,116078.4,MS,3.0675,0.08,278.824,24813.6,1765,Mississippi
12/31/2021,4.1,743.7465844,116078.4,MS,3.098,0.08,280.806,24813.6,1919,Mississippi
1/31/2022,4,689.0060405,115700.3,MS,3.445,0.08,282.542,25250.347,1920,Mississippi
2/28/2022,3.9,719.585542,115700.3,MS,3.7625,0.08,284.525,25250.347,1857,Mississippi
3/31/2022,3.8,803.3964986,115700.3,MS,4.172,0.2,287.467,25250.347,1868,Mississippi
4/30/2022,3.8,680.8998693,115700.3,MS,4.9825,0.33,288.582,25861.292,1859,Mississippi
5/31/2022,3.7,701.5283524,115700.3,MS,5.23,0.77,291.299,25861.292,1704,Mississippi
6/30/2022,3.7,798.9407705,115700.3,MS,5.522,1.21,295.072,25861.292,1737,Mississippi
7/31/2022,3.7,602.5418932,115700.3,MS,5.4125,1.68,294.94,26336.304,1703,Mississippi
8/31/2022,3.7,655.7655226,115700.3,MS,5.2225,2.33,295.162,26336.304,1557,Mississippi
9/30/2022,3.7,631.8334034,115700.3,MS,6.112,2.56,296.421,26336.304,1600,Mississippi
10/31/2022,3.7,622.8010712,115700.3,MS,6.9,3.08,297.979,26770.514,1594,Mississippi
11/30/2022,3.6,561.5328865,115700.3,MS,6.805,3.78,298.708,26770.514,1401,Mississippi
12/31/2022,3.5,528.0696469,115700.3,MS,6.364,4.1,298.808,26770.514,1410,Mississippi
1/31/2023,3.4,623.9376851,119454.2,MS,6.2725,4.33,300.456,27216.445,1410,Mississippi
2/28/2023,3.3,693.1104236,119454.2,MS,6.2575,4.57,301.476,27216.445,1618,Mississippi
3/31/2023,3.2,542.5338012,119454.2,MS,6.544,4.65,301.643,27216.445,1480,Mississippi
4/30/2023,3.1,604.0341023,119454.2,MS,6.3425,4.83,302.858,27530.055,1474,Mississippi
5/31/2023,3.1,587.4807583,119454.2,MS,6.425,5.06,303.316,27530.055,1575,Mississippi
6/30/2023,3.1,604.7741791,119454.2,MS,6.714,5.08,304.099,27530.055,1464,Mississippi
7/31/2023,3.1,588.1781424,119454.2,MS,6.84,5.12,304.615,28074.846,1522,Mississippi
8/31/2023,3.1,662.7071132,119454.2,MS,7.072,5.33,306.138,28074.846,1561,Mississippi
9/30/2023,3,624.2371169,119454.2,MS,7.2,5.33,307.374,28074.846,1537,Mississippi
10/31/2023,3,591.5816563,119454.2,MS,7.62,5.33,307.653,28424.722,1528,Mississippi
11/30/2023,3,611.3270413,119454.2,MS,7.442,5.33,308.087,28424.722,1503,Mississippi
12/31/2023,2.9,666.3653611,119454.2,MS,6.815,5.33,308.735,28424.722,1519,Mississippi
1/31/2024,2.8,621.6836516,123419.3,MS,6.6425,5.33,309.794,28708.161,1545,Mississippi
2/29/2024,2.8,660.7208804,123419.3,MS,6.776,5.33,311.022,28708.161,1577,Mississippi
3/31/2024,2.8,497.3137725,123419.3,MS,6.82,5.33,312.107,28708.161,1476,Mississippi
4/30/2024,2.8,742.5800376,123419.3,MS,6.9925,5.33,313.016,29147.044,1459,Mississippi
5/31/2024,2.8,594.914369,123419.3,MS,7.06,5.33,313.14,29147.044,1407,Mississippi
6/30/2024,2.9,612.857346,123419.3,MS,6.9175,5.33,313.131,29147.044,1461,Mississippi
7/31/2024,3.1,687.3877496,123419.3,MS,6.8475,5.33,313.566,29511.664,1436,Mississippi
8/31/2024,3.3,633.4631916,123419.3,MS,6.5,5.33,314.131,29511.664,1476,Mississippi
9/30/2024,3.4,565.0151232,123419.3,MS,6.18,5.13,314.851,29511.664,1434,Mississippi
10/31/2024,3.6,701.9146082,123419.3,MS,6.428,4.83,315.564,29825.182,1428,Mississippi
11/30/2024,3.6,635.0380263,123419.3,MS,6.805,4.64,316.449,29825.182,1508,Mississippi
12/31/2024,3.6,661.7789617,123419.3,MS,6.715,4.48,317.603,29825.182,1480,Mississippi
1/31/2025,3.6,600.9977448,123419.3,MS,6.958,4.33,319.086,30042.113,1460,Mississippi
2/28/2025,3.8,665.5393483,123419.3,MS,6.8425,4.33,319.775,30042.113,1454,Mississippi
3/31/2025,3.9,649.0325812,123419.3,MS,6.65,4.33,319.615,30042.113,1481,Mississippi
4/30/2025,4,624.4534363,123419.3,MS,6.725,4.33,320.321,30485.729,1422,Mississippi
5/31/2025,4,671.4536637,123419.3,MS,6.816,4.33,320.58,30485.729,1394,Mississippi
6/30/2025,4,641.0431335,123419.3,MS,6.8175,4.33,321.5,30485.729,1393,Mississippi
7/31/2025,3.9,631.3025583,123419.3,MS,6.72,4.33,322.132,30485.729,1362,Mississippi
8/31/2025,3.9,593.8656656,123419.3,MS,6.5875,4.33,323.364,30485.729,1330,Mississippi
9/30/2025,4.4,1258.406926,123419.3,MS,6.3525,4.22,323.364,30485.729,1330,Mississippi
1/31/2012,7.5,776.7071628,296514.3,MO,3.915,0.08,227.842,16068.805,712,Missouri
2/29/2012,7.4,1024.083962,296514.3,MO,3.89,0.1,228.329,16068.805,738,Missouri
3/31/2012,7.3,851.9942251,296514.3,MO,3.954,0.13,228.807,16068.805,806,Missouri
4/30/2012,7.2,639.2506816,296514.3,MO,3.91,0.14,229.187,16207.115,732,Missouri
5/31/2012,7.2,926.6253488,296514.3,MO,3.798,0.16,228.713,16207.115,796,Missouri
6/30/2012,7.1,780.8466711,296514.3,MO,3.675,0.16,228.524,16207.115,794,Missouri
7/31/2012,7.1,660.6150039,296514.3,MO,3.55,0.16,228.59,16319.541,849,Missouri
8/31/2012,7,1016.640663,296514.3,MO,3.602,0.13,229.918,16319.541,840,Missouri
9/30/2012,7,925.5327614,296514.3,MO,3.4975,0.14,231.015,16319.541,930,Missouri
10/31/2012,7,1800.634852,296514.3,MO,3.3825,0.16,231.638,16420.419,887,Missouri
11/30/2012,7,1136.936347,296514.3,MO,3.352,0.16,231.249,16420.419,917,Missouri
12/31/2012,6.9,1005.633451,296514.3,MO,3.345,0.16,231.221,16420.419,941,Missouri
1/31/2013,6.9,1149.343484,302025.7,MO,3.414,0.14,231.679,16648.189,940,Missouri
2/28/2013,6.9,1115.366936,302025.7,MO,3.5325,0.15,232.937,16648.189,980,Missouri
3/31/2013,6.9,1021.760804,302025.7,MO,3.565,0.14,232.282,16648.189,936,Missouri
4/30/2013,6.8,1019.496248,302025.7,MO,3.445,0.15,231.797,16728.687,1012,Missouri
5/31/2013,6.8,1037.259006,302025.7,MO,3.536,0.11,231.893,16728.687,1003,Missouri
6/30/2013,6.8,868.8085359,302025.7,MO,4.07,0.09,232.445,16728.687,942,Missouri
7/31/2013,6.8,949.4217584,302025.7,MO,4.37,0.09,232.9,16953.838,997,Missouri
8/31/2013,6.7,922.7824759,302025.7,MO,4.456,0.08,233.456,16953.838,964,Missouri
9/30/2013,6.7,1169.569802,302025.7,MO,4.49,0.08,233.544,16953.838,1004,Missouri
10/31/2013,6.6,1403.719627,302025.7,MO,4.192,0.09,233.669,17192.019,1044,Missouri
11/30/2013,6.6,1040.605085,302025.7,MO,4.255,0.08,234.1,17192.019,1029,Missouri
12/31/2013,6.6,873.3290723,302025.7,MO,4.4575,0.09,234.719,17192.019,1005,Missouri
1/31/2014,6.6,1325.884008,303617.8,MO,4.432,0.07,235.288,17197.738,976,Missouri
2/28/2014,6.6,1029.498451,303617.8,MO,4.3025,0.07,235.547,17197.738,1039,Missouri
3/31/2014,6.6,1083.329572,303617.8,MO,4.3425,0.08,236.028,17197.738,1067,Missouri
4/30/2014,6.5,1478.354996,303617.8,MO,4.3375,0.09,236.468,17518.508,1090,Missouri
5/31/2014,6.3,1350.193343,303617.8,MO,4.192,0.09,236.918,17518.508,1018,Missouri
6/30/2014,6.2,1508.611313,303617.8,MO,4.1625,0.1,237.231,17518.508,1010,Missouri
7/31/2014,6.1,1357.382269,303617.8,MO,4.13,0.09,237.498,17804.228,1076,Missouri
8/31/2014,6,961.5334236,303617.8,MO,4.115,0.09,237.46,17804.228,1047,Missouri
9/30/2014,5.9,1573.233424,303617.8,MO,4.1625,0.09,237.477,17804.228,1077,Missouri
10/31/2014,5.8,1289.51091,303617.8,MO,4.036,0.09,237.43,17912.079,1094,Missouri
11/30/2014,5.7,1118.106651,303617.8,MO,3.9975,0.09,236.983,17912.079,1059,Missouri
12/31/2014,5.7,1259.459719,303617.8,MO,3.864,0.12,236.252,17912.079,1072,Missouri
1/31/2015,5.6,1059.630354,308009.9,MO,3.67,0.11,234.747,18063.529,1049,Missouri
2/28/2015,5.6,1191.140706,308009.9,MO,3.71,0.11,235.342,18063.529,1127,Missouri
3/31/2015,5.5,1259.848914,308009.9,MO,3.77,0.11,235.976,18063.529,1072,Missouri
4/30/2015,5.5,1143.599966,308009.9,MO,3.672,0.12,236.222,18279.784,1166,Missouri
5/31/2015,5.3,1026.384383,308009.9,MO,3.84,0.12,237.001,18279.784,1272,Missouri
6/30/2015,5.2,1650.825745,308009.9,MO,3.9825,0.13,237.657,18279.784,1379,Missouri
7/31/2015,5,1659.204171,308009.9,MO,4.046,0.13,238.034,18401.626,1140,Missouri
8/31/2015,4.9,1367.990779,308009.9,MO,3.905,0.14,238.033,18401.626,1165,Missouri
9/30/2015,4.8,1345.760197,308009.9,MO,3.89,0.14,237.498,18401.626,1144,Missouri
10/31/2015,4.7,1283.070686,308009.9,MO,3.796,0.12,237.733,18435.137,1160,Missouri
11/30/2015,4.6,1685.098507,308009.9,MO,3.9425,0.12,238.017,18435.137,1244,Missouri
12/31/2015,4.5,2277.120275,308009.9,MO,3.964,0.24,237.761,18435.137,1211,Missouri
1/31/2016,4.5,1413.882209,308423.3,MO,3.8725,0.34,237.652,18525.933,1171,Missouri
2/29/2016,4.5,1271.242953,308423.3,MO,3.66,0.38,237.336,18525.933,1172,Missouri
3/31/2016,4.5,1727.861247,308423.3,MO,3.694,0.36,238.08,18525.933,1118,Missouri
4/30/2016,4.5,1950.473069,308423.3,MO,3.605,0.37,238.992,18711.702,1160,Missouri
5/31/2016,4.6,1788.160825,308423.3,MO,3.6,0.37,239.557,18711.702,1205,Missouri
6/30/2016,4.7,1499.506677,308423.3,MO,3.568,0.38,240.222,18711.702,1208,Missouri
7/31/2016,4.7,1689.345667,308423.3,MO,3.44,0.39,240.101,18892.639,1198,Missouri
8/31/2016,4.7,1467.08989,308423.3,MO,3.435,0.4,240.545,18892.639,1201,Missouri
9/30/2016,4.7,1522.835699,308423.3,MO,3.46,0.4,241.176,18892.639,1303,Missouri
10/31/2016,4.6,1507.143706,308423.3,MO,3.47,0.4,241.741,19089.379,1254,Missouri
11/30/2016,4.5,1818.515692,308423.3,MO,3.77,0.41,242.026,19089.379,1230,Missouri
12/31/2016,4.4,1736.453057,308423.3,MO,4.198,0.54,242.637,19089.379,1248,Missouri
1/31/2017,4.2,1407.774501,311273.8,MO,4.15,0.65,243.618,19280.084,1303,Missouri
2/28/2017,4.1,1617.323993,311273.8,MO,4.1675,0.66,244.006,19280.084,1234,Missouri
3/31/2017,4,1229.886224,311273.8,MO,4.196,0.79,243.892,19280.084,1272,Missouri
4/30/2017,3.9,1321.620894,311273.8,MO,4.045,0.9,244.193,19438.643,1251,Missouri
5/31/2017,3.8,1609.984071,311273.8,MO,4.01,0.91,244.004,19438.643,1208,Missouri
6/30/2017,3.7,1259.199894,311273.8,MO,3.904,1.04,244.163,19438.643,1353,Missouri
7/31/2017,3.7,1255.621173,311273.8,MO,3.9675,1.15,244.243,19692.595,1256,Missouri
8/31/2017,3.7,1689.429806,311273.8,MO,3.88,1.16,245.183,19692.595,1319,Missouri
9/30/2017,3.6,1455.509888,311273.8,MO,3.805,1.15,246.435,19692.595,1273,Missouri
10/31/2017,3.6,2122.943577,311273.8,MO,3.895,1.15,246.626,20037.088,1356,Missouri
11/30/2017,3.6,1305.311729,311273.8,MO,3.922,1.16,247.284,20037.088,1299,Missouri
12/31/2017,3.6,1530.018913,311273.8,MO,3.95,1.3,247.805,20037.088,1311,Missouri
1/31/2018,3.5,1099.486853,314182.4,MO,4.0325,1.41,248.859,20328.553,1317,Missouri
2/28/2018,3.5,1257.823808,314182.4,MO,4.33,1.42,249.529,20328.553,1321,Missouri
3/31/2018,3.4,1556.517298,314182.4,MO,4.444,1.51,249.577,20328.553,1385,Missouri
4/30/2018,3.3,1448.607908,314182.4,MO,4.4675,1.69,250.227,20580.912,1378,Missouri
5/31/2018,3.2,1431.919646,314182.4,MO,4.586,1.7,250.792,20580.912,1338,Missouri
6/30/2018,3.1,1654.856438,314182.4,MO,4.57,1.82,251.018,20580.912,1345,Missouri
7/31/2018,3.1,984.9886862,314182.4,MO,4.5275,1.91,251.214,20798.73,1334,Missouri
8/31/2018,3.1,1337.157972,314182.4,MO,4.55,1.91,251.663,20798.73,1273,Missouri
9/30/2018,3.1,843.4573859,314182.4,MO,4.6275,1.95,252.182,20798.73,1314,Missouri
10/31/2018,3.1,1415.280428,314182.4,MO,4.83,2.19,252.772,20917.867,1272,Missouri
11/30/2018,3.2,1374.829754,314182.4,MO,4.866,2.2,252.594,20917.867,1340,Missouri
12/31/2018,3.2,740.0059713,314182.4,MO,4.6375,2.27,252.767,20917.867,1317,Missouri
1/31/2019,3.3,1405.37299,321329.1,MO,4.464,2.4,252.561,21111.6,1254,Missouri
2/28/2019,3.3,1201.418737,321329.1,MO,4.37,2.4,253.319,21111.6,1286,Missouri
3/31/2019,3.2,1558.788848,321329.1,MO,4.265,2.41,254.277,21111.6,1295,Missouri
4/30/2019,3.1,1099.049161,321329.1,MO,4.1425,2.42,255.233,21397.938,1322,Missouri
5/31/2019,3.1,1309.819386,321329.1,MO,4.072,2.39,255.296,21397.938,1347,Missouri
6/30/2019,3.1,1048.218864,321329.1,MO,3.8025,2.38,255.213,21397.938,1299,Missouri
7/31/2019,3.1,1431.25107,321329.1,MO,3.765,2.4,255.802,21717.171,1379,Missouri
8/31/2019,3.2,1404.738619,321329.1,MO,3.616,2.13,256.036,21717.171,1482,Missouri
9/30/2019,3.3,1314.583943,321329.1,MO,3.605,2.04,256.43,21717.171,1469,Missouri
10/31/2019,3.3,1555.101071,321329.1,MO,3.688,1.83,257.155,21933.217,1523,Missouri
11/30/2019,3.4,1121.101714,321329.1,MO,3.695,1.55,257.879,21933.217,1535,Missouri
12/31/2019,3.4,1486.788782,321329.1,MO,3.72,1.55,258.63,21933.217,1443,Missouri
1/31/2020,3.4,1718.24776,316158.6,MO,3.624,1.55,259.127,21751.238,1495,Missouri
2/29/2020,3.4,1854.973223,316158.6,MO,3.465,1.58,259.25,21751.238,1455,Missouri
3/31/2020,3.6,1043.705441,316158.6,MO,3.45,0.65,258.076,21751.238,1346,Missouri
4/30/2020,11.6,1253.479363,316158.6,MO,3.306,0.05,256.032,19958.291,1076,Missouri
5/31/2020,9.6,1309.294675,316158.6,MO,3.2325,0.05,255.802,19958.291,1250,Missouri
6/30/2020,8,1411.486599,316158.6,MO,3.1625,0.08,257.042,19958.291,1334,Missouri
7/31/2020,7.2,2458.55191,316158.6,MO,3.016,0.09,258.352,21704.437,1546,Missouri
8/31/2020,6.4,1347.250793,316158.6,MO,2.935,0.1,259.316,21704.437,1533,Missouri
9/30/2020,5.9,1575.698925,316158.6,MO,2.89,0.09,259.997,21704.437,1636,Missouri
10/31/2020,5.4,1263.801413,316158.6,MO,2.834,0.09,260.319,22087.16,1613,Missouri
11/30/2020,5.1,1628.00105,316158.6,MO,2.765,0.09,260.911,22087.16,1703,Missouri
12/31/2020,5,1431.213437,316158.6,MO,2.684,0.09,262.045,22087.16,1752,Missouri
1/31/2021,4.9,1350.345587,331578,MO,2.735,0.09,262.639,22680.693,1855,Missouri
2/28/2021,4.8,1518.949519,331578,MO,2.81,0.08,263.573,22680.693,1711,Missouri
3/31/2021,4.8,2088.473954,331578,MO,3.0825,0.07,264.847,22680.693,1756,Missouri
4/30/2021,4.7,2244.237715,331578,MO,3.06,0.07,266.625,23425.91,1721,Missouri
5/31/2021,4.5,1517.236715,331578,MO,2.9625,0.06,268.404,23425.91,1703,Missouri
6/30/2021,4.4,1108.590652,331578,MO,2.975,0.08,270.71,23425.91,1654,Missouri
7/31/2021,4.1,1519.753438,331578,MO,2.868,0.1,271.965,23982.379,1658,Missouri
8/31/2021,3.9,1659.882049,331578,MO,2.8425,0.09,272.752,23982.379,1736,Missouri
9/30/2021,3.7,2059.313678,331578,MO,2.9,0.08,273.942,23982.379,1640,Missouri
10/31/2021,3.5,1784.754664,331578,MO,3.0675,0.08,276.528,24813.6,1707,Missouri
11/30/2021,3.3,1684.442224,331578,MO,3.0675,0.08,278.824,24813.6,1765,Missouri
12/31/2021,3.1,2230.478464,331578,MO,3.098,0.08,280.806,24813.6,1919,Missouri
1/31/2022,3,2235.228498,337225.4,MO,3.445,0.08,282.542,25250.347,1920,Missouri
2/28/2022,2.7,1922.243663,337225.4,MO,3.7625,0.08,284.525,25250.347,1857,Missouri
3/31/2022,2.6,1648.473324,337225.4,MO,4.172,0.2,287.467,25250.347,1868,Missouri
4/30/2022,2.4,2128.549805,337225.4,MO,4.9825,0.33,288.582,25861.292,1859,Missouri
5/31/2022,2.3,1740.614975,337225.4,MO,5.23,0.77,291.299,25861.292,1704,Missouri
6/30/2022,2.3,1756.967024,337225.4,MO,5.522,1.21,295.072,25861.292,1737,Missouri
7/31/2022,2.4,1745.478143,337225.4,MO,5.4125,1.68,294.94,26336.304,1703,Missouri
8/31/2022,2.5,1695.728081,337225.4,MO,5.2225,2.33,295.162,26336.304,1557,Missouri
9/30/2022,2.7,1502.844628,337225.4,MO,6.112,2.56,296.421,26336.304,1600,Missouri
10/31/2022,2.7,1343.709288,337225.4,MO,6.9,3.08,297.979,26770.514,1594,Missouri
11/30/2022,2.8,1415.567786,337225.4,MO,6.805,3.78,298.708,26770.514,1401,Missouri
12/31/2022,2.8,1282.205706,337225.4,MO,6.364,4.1,298.808,26770.514,1410,Missouri
1/31/2023,2.8,1222.127019,346895.3,MO,6.2725,4.33,300.456,27216.445,1410,Missouri
2/28/2023,2.8,1452.74684,346895.3,MO,6.2575,4.57,301.476,27216.445,1618,Missouri
3/31/2023,2.8,1492.072745,346895.3,MO,6.544,4.65,301.643,27216.445,1480,Missouri
4/30/2023,2.9,1354.20758,346895.3,MO,6.3425,4.83,302.858,27530.055,1474,Missouri
5/31/2023,3,1811.480706,346895.3,MO,6.425,5.06,303.316,27530.055,1575,Missouri
6/30/2023,3.1,1460.230979,346895.3,MO,6.714,5.08,304.099,27530.055,1464,Missouri
7/31/2023,3.1,1568.346135,346895.3,MO,6.84,5.12,304.615,28074.846,1522,Missouri
8/31/2023,3.2,1355.635084,346895.3,MO,7.072,5.33,306.138,28074.846,1561,Missouri
9/30/2023,3.3,1412.765283,346895.3,MO,7.2,5.33,307.374,28074.846,1537,Missouri
10/31/2023,3.4,1095.785008,346895.3,MO,7.62,5.33,307.653,28424.722,1528,Missouri
11/30/2023,3.4,1384.667509,346895.3,MO,7.442,5.33,308.087,28424.722,1503,Missouri
12/31/2023,3.4,1269.79263,346895.3,MO,6.815,5.33,308.735,28424.722,1519,Missouri
1/31/2024,3.5,1569.714249,353307.4,MO,6.6425,5.33,309.794,28708.161,1545,Missouri
2/29/2024,3.5,1635.101159,353307.4,MO,6.776,5.33,311.022,28708.161,1577,Missouri
3/31/2024,3.6,1275.750144,353307.4,MO,6.82,5.33,312.107,28708.161,1476,Missouri
4/30/2024,3.7,1279.461883,353307.4,MO,6.9925,5.33,313.016,29147.044,1459,Missouri
5/31/2024,3.7,1374.254618,353307.4,MO,7.06,5.33,313.14,29147.044,1407,Missouri
6/30/2024,3.8,1680.512804,353307.4,MO,6.9175,5.33,313.131,29147.044,1461,Missouri
7/31/2024,3.7,1627.57131,353307.4,MO,6.8475,5.33,313.566,29511.664,1436,Missouri
8/31/2024,3.7,1753.19758,353307.4,MO,6.5,5.33,314.131,29511.664,1476,Missouri
9/30/2024,3.7,1268.204443,353307.4,MO,6.18,5.13,314.851,29511.664,1434,Missouri
10/31/2024,3.6,1981.651573,353307.4,MO,6.428,4.83,315.564,29825.182,1428,Missouri
11/30/2024,3.6,1729.91139,353307.4,MO,6.805,4.64,316.449,29825.182,1508,Missouri
12/31/2024,3.6,1364.946375,353307.4,MO,6.715,4.48,317.603,29825.182,1480,Missouri
1/31/2025,3.7,1518.858606,353307.4,MO,6.958,4.33,319.086,30042.113,1460,Missouri
2/28/2025,3.7,1425.528426,353307.4,MO,6.8425,4.33,319.775,30042.113,1454,Missouri
3/31/2025,3.8,1289.759501,353307.4,MO,6.65,4.33,319.615,30042.113,1481,Missouri
4/30/2025,3.9,1398.09304,353307.4,MO,6.725,4.33,320.321,30485.729,1422,Missouri
5/31/2025,4,1309.22007,353307.4,MO,6.816,4.33,320.58,30485.729,1394,Missouri
6/30/2025,4,1751.277538,353307.4,MO,6.8175,4.33,321.5,30485.729,1393,Missouri
7/31/2025,4.1,1240.579211,353307.4,MO,6.72,4.33,322.132,30485.729,1362,Missouri
8/31/2025,4.1,1336.5546,353307.4,MO,6.5875,4.33,323.364,30485.729,1330,Missouri
9/30/2025,4.4,1258.406926,353307.4,MO,6.3525,4.22,323.364,30485.729,1330,Missouri
1/31/2012,6,172.324132,44329.1,MT,3.915,0.08,227.842,16068.805,712,Montana
2/29/2012,5.9,185.0439035,44329.1,MT,3.89,0.1,228.329,16068.805,738,Montana
3/31/2012,5.9,255.0432722,44329.1,MT,3.954,0.13,228.807,16068.805,806,Montana
4/30/2012,5.9,289.2648135,44329.1,MT,3.91,0.14,229.187,16207.115,732,Montana
5/31/2012,5.9,163.1970491,44329.1,MT,3.798,0.16,228.713,16207.115,796,Montana
6/30/2012,5.9,178.3518013,44329.1,MT,3.675,0.16,228.524,16207.115,794,Montana
7/31/2012,5.8,162.1725632,44329.1,MT,3.55,0.16,228.59,16319.541,849,Montana
8/31/2012,5.8,467.3323969,44329.1,MT,3.602,0.13,229.918,16319.541,840,Montana
9/30/2012,5.7,248.0549223,44329.1,MT,3.4975,0.14,231.015,16319.541,930,Montana
10/31/2012,5.6,232.2498643,44329.1,MT,3.3825,0.16,231.638,16420.419,887,Montana
11/30/2012,5.5,306.7366648,44329.1,MT,3.352,0.16,231.249,16420.419,917,Montana
12/31/2012,5.5,182.0451573,44329.1,MT,3.345,0.16,231.221,16420.419,941,Montana
1/31/2013,5.5,311.654124,45114.7,MT,3.414,0.14,231.679,16648.189,940,Montana
2/28/2013,5.4,322.9863849,45114.7,MT,3.5325,0.15,232.937,16648.189,980,Montana
3/31/2013,5.4,349.0307059,45114.7,MT,3.565,0.14,232.282,16648.189,936,Montana
4/30/2013,5.4,280.2298186,45114.7,MT,3.445,0.15,231.797,16728.687,1012,Montana
5/31/2013,5.4,263.4176106,45114.7,MT,3.536,0.11,231.893,16728.687,1003,Montana
6/30/2013,5.4,222.9497646,45114.7,MT,4.07,0.09,232.445,16728.687,942,Montana
7/31/2013,5.3,427.927164,45114.7,MT,4.37,0.09,232.9,16953.838,997,Montana
8/31/2013,5.3,598.5107296,45114.7,MT,4.456,0.08,233.456,16953.838,964,Montana
9/30/2013,5.2,156.2098635,45114.7,MT,4.49,0.08,233.544,16953.838,1004,Montana
10/31/2013,5.2,192.9899644,45114.7,MT,4.192,0.09,233.669,17192.019,1044,Montana
11/30/2013,5.1,710.5525595,45114.7,MT,4.255,0.08,234.1,17192.019,1029,Montana
12/31/2013,5,139.8534384,45114.7,MT,4.4575,0.09,234.719,17192.019,1005,Montana
1/31/2014,4.9,235.1438034,46166.7,MT,4.432,0.07,235.288,17197.738,976,Montana
2/28/2014,4.9,126.7819277,46166.7,MT,4.3025,0.07,235.547,17197.738,1039,Montana
3/31/2014,4.8,175.5895059,46166.7,MT,4.3425,0.08,236.028,17197.738,1067,Montana
4/30/2014,4.7,232.6513736,46166.7,MT,4.3375,0.09,236.468,17518.508,1090,Montana
5/31/2014,4.7,264.1631904,46166.7,MT,4.192,0.09,236.918,17518.508,1018,Montana
6/30/2014,4.6,268.1544541,46166.7,MT,4.1625,0.1,237.231,17518.508,1010,Montana
7/31/2014,4.6,391.1351376,46166.7,MT,4.13,0.09,237.498,17804.228,1076,Montana
8/31/2014,4.6,274.5416779,46166.7,MT,4.115,0.09,237.46,17804.228,1047,Montana
9/30/2014,4.6,290.5794945,46166.7,MT,4.1625,0.09,237.477,17804.228,1077,Montana
10/31/2014,4.5,312.3676409,46166.7,MT,4.036,0.09,237.43,17912.079,1094,Montana
11/30/2014,4.4,261.5498968,46166.7,MT,3.9975,0.09,236.983,17912.079,1059,Montana
12/31/2014,4.4,592.1146044,46166.7,MT,3.864,0.12,236.252,17912.079,1072,Montana
1/31/2015,4.3,257.2724243,47765.6,MT,3.67,0.11,234.747,18063.529,1049,Montana
2/28/2015,4.3,414.7537566,47765.6,MT,3.71,0.11,235.342,18063.529,1127,Montana
3/31/2015,4.2,266.2372943,47765.6,MT,3.77,0.11,235.976,18063.529,1072,Montana
4/30/2015,4.2,220.196869,47765.6,MT,3.672,0.12,236.222,18279.784,1166,Montana
5/31/2015,4.2,308.3828214,47765.6,MT,3.84,0.12,237.001,18279.784,1272,Montana
6/30/2015,4.2,268.0690737,47765.6,MT,3.9825,0.13,237.657,18279.784,1379,Montana
7/31/2015,4.2,251.4149694,47765.6,MT,4.046,0.13,238.034,18401.626,1140,Montana
8/31/2015,4.2,222.7055653,47765.6,MT,3.905,0.14,238.033,18401.626,1165,Montana
9/30/2015,4.2,314.6557448,47765.6,MT,3.89,0.14,237.498,18401.626,1144,Montana
10/31/2015,4.3,487.5091577,47765.6,MT,3.796,0.12,237.733,18435.137,1160,Montana
11/30/2015,4.3,287.8220068,47765.6,MT,3.9425,0.12,238.017,18435.137,1244,Montana
12/31/2015,4.3,668.380841,47765.6,MT,3.964,0.24,237.761,18435.137,1211,Montana
1/31/2016,4.3,287.9153692,47189.6,MT,3.8725,0.34,237.652,18525.933,1171,Montana
2/29/2016,4.3,291.7711086,47189.6,MT,3.66,0.38,237.336,18525.933,1172,Montana
3/31/2016,4.3,246.7090841,47189.6,MT,3.694,0.36,238.08,18525.933,1118,Montana
4/30/2016,4.3,292.6105151,47189.6,MT,3.605,0.37,238.992,18711.702,1160,Montana
5/31/2016,4.3,316.1301266,47189.6,MT,3.6,0.37,239.557,18711.702,1205,Montana
6/30/2016,4.3,301.0952741,47189.6,MT,3.568,0.38,240.222,18711.702,1208,Montana
7/31/2016,4.3,206.9455817,47189.6,MT,3.44,0.39,240.101,18892.639,1198,Montana
8/31/2016,4.3,332.1575356,47189.6,MT,3.435,0.4,240.545,18892.639,1201,Montana
9/30/2016,4.2,651.4652561,47189.6,MT,3.46,0.4,241.176,18892.639,1303,Montana
10/31/2016,4.2,332.1048688,47189.6,MT,3.47,0.4,241.741,19089.379,1254,Montana
11/30/2016,4.2,294.6817228,47189.6,MT,3.77,0.41,242.026,19089.379,1230,Montana
12/31/2016,4.2,356.5079699,47189.6,MT,4.198,0.54,242.637,19089.379,1248,Montana
1/31/2017,4.2,231.2785496,48470.5,MT,4.15,0.65,243.618,19280.084,1303,Montana
2/28/2017,4.1,330.7539239,48470.5,MT,4.1675,0.66,244.006,19280.084,1234,Montana
3/31/2017,4.1,509.0375406,48470.5,MT,4.196,0.79,243.892,19280.084,1272,Montana
4/30/2017,4.1,344.8085799,48470.5,MT,4.045,0.9,244.193,19438.643,1251,Montana
5/31/2017,4.1,343.2568486,48470.5,MT,4.01,0.91,244.004,19438.643,1208,Montana
6/30/2017,4.1,665.5327999,48470.5,MT,3.904,1.04,244.163,19438.643,1353,Montana
7/31/2017,4.1,313.1357593,48470.5,MT,3.9675,1.15,244.243,19692.595,1256,Montana
8/31/2017,4.1,314.8707731,48470.5,MT,3.88,1.16,245.183,19692.595,1319,Montana
9/30/2017,4.1,330.4321891,48470.5,MT,3.805,1.15,246.435,19692.595,1273,Montana
10/31/2017,4.1,366.85279,48470.5,MT,3.895,1.15,246.626,20037.088,1356,Montana
11/30/2017,4.1,324.4328742,48470.5,MT,3.922,1.16,247.284,20037.088,1299,Montana
12/31/2017,4,233.8965791,48470.5,MT,3.95,1.3,247.805,20037.088,1311,Montana
1/31/2018,3.9,236.2851422,49455,MT,4.0325,1.41,248.859,20328.553,1317,Montana
2/28/2018,3.9,269.294858,49455,MT,4.33,1.42,249.529,20328.553,1321,Montana
3/31/2018,3.8,294.7604671,49455,MT,4.444,1.51,249.577,20328.553,1385,Montana
4/30/2018,3.8,382.0119421,49455,MT,4.4675,1.69,250.227,20580.912,1378,Montana
5/31/2018,3.7,319.3977424,49455,MT,4.586,1.7,250.792,20580.912,1338,Montana
6/30/2018,3.7,335.9810619,49455,MT,4.57,1.82,251.018,20580.912,1345,Montana
7/31/2018,3.7,338.4193129,49455,MT,4.5275,1.91,251.214,20798.73,1334,Montana
8/31/2018,3.6,306.1181835,49455,MT,4.55,1.91,251.663,20798.73,1273,Montana
9/30/2018,3.6,359.3710936,49455,MT,4.6275,1.95,252.182,20798.73,1314,Montana
10/31/2018,3.7,332.3730583,49455,MT,4.83,2.19,252.772,20917.867,1272,Montana
11/30/2018,3.7,313.3623284,49455,MT,4.866,2.2,252.594,20917.867,1340,Montana
12/31/2018,3.6,434.5733858,49455,MT,4.6375,2.27,252.767,20917.867,1317,Montana
1/31/2019,3.6,471.6879905,50263.5,MT,4.464,2.4,252.561,21111.6,1254,Montana
2/28/2019,3.6,192.9151097,50263.5,MT,4.37,2.4,253.319,21111.6,1286,Montana
3/31/2019,3.5,316.6425595,50263.5,MT,4.265,2.41,254.277,21111.6,1295,Montana
4/30/2019,3.5,380.0956513,50263.5,MT,4.1425,2.42,255.233,21397.938,1322,Montana
5/31/2019,3.4,311.5722779,50263.5,MT,4.072,2.39,255.296,21397.938,1347,Montana
6/30/2019,3.4,273.9935227,50263.5,MT,3.8025,2.38,255.213,21397.938,1299,Montana
7/31/2019,3.5,281.3494048,50263.5,MT,3.765,2.4,255.802,21717.171,1379,Montana
8/31/2019,3.5,315.0379596,50263.5,MT,3.616,2.13,256.036,21717.171,1482,Montana
9/30/2019,3.5,341.7450321,50263.5,MT,3.605,2.04,256.43,21717.171,1469,Montana
10/31/2019,3.5,217.9745265,50263.5,MT,3.688,1.83,257.155,21933.217,1523,Montana
11/30/2019,3.5,310.9949255,50263.5,MT,3.695,1.55,257.879,21933.217,1535,Montana
12/31/2019,3.5,238.7470646,50263.5,MT,3.72,1.55,258.63,21933.217,1443,Montana
1/31/2020,3.5,495.4110209,50062.9,MT,3.624,1.55,259.127,21751.238,1495,Montana
2/29/2020,3.5,382.110017,50062.9,MT,3.465,1.58,259.25,21751.238,1455,Montana
3/31/2020,3.5,317.9908291,50062.9,MT,3.45,0.65,258.076,21751.238,1346,Montana
4/30/2020,11.9,296.4330282,50062.9,MT,3.306,0.05,256.032,19958.291,1076,Montana
5/31/2020,9.2,406.2933742,50062.9,MT,3.2325,0.05,255.802,19958.291,1250,Montana
6/30/2020,7.7,229.9532804,50062.9,MT,3.1625,0.08,257.042,19958.291,1334,Montana
7/31/2020,6.7,408.3682229,50062.9,MT,3.016,0.09,258.352,21704.437,1546,Montana
8/31/2020,5.6,477.9804414,50062.9,MT,2.935,0.1,259.316,21704.437,1533,Montana
9/30/2020,5.2,384.7174641,50062.9,MT,2.89,0.09,259.997,21704.437,1636,Montana
10/31/2020,4.6,296.376276,50062.9,MT,2.834,0.09,260.319,22087.16,1613,Montana
11/30/2020,4.3,342.0300018,50062.9,MT,2.765,0.09,260.911,22087.16,1703,Montana
12/31/2020,4.2,707.7818988,50062.9,MT,2.684,0.09,262.045,22087.16,1752,Montana
1/31/2021,4,385.4114733,53345.9,MT,2.735,0.09,262.639,22680.693,1855,Montana
2/28/2021,3.9,308.277022,53345.9,MT,2.81,0.08,263.573,22680.693,1711,Montana
3/31/2021,3.8,635.3568844,53345.9,MT,3.0825,0.07,264.847,22680.693,1756,Montana
4/30/2021,3.7,446.9508213,53345.9,MT,3.06,0.07,266.625,23425.91,1721,Montana
5/31/2021,3.6,348.1581413,53345.9,MT,2.9625,0.06,268.404,23425.91,1703,Montana
6/30/2021,3.5,690.3519719,53345.9,MT,2.975,0.08,270.71,23425.91,1654,Montana
7/31/2021,3.4,507.0389301,53345.9,MT,2.868,0.1,271.965,23982.379,1658,Montana
8/31/2021,3.3,460.3377749,53345.9,MT,2.8425,0.09,272.752,23982.379,1736,Montana
9/30/2021,3.1,486.3230968,53345.9,MT,2.9,0.08,273.942,23982.379,1640,Montana
10/31/2021,2.9,526.3401534,53345.9,MT,3.0675,0.08,276.528,24813.6,1707,Montana
11/30/2021,2.8,982.0910615,53345.9,MT,3.0675,0.08,278.824,24813.6,1765,Montana
12/31/2021,2.7,611.3680604,53345.9,MT,3.098,0.08,280.806,24813.6,1919,Montana
1/31/2022,2.6,621.2233075,55806.9,MT,3.445,0.08,282.542,25250.347,1920,Montana
2/28/2022,2.6,841.1330122,55806.9,MT,3.7625,0.08,284.525,25250.347,1857,Montana
3/31/2022,2.6,543.0078782,55806.9,MT,4.172,0.2,287.467,25250.347,1868,Montana
4/30/2022,2.7,544.8487053,55806.9,MT,4.9825,0.33,288.582,25861.292,1859,Montana
5/31/2022,2.7,476.7427582,55806.9,MT,5.23,0.77,291.299,25861.292,1704,Montana
6/30/2022,2.7,683.9477813,55806.9,MT,5.522,1.21,295.072,25861.292,1737,Montana
7/31/2022,2.7,384.8080402,55806.9,MT,5.4125,1.68,294.94,26336.304,1703,Montana
8/31/2022,2.7,432.7717569,55806.9,MT,5.2225,2.33,295.162,26336.304,1557,Montana
9/30/2022,2.7,498.5796947,55806.9,MT,6.112,2.56,296.421,26336.304,1600,Montana
10/31/2022,2.6,528.6728781,55806.9,MT,6.9,3.08,297.979,26770.514,1594,Montana
11/30/2022,2.5,226.2764868,55806.9,MT,6.805,3.78,298.708,26770.514,1401,Montana
12/31/2022,2.5,531.5997153,55806.9,MT,6.364,4.1,298.808,26770.514,1410,Montana
1/31/2023,2.4,344.4473163,58604.9,MT,6.2725,4.33,300.456,27216.445,1410,Montana
2/28/2023,2.4,505.1711614,58604.9,MT,6.2575,4.57,301.476,27216.445,1618,Montana
3/31/2023,2.5,445.302441,58604.9,MT,6.544,4.65,301.643,27216.445,1480,Montana
4/30/2023,2.5,350.5507443,58604.9,MT,6.3425,4.83,302.858,27530.055,1474,Montana
5/31/2023,2.5,519.597644,58604.9,MT,6.425,5.06,303.316,27530.055,1575,Montana
6/30/2023,2.6,340.3365796,58604.9,MT,6.714,5.08,304.099,27530.055,1464,Montana
7/31/2023,2.6,455.1105714,58604.9,MT,6.84,5.12,304.615,28074.846,1522,Montana
8/31/2023,2.7,351.6045173,58604.9,MT,7.072,5.33,306.138,28074.846,1561,Montana
9/30/2023,2.8,303.2056896,58604.9,MT,7.2,5.33,307.374,28074.846,1537,Montana
10/31/2023,2.9,415.5961726,58604.9,MT,7.62,5.33,307.653,28424.722,1528,Montana
11/30/2023,3,406.2397766,58604.9,MT,7.442,5.33,308.087,28424.722,1503,Montana
12/31/2023,3.1,216.3055276,58604.9,MT,6.815,5.33,308.735,28424.722,1519,Montana
1/31/2024,3,473.6959897,60605.7,MT,6.6425,5.33,309.794,28708.161,1545,Montana
2/29/2024,3,393.4899654,60605.7,MT,6.776,5.33,311.022,28708.161,1577,Montana
3/31/2024,3,333.8084342,60605.7,MT,6.82,5.33,312.107,28708.161,1476,Montana
4/30/2024,3,323.4003847,60605.7,MT,6.9925,5.33,313.016,29147.044,1459,Montana
5/31/2024,3,358.6829556,60605.7,MT,7.06,5.33,313.14,29147.044,1407,Montana
6/30/2024,3,407.9387943,60605.7,MT,6.9175,5.33,313.131,29147.044,1461,Montana
7/31/2024,3,501.4100997,60605.7,MT,6.8475,5.33,313.566,29511.664,1436,Montana
8/31/2024,3,411.8445826,60605.7,MT,6.5,5.33,314.131,29511.664,1476,Montana
9/30/2024,3,358.2285085,60605.7,MT,6.18,5.13,314.851,29511.664,1434,Montana
10/31/2024,2.9,369.3602605,60605.7,MT,6.428,4.83,315.564,29825.182,1428,Montana
11/30/2024,2.9,461.0575441,60605.7,MT,6.805,4.64,316.449,29825.182,1508,Montana
12/31/2024,2.9,597.6380217,60605.7,MT,6.715,4.48,317.603,29825.182,1480,Montana
1/31/2025,2.8,428.2323561,60605.7,MT,6.958,4.33,319.086,30042.113,1460,Montana
2/28/2025,2.8,359.8751799,60605.7,MT,6.8425,4.33,319.775,30042.113,1454,Montana
3/31/2025,2.7,435.9396867,60605.7,MT,6.65,4.33,319.615,30042.113,1481,Montana
4/30/2025,2.7,452.790998,60605.7,MT,6.725,4.33,320.321,30485.729,1422,Montana
5/31/2025,2.8,376.3112425,60605.7,MT,6.816,4.33,320.58,30485.729,1394,Montana
6/30/2025,2.8,230.3736049,60605.7,MT,6.8175,4.33,321.5,30485.729,1393,Montana
7/31/2025,2.8,335.2471415,60605.7,MT,6.72,4.33,322.132,30485.729,1362,Montana
8/31/2025,2.9,850.5372092,60605.7,MT,6.5875,4.33,323.364,30485.729,1330,Montana
9/30/2025,4.4,1258.406926,60605.7,MT,6.3525,4.22,323.364,30485.729,1330,Montana
1/31/2012,4.1,469.7892984,109686.3,NE,3.915,0.08,227.842,16068.805,712,Nebraska
2/29/2012,4,543.1869464,109686.3,NE,3.89,0.1,228.329,16068.805,738,Nebraska
3/31/2012,3.9,739.9031267,109686.3,NE,3.954,0.13,228.807,16068.805,806,Nebraska
4/30/2012,3.9,330.4647127,109686.3,NE,3.91,0.14,229.187,16207.115,732,Nebraska
5/31/2012,3.9,562.2905539,109686.3,NE,3.798,0.16,228.713,16207.115,796,Nebraska
6/30/2012,3.9,558.4700927,109686.3,NE,3.675,0.16,228.524,16207.115,794,Nebraska
7/31/2012,3.9,464.2690257,109686.3,NE,3.55,0.16,228.59,16319.541,849,Nebraska
8/31/2012,3.8,468.1395323,109686.3,NE,3.602,0.13,229.918,16319.541,840,Nebraska
9/30/2012,3.9,669.1672119,109686.3,NE,3.4975,0.14,231.015,16319.541,930,Nebraska
10/31/2012,3.9,550.9828444,109686.3,NE,3.3825,0.16,231.638,16420.419,887,Nebraska
11/30/2012,3.9,697.4774829,109686.3,NE,3.352,0.16,231.249,16420.419,917,Nebraska
12/31/2012,3.9,624.7432569,109686.3,NE,3.345,0.16,231.221,16420.419,941,Nebraska
1/31/2013,3.9,807.5625261,111382.2,NE,3.414,0.14,231.679,16648.189,940,Nebraska
2/28/2013,3.9,695.8916844,111382.2,NE,3.5325,0.15,232.937,16648.189,980,Nebraska
3/31/2013,3.8,708.6270228,111382.2,NE,3.565,0.14,232.282,16648.189,936,Nebraska
4/30/2013,3.8,827.7011593,111382.2,NE,3.445,0.15,231.797,16728.687,1012,Nebraska
5/31/2013,3.8,656.9583738,111382.2,NE,3.536,0.11,231.893,16728.687,1003,Nebraska
6/30/2013,3.8,650.7164021,111382.2,NE,4.07,0.09,232.445,16728.687,942,Nebraska
7/31/2013,3.7,708.1824755,111382.2,NE,4.37,0.09,232.9,16953.838,997,Nebraska
8/31/2013,3.7,689.2454143,111382.2,NE,4.456,0.08,233.456,16953.838,964,Nebraska
9/30/2013,3.6,594.0237738,111382.2,NE,4.49,0.08,233.544,16953.838,1004,Nebraska
10/31/2013,3.6,651.860484,111382.2,NE,4.192,0.09,233.669,17192.019,1044,Nebraska
11/30/2013,3.5,383.064895,111382.2,NE,4.255,0.08,234.1,17192.019,1029,Nebraska
12/31/2013,3.5,625.4296014,111382.2,NE,4.4575,0.09,234.719,17192.019,1005,Nebraska
1/31/2014,3.5,629.7213713,115651.9,NE,4.432,0.07,235.288,17197.738,976,Nebraska
2/28/2014,3.5,608.7474189,115651.9,NE,4.3025,0.07,235.547,17197.738,1039,Nebraska
3/31/2014,3.5,666.3500595,115651.9,NE,4.3425,0.08,236.028,17197.738,1067,Nebraska
4/30/2014,3.4,643.3798281,115651.9,NE,4.3375,0.09,236.468,17518.508,1090,Nebraska
5/31/2014,3.3,571.8325762,115651.9,NE,4.192,0.09,236.918,17518.508,1018,Nebraska
6/30/2014,3.3,615.9072888,115651.9,NE,4.1625,0.1,237.231,17518.508,1010,Nebraska
7/31/2014,3.2,585.1309294,115651.9,NE,4.13,0.09,237.498,17804.228,1076,Nebraska
8/31/2014,3.1,712.1636171,115651.9,NE,4.115,0.09,237.46,17804.228,1047,Nebraska
9/30/2014,3.1,604.7589561,115651.9,NE,4.1625,0.09,237.477,17804.228,1077,Nebraska
10/31/2014,3,721.1425823,115651.9,NE,4.036,0.09,237.43,17912.079,1094,Nebraska
11/30/2014,3,725.1661148,115651.9,NE,3.9975,0.09,236.983,17912.079,1059,Nebraska
12/31/2014,2.9,565.7859372,115651.9,NE,3.864,0.12,236.252,17912.079,1072,Nebraska
1/31/2015,2.9,475.26645,119640.8,NE,3.67,0.11,234.747,18063.529,1049,Nebraska
2/28/2015,2.9,565.4527123,119640.8,NE,3.71,0.11,235.342,18063.529,1127,Nebraska
3/31/2015,2.9,529.2172346,119640.8,NE,3.77,0.11,235.976,18063.529,1072,Nebraska
4/30/2015,3,441.3010115,119640.8,NE,3.672,0.12,236.222,18279.784,1166,Nebraska
5/31/2015,3,519.6632201,119640.8,NE,3.84,0.12,237.001,18279.784,1272,Nebraska
6/30/2015,3,713.0526734,119640.8,NE,3.9825,0.13,237.657,18279.784,1379,Nebraska
7/31/2015,3,717.5960815,119640.8,NE,4.046,0.13,238.034,18401.626,1140,Nebraska
8/31/2015,3,625.8363031,119640.8,NE,3.905,0.14,238.033,18401.626,1165,Nebraska
9/30/2015,3,620.2645057,119640.8,NE,3.89,0.14,237.498,18401.626,1144,Nebraska
10/31/2015,3,737.0431022,119640.8,NE,3.796,0.12,237.733,18435.137,1160,Nebraska
11/30/2015,3,671.7949651,119640.8,NE,3.9425,0.12,238.017,18435.137,1244,Nebraska
12/31/2015,3,770.8885506,119640.8,NE,3.964,0.24,237.761,18435.137,1211,Nebraska
1/31/2016,3,790.1341675,121303.1,NE,3.8725,0.34,237.652,18525.933,1171,Nebraska
2/29/2016,3,616.5754463,121303.1,NE,3.66,0.38,237.336,18525.933,1172,Nebraska
3/31/2016,3,684.3931249,121303.1,NE,3.694,0.36,238.08,18525.933,1118,Nebraska
4/30/2016,3,808.822527,121303.1,NE,3.605,0.37,238.992,18711.702,1160,Nebraska
5/31/2016,3.1,761.2546742,121303.1,NE,3.6,0.37,239.557,18711.702,1205,Nebraska
6/30/2016,3.1,586.6701379,121303.1,NE,3.568,0.38,240.222,18711.702,1208,Nebraska
7/31/2016,3.2,715.1678966,121303.1,NE,3.44,0.39,240.101,18892.639,1198,Nebraska
8/31/2016,3.2,652.6299859,121303.1,NE,3.435,0.4,240.545,18892.639,1201,Nebraska
9/30/2016,3.2,711.281924,121303.1,NE,3.46,0.4,241.176,18892.639,1303,Nebraska
10/31/2016,3.2,733.4222826,121303.1,NE,3.47,0.4,241.741,19089.379,1254,Nebraska
11/30/2016,3.2,541.93124,121303.1,NE,3.77,0.41,242.026,19089.379,1230,Nebraska
12/31/2016,3.1,704.5642871,121303.1,NE,4.198,0.54,242.637,19089.379,1248,Nebraska
1/31/2017,3.1,640.1477594,123219.9,NE,4.15,0.65,243.618,19280.084,1303,Nebraska
2/28/2017,3,881.8309748,123219.9,NE,4.1675,0.66,244.006,19280.084,1234,Nebraska
3/31/2017,2.9,889.3516618,123219.9,NE,4.196,0.79,243.892,19280.084,1272,Nebraska
4/30/2017,2.9,478.8226165,123219.9,NE,4.045,0.9,244.193,19438.643,1251,Nebraska
5/31/2017,2.9,833.0744886,123219.9,NE,4.01,0.91,244.004,19438.643,1208,Nebraska
6/30/2017,2.9,722.7655225,123219.9,NE,3.904,1.04,244.163,19438.643,1353,Nebraska
7/31/2017,2.9,1063.659205,123219.9,NE,3.9675,1.15,244.243,19692.595,1256,Nebraska
8/31/2017,2.9,728.1272173,123219.9,NE,3.88,1.16,245.183,19692.595,1319,Nebraska
9/30/2017,3,682.9190687,123219.9,NE,3.805,1.15,246.435,19692.595,1273,Nebraska
10/31/2017,3,529.9390093,123219.9,NE,3.895,1.15,246.626,20037.088,1356,Nebraska
11/30/2017,3,752.5710877,123219.9,NE,3.922,1.16,247.284,20037.088,1299,Nebraska
12/31/2017,3,857.3696678,123219.9,NE,3.95,1.3,247.805,20037.088,1311,Nebraska
1/31/2018,2.9,522.2763041,125543.4,NE,4.0325,1.41,248.859,20328.553,1317,Nebraska
2/28/2018,2.9,825.3249186,125543.4,NE,4.33,1.42,249.529,20328.553,1321,Nebraska
3/31/2018,2.9,617.1030235,125543.4,NE,4.444,1.51,249.577,20328.553,1385,Nebraska
4/30/2018,2.8,1160.612756,125543.4,NE,4.4675,1.69,250.227,20580.912,1378,Nebraska
5/31/2018,2.8,637.3245064,125543.4,NE,4.586,1.7,250.792,20580.912,1338,Nebraska
6/30/2018,2.8,555.2040712,125543.4,NE,4.57,1.82,251.018,20580.912,1345,Nebraska
7/31/2018,2.9,624.274162,125543.4,NE,4.5275,1.91,251.214,20798.73,1334,Nebraska
8/31/2018,2.9,727.565104,125543.4,NE,4.55,1.91,251.663,20798.73,1273,Nebraska
9/30/2018,2.9,628.1452647,125543.4,NE,4.6275,1.95,252.182,20798.73,1314,Nebraska
10/31/2018,3,638.1951802,125543.4,NE,4.83,2.19,252.772,20917.867,1272,Nebraska
11/30/2018,3,692.0158171,125543.4,NE,4.866,2.2,252.594,20917.867,1340,Nebraska
12/31/2018,3.1,550.1527087,125543.4,NE,4.6375,2.27,252.767,20917.867,1317,Nebraska
1/31/2019,3.1,940.2415168,127568.9,NE,4.464,2.4,252.561,21111.6,1254,Nebraska
2/28/2019,3.1,489.0870429,127568.9,NE,4.37,2.4,253.319,21111.6,1286,Nebraska
3/31/2019,3.1,597.3752519,127568.9,NE,4.265,2.41,254.277,21111.6,1295,Nebraska
4/30/2019,3.1,605.2534841,127568.9,NE,4.1425,2.42,255.233,21397.938,1322,Nebraska
5/31/2019,3.1,749.0994041,127568.9,NE,4.072,2.39,255.296,21397.938,1347,Nebraska
6/30/2019,3.1,769.2037757,127568.9,NE,3.8025,2.38,255.213,21397.938,1299,Nebraska
7/31/2019,3.1,459.0856403,127568.9,NE,3.765,2.4,255.802,21717.171,1379,Nebraska
8/31/2019,3.2,772.6906694,127568.9,NE,3.616,2.13,256.036,21717.171,1482,Nebraska
9/30/2019,3.2,772.2839954,127568.9,NE,3.605,2.04,256.43,21717.171,1469,Nebraska
10/31/2019,3.1,536.9805282,127568.9,NE,3.688,1.83,257.155,21933.217,1523,Nebraska
11/30/2019,3.1,610.330214,127568.9,NE,3.695,1.55,257.879,21933.217,1535,Nebraska
12/31/2019,3.1,533.5478051,127568.9,NE,3.72,1.55,258.63,21933.217,1443,Nebraska
1/31/2020,3,856.5113967,126711.2,NE,3.624,1.55,259.127,21751.238,1495,Nebraska
2/29/2020,3,681.5871816,126711.2,NE,3.465,1.58,259.25,21751.238,1455,Nebraska
3/31/2020,4.4,609.8190193,126711.2,NE,3.45,0.65,258.076,21751.238,1346,Nebraska
4/30/2020,8.2,707.4582232,126711.2,NE,3.306,0.05,256.032,19958.291,1076,Nebraska
5/31/2020,6.4,472.4337579,126711.2,NE,3.2325,0.05,255.802,19958.291,1250,Nebraska
6/30/2020,5.3,798.2052426,126711.2,NE,3.1625,0.08,257.042,19958.291,1334,Nebraska
7/31/2020,4.6,811.9646065,126711.2,NE,3.016,0.09,258.352,21704.437,1546,Nebraska
8/31/2020,3.8,665.6257359,126711.2,NE,2.935,0.1,259.316,21704.437,1533,Nebraska
9/30/2020,3.4,730.585416,126711.2,NE,2.89,0.09,259.997,21704.437,1636,Nebraska
10/31/2020,3.1,886.8638065,126711.2,NE,2.834,0.09,260.319,22087.16,1613,Nebraska
11/30/2020,3,943.2400117,126711.2,NE,2.765,0.09,260.911,22087.16,1703,Nebraska
12/31/2020,3,993.2350519,126711.2,NE,2.684,0.09,262.045,22087.16,1752,Nebraska
1/31/2021,2.9,633.9310277,135166.4,NE,2.735,0.09,262.639,22680.693,1855,Nebraska
2/28/2021,2.9,666.9230019,135166.4,NE,2.81,0.08,263.573,22680.693,1711,Nebraska
3/31/2021,2.9,919.5144147,135166.4,NE,3.0825,0.07,264.847,22680.693,1756,Nebraska
4/30/2021,2.9,874.8146792,135166.4,NE,3.06,0.07,266.625,23425.91,1721,Nebraska
5/31/2021,2.8,907.2570298,135166.4,NE,2.9625,0.06,268.404,23425.91,1703,Nebraska
6/30/2021,2.7,763.9410075,135166.4,NE,2.975,0.08,270.71,23425.91,1654,Nebraska
7/31/2021,2.6,707.734557,135166.4,NE,2.868,0.1,271.965,23982.379,1658,Nebraska
8/31/2021,2.5,679.0062267,135166.4,NE,2.8425,0.09,272.752,23982.379,1736,Nebraska
9/30/2021,2.4,1091.454001,135166.4,NE,2.9,0.08,273.942,23982.379,1640,Nebraska
10/31/2021,2.3,965.0462794,135166.4,NE,3.0675,0.08,276.528,24813.6,1707,Nebraska
11/30/2021,2.2,520.8497728,135166.4,NE,3.0675,0.08,278.824,24813.6,1765,Nebraska
12/31/2021,2.1,1039.947731,135166.4,NE,3.098,0.08,280.806,24813.6,1919,Nebraska
1/31/2022,2,1061.389088,139878.1,NE,3.445,0.08,282.542,25250.347,1920,Nebraska
2/28/2022,2,839.9238851,139878.1,NE,3.7625,0.08,284.525,25250.347,1857,Nebraska
3/31/2022,2,964.4182262,139878.1,NE,4.172,0.2,287.467,25250.347,1868,Nebraska
4/30/2022,2,1476.652228,139878.1,NE,4.9825,0.33,288.582,25861.292,1859,Nebraska
5/31/2022,2.1,901.1302748,139878.1,NE,5.23,0.77,291.299,25861.292,1704,Nebraska
6/30/2022,2.1,725.7916858,139878.1,NE,5.522,1.21,295.072,25861.292,1737,Nebraska
7/31/2022,2.2,862.3750424,139878.1,NE,5.4125,1.68,294.94,26336.304,1703,Nebraska
8/31/2022,2.3,751.5090788,139878.1,NE,5.2225,2.33,295.162,26336.304,1557,Nebraska
9/30/2022,2.3,653.126388,139878.1,NE,6.112,2.56,296.421,26336.304,1600,Nebraska
10/31/2022,2.3,678.7152546,139878.1,NE,6.9,3.08,297.979,26770.514,1594,Nebraska
11/30/2022,2.3,1058.106889,139878.1,NE,6.805,3.78,298.708,26770.514,1401,Nebraska
12/31/2022,2.2,556.6605097,139878.1,NE,6.364,4.1,298.808,26770.514,1410,Nebraska
1/31/2023,2.2,532.9970331,147146.5,NE,6.2725,4.33,300.456,27216.445,1410,Nebraska
2/28/2023,2.1,830.0633642,147146.5,NE,6.2575,4.57,301.476,27216.445,1618,Nebraska
3/31/2023,2.1,696.0148657,147146.5,NE,6.544,4.65,301.643,27216.445,1480,Nebraska
4/30/2023,2.1,594.3401827,147146.5,NE,6.3425,4.83,302.858,27530.055,1474,Nebraska
5/31/2023,2.2,655.3986392,147146.5,NE,6.425,5.06,303.316,27530.055,1575,Nebraska
6/30/2023,2.2,848.6775397,147146.5,NE,6.714,5.08,304.099,27530.055,1464,Nebraska
7/31/2023,2.3,668.6674453,147146.5,NE,6.84,5.12,304.615,28074.846,1522,Nebraska
8/31/2023,2.4,1032.230234,147146.5,NE,7.072,5.33,306.138,28074.846,1561,Nebraska
9/30/2023,2.5,579.3191285,147146.5,NE,7.2,5.33,307.374,28074.846,1537,Nebraska
10/31/2023,2.5,949.8011297,147146.5,NE,7.62,5.33,307.653,28424.722,1528,Nebraska
11/30/2023,2.5,853.9593277,147146.5,NE,7.442,5.33,308.087,28424.722,1503,Nebraska
12/31/2023,2.6,647.5985395,147146.5,NE,6.815,5.33,308.735,28424.722,1519,Nebraska
1/31/2024,2.6,1017.876036,148102.8,NE,6.6425,5.33,309.794,28708.161,1545,Nebraska
2/29/2024,2.6,822.7472804,148102.8,NE,6.776,5.33,311.022,28708.161,1577,Nebraska
3/31/2024,2.6,831.8972574,148102.8,NE,6.82,5.33,312.107,28708.161,1476,Nebraska
4/30/2024,2.7,802.8266768,148102.8,NE,6.9925,5.33,313.016,29147.044,1459,Nebraska
5/31/2024,2.7,1041.903909,148102.8,NE,7.06,5.33,313.14,29147.044,1407,Nebraska
6/30/2024,2.8,533.7477881,148102.8,NE,6.9175,5.33,313.131,29147.044,1461,Nebraska
7/31/2024,2.8,974.748879,148102.8,NE,6.8475,5.33,313.566,29511.664,1436,Nebraska
8/31/2024,2.9,869.0740653,148102.8,NE,6.5,5.33,314.131,29511.664,1476,Nebraska
9/30/2024,2.9,1324.909301,148102.8,NE,6.18,5.13,314.851,29511.664,1434,Nebraska
10/31/2024,2.9,508.8135527,148102.8,NE,6.428,4.83,315.564,29825.182,1428,Nebraska
11/30/2024,2.9,785.2394288,148102.8,NE,6.805,4.64,316.449,29825.182,1508,Nebraska
12/31/2024,2.9,1154.412354,148102.8,NE,6.715,4.48,317.603,29825.182,1480,Nebraska
1/31/2025,2.9,1056.503542,148102.8,NE,6.958,4.33,319.086,30042.113,1460,Nebraska
2/28/2025,3,1122.690057,148102.8,NE,6.8425,4.33,319.775,30042.113,1454,Nebraska
3/31/2025,2.9,858.0339325,148102.8,NE,6.65,4.33,319.615,30042.113,1481,Nebraska
4/30/2025,3,854.3356904,148102.8,NE,6.725,4.33,320.321,30485.729,1422,Nebraska
5/31/2025,3,802.6535198,148102.8,NE,6.816,4.33,320.58,30485.729,1394,Nebraska
6/30/2025,3,1022.744987,148102.8,NE,6.8175,4.33,321.5,30485.729,1393,Nebraska
7/31/2025,3,1030.569221,148102.8,NE,6.72,4.33,322.132,30485.729,1362,Nebraska
8/31/2025,3,670.3203162,148102.8,NE,6.5875,4.33,323.364,30485.729,1330,Nebraska
9/30/2025,4.4,1258.406926,148102.8,NE,6.3525,4.22,323.364,30485.729,1330,Nebraska
1/31/2012,12.2,564.8832771,142986.1,NV,3.915,0.08,227.842,16068.805,712,Nevada
2/29/2012,12.1,614.1614511,142986.1,NV,3.89,0.1,228.329,16068.805,738,Nevada
3/31/2012,12,770.1221336,142986.1,NV,3.954,0.13,228.807,16068.805,806,Nevada
4/30/2012,11.9,708.5437358,142986.1,NV,3.91,0.14,229.187,16207.115,732,Nevada
5/31/2012,11.8,680.6930271,142986.1,NV,3.798,0.16,228.713,16207.115,796,Nevada
6/30/2012,11.7,787.112875,142986.1,NV,3.675,0.16,228.524,16207.115,794,Nevada
7/31/2012,11.5,765.2438913,142986.1,NV,3.55,0.16,228.59,16319.541,849,Nevada
8/31/2012,11.3,668.4588056,142986.1,NV,3.602,0.13,229.918,16319.541,840,Nevada
9/30/2012,11.2,976.4456715,142986.1,NV,3.4975,0.14,231.015,16319.541,930,Nevada
10/31/2012,11,826.5380268,142986.1,NV,3.3825,0.16,231.638,16420.419,887,Nevada
11/30/2012,10.9,948.4687518,142986.1,NV,3.352,0.16,231.249,16420.419,917,Nevada
12/31/2012,10.8,745.3129913,142986.1,NV,3.345,0.16,231.221,16420.419,941,Nevada
1/31/2013,10.7,961.4305301,144549.3,NV,3.414,0.14,231.679,16648.189,940,Nevada
2/28/2013,10.6,681.8989726,144549.3,NV,3.5325,0.15,232.937,16648.189,980,Nevada
3/31/2013,10.5,831.4017889,144549.3,NV,3.565,0.14,232.282,16648.189,936,Nevada
4/30/2013,10.3,1026.112192,144549.3,NV,3.445,0.15,231.797,16728.687,1012,Nevada
5/31/2013,10.2,1053.427172,144549.3,NV,3.536,0.11,231.893,16728.687,1003,Nevada
6/30/2013,10,1100.810895,144549.3,NV,4.07,0.09,232.445,16728.687,942,Nevada
7/31/2013,9.9,711.3381592,144549.3,NV,4.37,0.09,232.9,16953.838,997,Nevada
8/31/2013,9.8,1298.063977,144549.3,NV,4.456,0.08,233.456,16953.838,964,Nevada
9/30/2013,9.6,967.5244407,144549.3,NV,4.49,0.08,233.544,16953.838,1004,Nevada
10/31/2013,9.5,916.8857987,144549.3,NV,4.192,0.09,233.669,17192.019,1044,Nevada
11/30/2013,9.3,802.7542494,144549.3,NV,4.255,0.08,234.1,17192.019,1029,Nevada
12/31/2013,9.2,697.3967874,144549.3,NV,4.4575,0.09,234.719,17192.019,1005,Nevada
1/31/2014,9,828.4321541,145303.6,NV,4.432,0.07,235.288,17197.738,976,Nevada
2/28/2014,8.8,971.1206118,145303.6,NV,4.3025,0.07,235.547,17197.738,1039,Nevada
3/31/2014,8.6,948.2285173,145303.6,NV,4.3425,0.08,236.028,17197.738,1067,Nevada
4/30/2014,8.5,1079.974042,145303.6,NV,4.3375,0.09,236.468,17518.508,1090,Nevada
5/31/2014,8.4,926.7152505,145303.6,NV,4.192,0.09,236.918,17518.508,1018,Nevada
6/30/2014,8.2,806.1412137,145303.6,NV,4.1625,0.1,237.231,17518.508,1010,Nevada
7/31/2014,8.1,1497.159343,145303.6,NV,4.13,0.09,237.498,17804.228,1076,Nevada
8/31/2014,8,1245.981166,145303.6,NV,4.115,0.09,237.46,17804.228,1047,Nevada
9/30/2014,7.9,1396.956207,145303.6,NV,4.1625,0.09,237.477,17804.228,1077,Nevada
10/31/2014,7.8,1286.840708,145303.6,NV,4.036,0.09,237.43,17912.079,1094,Nevada
11/30/2014,7.6,1318.737779,145303.6,NV,3.9975,0.09,236.983,17912.079,1059,Nevada
12/31/2014,7.5,1056.767476,145303.6,NV,3.864,0.12,236.252,17912.079,1072,Nevada
1/31/2015,7.4,765.0084054,151055.9,NV,3.67,0.11,234.747,18063.529,1049,Nevada
2/28/2015,7.3,1515.931695,151055.9,NV,3.71,0.11,235.342,18063.529,1127,Nevada
3/31/2015,7.3,1109.585994,151055.9,NV,3.77,0.11,235.976,18063.529,1072,Nevada
4/30/2015,7.1,1037.012612,151055.9,NV,3.672,0.12,236.222,18279.784,1166,Nevada
5/31/2015,7,1147.841779,151055.9,NV,3.84,0.12,237.001,18279.784,1272,Nevada
6/30/2015,6.9,1160.601791,151055.9,NV,3.9825,0.13,237.657,18279.784,1379,Nevada
7/31/2015,6.8,1231.677638,151055.9,NV,4.046,0.13,238.034,18401.626,1140,Nevada
8/31/2015,6.7,1062.086543,151055.9,NV,3.905,0.14,238.033,18401.626,1165,Nevada
9/30/2015,6.6,925.8626032,151055.9,NV,3.89,0.14,237.498,18401.626,1144,Nevada
10/31/2015,6.5,1305.12239,151055.9,NV,3.796,0.12,237.733,18435.137,1160,Nevada
11/30/2015,6.4,1230.716988,151055.9,NV,3.9425,0.12,238.017,18435.137,1244,Nevada
12/31/2015,6.4,1279.970144,151055.9,NV,3.964,0.24,237.761,18435.137,1211,Nevada
1/31/2016,6.3,1412.733662,156007.4,NV,3.8725,0.34,237.652,18525.933,1171,Nevada
2/29/2016,6.2,2089.932708,156007.4,NV,3.66,0.38,237.336,18525.933,1172,Nevada
3/31/2016,6.1,1217.709346,156007.4,NV,3.694,0.36,238.08,18525.933,1118,Nevada
4/30/2016,6,1447.012388,156007.4,NV,3.605,0.37,238.992,18711.702,1160,Nevada
5/31/2016,5.9,1690.212469,156007.4,NV,3.6,0.37,239.557,18711.702,1205,Nevada
6/30/2016,5.9,1275.609812,156007.4,NV,3.568,0.38,240.222,18711.702,1208,Nevada
7/31/2016,5.8,1371.923968,156007.4,NV,3.44,0.39,240.101,18892.639,1198,Nevada
8/31/2016,5.7,1228.484363,156007.4,NV,3.435,0.4,240.545,18892.639,1201,Nevada
9/30/2016,5.6,1361.317016,156007.4,NV,3.46,0.4,241.176,18892.639,1303,Nevada
10/31/2016,5.6,1120.460317,156007.4,NV,3.47,0.4,241.741,19089.379,1254,Nevada
11/30/2016,5.5,968.9091476,156007.4,NV,3.77,0.41,242.026,19089.379,1230,Nevada
12/31/2016,5.4,2304.2909,156007.4,NV,4.198,0.54,242.637,19089.379,1248,Nevada
1/31/2017,5.3,1467.597555,163199.1,NV,4.15,0.65,243.618,19280.084,1303,Nevada
2/28/2017,5.3,1056.457445,163199.1,NV,4.1675,0.66,244.006,19280.084,1234,Nevada
3/31/2017,5.2,1353.148278,163199.1,NV,4.196,0.79,243.892,19280.084,1272,Nevada
4/30/2017,5.1,1668.186394,163199.1,NV,4.045,0.9,244.193,19438.643,1251,Nevada
5/31/2017,5,1546.655481,163199.1,NV,4.01,0.91,244.004,19438.643,1208,Nevada
6/30/2017,5,1611.638817,163199.1,NV,3.904,1.04,244.163,19438.643,1353,Nevada
7/31/2017,4.9,1500.260411,163199.1,NV,3.9675,1.15,244.243,19692.595,1256,Nevada
8/31/2017,4.9,2001.617281,163199.1,NV,3.88,1.16,245.183,19692.595,1319,Nevada
9/30/2017,4.9,1202.952715,163199.1,NV,3.805,1.15,246.435,19692.595,1273,Nevada
10/31/2017,4.9,1692.58875,163199.1,NV,3.895,1.15,246.626,20037.088,1356,Nevada
11/30/2017,4.8,2052.970649,163199.1,NV,3.922,1.16,247.284,20037.088,1299,Nevada
12/31/2017,4.8,1730.121226,163199.1,NV,3.95,1.3,247.805,20037.088,1311,Nevada
1/31/2018,4.7,1269.826851,168638.5,NV,4.0325,1.41,248.859,20328.553,1317,Nevada
2/28/2018,4.7,1532.051152,168638.5,NV,4.33,1.42,249.529,20328.553,1321,Nevada
3/31/2018,4.6,1489.005476,168638.5,NV,4.444,1.51,249.577,20328.553,1385,Nevada
4/30/2018,4.5,1440.696126,168638.5,NV,4.4675,1.69,250.227,20580.912,1378,Nevada
5/31/2018,4.4,1813.356507,168638.5,NV,4.586,1.7,250.792,20580.912,1338,Nevada
6/30/2018,4.3,1075.353605,168638.5,NV,4.57,1.82,251.018,20580.912,1345,Nevada
7/31/2018,4.3,1177.012565,168638.5,NV,4.5275,1.91,251.214,20798.73,1334,Nevada
8/31/2018,4.2,1402.310764,168638.5,NV,4.55,1.91,251.663,20798.73,1273,Nevada
9/30/2018,4.3,1295.50435,168638.5,NV,4.6275,1.95,252.182,20798.73,1314,Nevada
10/31/2018,4.3,1823.07137,168638.5,NV,4.83,2.19,252.772,20917.867,1272,Nevada
11/30/2018,4.3,1624.105627,168638.5,NV,4.866,2.2,252.594,20917.867,1340,Nevada
12/31/2018,4.3,1323.730859,168638.5,NV,4.6375,2.27,252.767,20917.867,1317,Nevada
1/31/2019,4.3,1234.133673,176029.7,NV,4.464,2.4,252.561,21111.6,1254,Nevada
2/28/2019,4.3,1297.588323,176029.7,NV,4.37,2.4,253.319,21111.6,1286,Nevada
3/31/2019,4.2,1029.398133,176029.7,NV,4.265,2.41,254.277,21111.6,1295,Nevada
4/30/2019,4.1,1267.45509,176029.7,NV,4.1425,2.42,255.233,21397.938,1322,Nevada
5/31/2019,4.1,1485.389796,176029.7,NV,4.072,2.39,255.296,21397.938,1347,Nevada
6/30/2019,4,2120.108082,176029.7,NV,3.8025,2.38,255.213,21397.938,1299,Nevada
7/31/2019,4,1777.673288,176029.7,NV,3.765,2.4,255.802,21717.171,1379,Nevada
8/31/2019,4,1468.412392,176029.7,NV,3.616,2.13,256.036,21717.171,1482,Nevada
9/30/2019,4,1581.084003,176029.7,NV,3.605,2.04,256.43,21717.171,1469,Nevada
10/31/2019,4.1,1789.977072,176029.7,NV,3.688,1.83,257.155,21933.217,1523,Nevada
11/30/2019,4.1,1072.634715,176029.7,NV,3.695,1.55,257.879,21933.217,1535,Nevada
12/31/2019,4.1,1464.713386,176029.7,NV,3.72,1.55,258.63,21933.217,1443,Nevada
1/31/2020,4.2,1589.03616,165924.8,NV,3.624,1.55,259.127,21751.238,1495,Nevada
2/29/2020,4.4,1779.609761,165924.8,NV,3.465,1.58,259.25,21751.238,1455,Nevada
3/31/2020,7.2,1571.893472,165924.8,NV,3.45,0.65,258.076,21751.238,1346,Nevada
4/30/2020,30.5,1010.773678,165924.8,NV,3.306,0.05,256.032,19958.291,1076,Nevada
5/31/2020,24.7,1010.916976,165924.8,NV,3.2325,0.05,255.802,19958.291,1250,Nevada
6/30/2020,18.9,1380.509787,165924.8,NV,3.1625,0.08,257.042,19958.291,1334,Nevada
7/31/2020,16.7,1881.454855,165924.8,NV,3.016,0.09,258.352,21704.437,1546,Nevada
8/31/2020,13.9,1602.528343,165924.8,NV,2.935,0.1,259.316,21704.437,1533,Nevada
9/30/2020,12.7,2291.783,165924.8,NV,2.89,0.09,259.997,21704.437,1636,Nevada
10/31/2020,11.1,1562.30639,165924.8,NV,2.834,0.09,260.319,22087.16,1613,Nevada
11/30/2020,10.2,1912.395657,165924.8,NV,2.765,0.09,260.911,22087.16,1703,Nevada
12/31/2020,9.6,2420.533918,165924.8,NV,2.684,0.09,262.045,22087.16,1752,Nevada
1/31/2021,8.9,1961.856966,182618.3,NV,2.735,0.09,262.639,22680.693,1855,Nevada
2/28/2021,8.5,2119.517627,182618.3,NV,2.81,0.08,263.573,22680.693,1711,Nevada
3/31/2021,8,1975.22845,182618.3,NV,3.0825,0.07,264.847,22680.693,1756,Nevada
4/30/2021,7.6,2128.167894,182618.3,NV,3.06,0.07,266.625,23425.91,1721,Nevada
5/31/2021,7.2,1567.266319,182618.3,NV,2.9625,0.06,268.404,23425.91,1703,Nevada
6/30/2021,6.9,1709.191667,182618.3,NV,2.975,0.08,270.71,23425.91,1654,Nevada
7/31/2021,6.5,1728.280709,182618.3,NV,2.868,0.1,271.965,23982.379,1658,Nevada
8/31/2021,6.2,2342.744818,182618.3,NV,2.8425,0.09,272.752,23982.379,1736,Nevada
9/30/2021,5.8,1868.59434,182618.3,NV,2.9,0.08,273.942,23982.379,1640,Nevada
10/31/2021,5.6,1879.061079,182618.3,NV,3.0675,0.08,276.528,24813.6,1707,Nevada
11/30/2021,5.4,2243.784702,182618.3,NV,3.0675,0.08,278.824,24813.6,1765,Nevada
12/31/2021,5.3,2015.847594,182618.3,NV,3.098,0.08,280.806,24813.6,1919,Nevada
1/31/2022,5.2,2458.580863,194463.9,NV,3.445,0.08,282.542,25250.347,1920,Nevada
2/28/2022,5.2,1832.186323,194463.9,NV,3.7625,0.08,284.525,25250.347,1857,Nevada
3/31/2022,5.2,2003.257461,194463.9,NV,4.172,0.2,287.467,25250.347,1868,Nevada
4/30/2022,5.1,2618.362829,194463.9,NV,4.9825,0.33,288.582,25861.292,1859,Nevada
5/31/2022,5.1,1541.191504,194463.9,NV,5.23,0.77,291.299,25861.292,1704,Nevada
6/30/2022,5.1,1852.49743,194463.9,NV,5.522,1.21,295.072,25861.292,1737,Nevada
7/31/2022,5.2,1127.3634,194463.9,NV,5.4125,1.68,294.94,26336.304,1703,Nevada
8/31/2022,5.2,1390.398319,194463.9,NV,5.2225,2.33,295.162,26336.304,1557,Nevada
9/30/2022,5.2,1831.960563,194463.9,NV,6.112,2.56,296.421,26336.304,1600,Nevada
10/31/2022,5.3,1337.916821,194463.9,NV,6.9,3.08,297.979,26770.514,1594,Nevada
11/30/2022,5.3,1184.309173,194463.9,NV,6.805,3.78,298.708,26770.514,1401,Nevada
12/31/2022,5.3,993.8985121,194463.9,NV,6.364,4.1,298.808,26770.514,1410,Nevada
1/31/2023,5.2,1367.374567,201158.6,NV,6.2725,4.33,300.456,27216.445,1410,Nevada
2/28/2023,5.2,1040.527575,201158.6,NV,6.2575,4.57,301.476,27216.445,1618,Nevada
3/31/2023,5.1,1545.641753,201158.6,NV,6.544,4.65,301.643,27216.445,1480,Nevada
4/30/2023,5,1236.84629,201158.6,NV,6.3425,4.83,302.858,27530.055,1474,Nevada
5/31/2023,5,2120.015047,201158.6,NV,6.425,5.06,303.316,27530.055,1575,Nevada
6/30/2023,5,1441.411718,201158.6,NV,6.714,5.08,304.099,27530.055,1464,Nevada
7/31/2023,5.1,1702.914953,201158.6,NV,6.84,5.12,304.615,28074.846,1522,Nevada
8/31/2023,5.1,1445.293351,201158.6,NV,7.072,5.33,306.138,28074.846,1561,Nevada
9/30/2023,5.2,1470.74132,201158.6,NV,7.2,5.33,307.374,28074.846,1537,Nevada
10/31/2023,5.2,1830.440177,201158.6,NV,7.62,5.33,307.653,28424.722,1528,Nevada
11/30/2023,5.3,1460.552763,201158.6,NV,7.442,5.33,308.087,28424.722,1503,Nevada
12/31/2023,5.3,1908.241827,201158.6,NV,6.815,5.33,308.735,28424.722,1519,Nevada
1/31/2024,5.3,1398.271424,207351.9,NV,6.6425,5.33,309.794,28708.161,1545,Nevada
2/29/2024,5.3,1792.652966,207351.9,NV,6.776,5.33,311.022,28708.161,1577,Nevada
3/31/2024,5.3,1423.541825,207351.9,NV,6.82,5.33,312.107,28708.161,1476,Nevada
4/30/2024,5.4,1538.225287,207351.9,NV,6.9925,5.33,313.016,29147.044,1459,Nevada
5/31/2024,5.5,1798.288213,207351.9,NV,7.06,5.33,313.14,29147.044,1407,Nevada
6/30/2024,5.6,1706.279186,207351.9,NV,6.9175,5.33,313.131,29147.044,1461,Nevada
7/31/2024,5.6,1613.706068,207351.9,NV,6.8475,5.33,313.566,29511.664,1436,Nevada
8/31/2024,5.7,1674.069279,207351.9,NV,6.5,5.33,314.131,29511.664,1476,Nevada
9/30/2024,5.7,1401.384541,207351.9,NV,6.18,5.13,314.851,29511.664,1434,Nevada
10/31/2024,5.8,1259.446236,207351.9,NV,6.428,4.83,315.564,29825.182,1428,Nevada
11/30/2024,5.8,1652.75424,207351.9,NV,6.805,4.64,316.449,29825.182,1508,Nevada
12/31/2024,5.8,1294.411066,207351.9,NV,6.715,4.48,317.603,29825.182,1480,Nevada
1/31/2025,5.8,1803.300663,207351.9,NV,6.958,4.33,319.086,30042.113,1460,Nevada
2/28/2025,5.8,1417.208844,207351.9,NV,6.8425,4.33,319.775,30042.113,1454,Nevada
3/31/2025,5.7,1585.242389,207351.9,NV,6.65,4.33,319.615,30042.113,1481,Nevada
4/30/2025,5.6,2118.586307,207351.9,NV,6.725,4.33,320.321,30485.729,1422,Nevada
5/31/2025,5.5,1460.022639,207351.9,NV,6.816,4.33,320.58,30485.729,1394,Nevada
6/30/2025,5.4,836.1357389,207351.9,NV,6.8175,4.33,321.5,30485.729,1393,Nevada
7/31/2025,5.4,1227.995052,207351.9,NV,6.72,4.33,322.132,30485.729,1362,Nevada
8/31/2025,5.3,905.7308195,207351.9,NV,6.5875,4.33,323.364,30485.729,1330,Nevada
9/30/2025,4.4,1258.406926,207351.9,NV,6.3525,4.22,323.364,30485.729,1330,Nevada
1/31/2012,5.2,181.655252,74082.8,NH,3.915,0.08,227.842,16068.805,712,New Hampshire
2/29/2012,5.2,158.539784,74082.8,NH,3.89,0.1,228.329,16068.805,738,New Hampshire
3/31/2012,5.3,183.718185,74082.8,NH,3.954,0.13,228.807,16068.805,806,New Hampshire
4/30/2012,5.4,203.3239743,74082.8,NH,3.91,0.14,229.187,16207.115,732,New Hampshire
5/31/2012,5.5,218.591307,74082.8,NH,3.798,0.16,228.713,16207.115,796,New Hampshire
6/30/2012,5.5,186.0747006,74082.8,NH,3.675,0.16,228.524,16207.115,794,New Hampshire
7/31/2012,5.6,195.4566679,74082.8,NH,3.55,0.16,228.59,16319.541,849,New Hampshire
8/31/2012,5.6,311.2655384,74082.8,NH,3.602,0.13,229.918,16319.541,840,New Hampshire
9/30/2012,5.6,178.0753308,74082.8,NH,3.4975,0.14,231.015,16319.541,930,New Hampshire
10/31/2012,5.6,197.1785962,74082.8,NH,3.3825,0.16,231.638,16420.419,887,New Hampshire
11/30/2012,5.6,226.0500502,74082.8,NH,3.352,0.16,231.249,16420.419,917,New Hampshire
12/31/2012,5.6,237.5415432,74082.8,NH,3.345,0.16,231.221,16420.419,941,New Hampshire
1/31/2013,5.6,240.9250845,75503.4,NH,3.414,0.14,231.679,16648.189,940,New Hampshire
2/28/2013,5.5,243.6999483,75503.4,NH,3.5325,0.15,232.937,16648.189,980,New Hampshire
3/31/2013,5.5,226.4487451,75503.4,NH,3.565,0.14,232.282,16648.189,936,New Hampshire
4/30/2013,5.4,198.6358244,75503.4,NH,3.445,0.15,231.797,16728.687,1012,New Hampshire
5/31/2013,5.3,218.8528715,75503.4,NH,3.536,0.11,231.893,16728.687,1003,New Hampshire
6/30/2013,5.2,303.1050256,75503.4,NH,4.07,0.09,232.445,16728.687,942,New Hampshire
7/31/2013,5.2,262.1035616,75503.4,NH,4.37,0.09,232.9,16953.838,997,New Hampshire
8/31/2013,5.2,164.9182988,75503.4,NH,4.456,0.08,233.456,16953.838,964,New Hampshire
9/30/2013,5.1,227.2003827,75503.4,NH,4.49,0.08,233.544,16953.838,1004,New Hampshire
10/31/2013,5.1,230.2625659,75503.4,NH,4.192,0.09,233.669,17192.019,1044,New Hampshire
11/30/2013,5,202.811141,75503.4,NH,4.255,0.08,234.1,17192.019,1029,New Hampshire
12/31/2013,4.9,177.6430806,75503.4,NH,4.4575,0.09,234.719,17192.019,1005,New Hampshire
1/31/2014,4.8,182.641342,76836.2,NH,4.432,0.07,235.288,17197.738,976,New Hampshire
2/28/2014,4.6,232.8614696,76836.2,NH,4.3025,0.07,235.547,17197.738,1039,New Hampshire
3/31/2014,4.6,191.8267689,76836.2,NH,4.3425,0.08,236.028,17197.738,1067,New Hampshire
4/30/2014,4.5,258.8642649,76836.2,NH,4.3375,0.09,236.468,17518.508,1090,New Hampshire
5/31/2014,4.4,192.8926225,76836.2,NH,4.192,0.09,236.918,17518.508,1018,New Hampshire
6/30/2014,4.3,314.5600968,76836.2,NH,4.1625,0.1,237.231,17518.508,1010,New Hampshire
7/31/2014,4.3,512.5340839,76836.2,NH,4.13,0.09,237.498,17804.228,1076,New Hampshire
8/31/2014,4.2,328.5891485,76836.2,NH,4.115,0.09,237.46,17804.228,1047,New Hampshire
9/30/2014,4.1,248.1094451,76836.2,NH,4.1625,0.09,237.477,17804.228,1077,New Hampshire
10/31/2014,4.1,311.2362497,76836.2,NH,4.036,0.09,237.43,17912.079,1094,New Hampshire
11/30/2014,4,224.5329435,76836.2,NH,3.9975,0.09,236.983,17912.079,1059,New Hampshire
12/31/2014,3.9,204.082163,76836.2,NH,3.864,0.12,236.252,17912.079,1072,New Hampshire
1/31/2015,3.8,226.2389485,79319.3,NH,3.67,0.11,234.747,18063.529,1049,New Hampshire
2/28/2015,3.8,220.5540877,79319.3,NH,3.71,0.11,235.342,18063.529,1127,New Hampshire
3/31/2015,3.7,247.5020678,79319.3,NH,3.77,0.11,235.976,18063.529,1072,New Hampshire
4/30/2015,3.6,258.0445073,79319.3,NH,3.672,0.12,236.222,18279.784,1166,New Hampshire
5/31/2015,3.5,251.5706756,79319.3,NH,3.84,0.12,237.001,18279.784,1272,New Hampshire
6/30/2015,3.4,256.0834607,79319.3,NH,3.9825,0.13,237.657,18279.784,1379,New Hampshire
7/31/2015,3.3,246.0396256,79319.3,NH,4.046,0.13,238.034,18401.626,1140,New Hampshire
8/31/2015,3.3,316.1213541,79319.3,NH,3.905,0.14,238.033,18401.626,1165,New Hampshire
9/30/2015,3.2,289.0682016,79319.3,NH,3.89,0.14,237.498,18401.626,1144,New Hampshire
10/31/2015,3.1,226.8252796,79319.3,NH,3.796,0.12,237.733,18435.137,1160,New Hampshire
11/30/2015,3,234.0806639,79319.3,NH,3.9425,0.12,238.017,18435.137,1244,New Hampshire
12/31/2015,3,313.5859042,79319.3,NH,3.964,0.24,237.761,18435.137,1211,New Hampshire
1/31/2016,2.9,275.8185276,80736.1,NH,3.8725,0.34,237.652,18525.933,1171,New Hampshire
2/29/2016,2.9,194.3131368,80736.1,NH,3.66,0.38,237.336,18525.933,1172,New Hampshire
3/31/2016,2.8,301.3658128,80736.1,NH,3.694,0.36,238.08,18525.933,1118,New Hampshire
4/30/2016,2.9,316.0814359,80736.1,NH,3.605,0.37,238.992,18711.702,1160,New Hampshire
5/31/2016,2.9,311.5913121,80736.1,NH,3.6,0.37,239.557,18711.702,1205,New Hampshire
6/30/2016,2.9,275.3363064,80736.1,NH,3.568,0.38,240.222,18711.702,1208,New Hampshire
7/31/2016,2.9,220.7137125,80736.1,NH,3.44,0.39,240.101,18892.639,1198,New Hampshire
8/31/2016,2.9,250.4791983,80736.1,NH,3.435,0.4,240.545,18892.639,1201,New Hampshire
9/30/2016,2.9,296.8137559,80736.1,NH,3.46,0.4,241.176,18892.639,1303,New Hampshire
10/31/2016,2.9,350.5256492,80736.1,NH,3.47,0.4,241.741,19089.379,1254,New Hampshire
11/30/2016,2.9,419.6594001,80736.1,NH,3.77,0.41,242.026,19089.379,1230,New Hampshire
12/31/2016,2.9,507.537314,80736.1,NH,4.198,0.54,242.637,19089.379,1248,New Hampshire
1/31/2017,2.9,267.3968267,81179.6,NH,4.15,0.65,243.618,19280.084,1303,New Hampshire
2/28/2017,2.9,371.5836746,81179.6,NH,4.1675,0.66,244.006,19280.084,1234,New Hampshire
3/31/2017,2.9,270.6945756,81179.6,NH,4.196,0.79,243.892,19280.084,1272,New Hampshire
4/30/2017,2.8,296.4513993,81179.6,NH,4.045,0.9,244.193,19438.643,1251,New Hampshire
5/31/2017,2.8,254.1230949,81179.6,NH,4.01,0.91,244.004,19438.643,1208,New Hampshire
6/30/2017,2.7,198.7819568,81179.6,NH,3.904,1.04,244.163,19438.643,1353,New Hampshire
7/31/2017,2.7,304.7088813,81179.6,NH,3.9675,1.15,244.243,19692.595,1256,New Hampshire
8/31/2017,2.8,248.1274822,81179.6,NH,3.88,1.16,245.183,19692.595,1319,New Hampshire
9/30/2017,2.8,342.2682581,81179.6,NH,3.805,1.15,246.435,19692.595,1273,New Hampshire
10/31/2017,2.8,264.2582713,81179.6,NH,3.895,1.15,246.626,20037.088,1356,New Hampshire
11/30/2017,2.8,233.4704449,81179.6,NH,3.922,1.16,247.284,20037.088,1299,New Hampshire
12/31/2017,2.8,194.5663879,81179.6,NH,3.95,1.3,247.805,20037.088,1311,New Hampshire
1/31/2018,2.8,487.2216117,82269.5,NH,4.0325,1.41,248.859,20328.553,1317,New Hampshire
2/28/2018,2.7,460.0930418,82269.5,NH,4.33,1.42,249.529,20328.553,1321,New Hampshire
3/31/2018,2.7,264.0075805,82269.5,NH,4.444,1.51,249.577,20328.553,1385,New Hampshire
4/30/2018,2.7,222.903312,82269.5,NH,4.4675,1.69,250.227,20580.912,1378,New Hampshire
5/31/2018,2.7,332.3613601,82269.5,NH,4.586,1.7,250.792,20580.912,1338,New Hampshire
6/30/2018,2.6,365.9537302,82269.5,NH,4.57,1.82,251.018,20580.912,1345,New Hampshire
7/31/2018,2.6,272.238497,82269.5,NH,4.5275,1.91,251.214,20798.73,1334,New Hampshire
8/31/2018,2.6,277.8009574,82269.5,NH,4.55,1.91,251.663,20798.73,1273,New Hampshire
9/30/2018,2.5,233.1941535,82269.5,NH,4.6275,1.95,252.182,20798.73,1314,New Hampshire
10/31/2018,2.5,447.2852442,82269.5,NH,4.83,2.19,252.772,20917.867,1272,New Hampshire
11/30/2018,2.6,234.1033213,82269.5,NH,4.866,2.2,252.594,20917.867,1340,New Hampshire
12/31/2018,2.6,242.7801493,82269.5,NH,4.6375,2.27,252.767,20917.867,1317,New Hampshire
1/31/2019,2.6,474.0978008,84438.2,NH,4.464,2.4,252.561,21111.6,1254,New Hampshire
2/28/2019,2.6,219.2831649,84438.2,NH,4.37,2.4,253.319,21111.6,1286,New Hampshire
3/31/2019,2.6,269.0805553,84438.2,NH,4.265,2.41,254.277,21111.6,1295,New Hampshire
4/30/2019,2.6,285.2828867,84438.2,NH,4.1425,2.42,255.233,21397.938,1322,New Hampshire
5/31/2019,2.5,226.2069888,84438.2,NH,4.072,2.39,255.296,21397.938,1347,New Hampshire
6/30/2019,2.5,251.1397581,84438.2,NH,3.8025,2.38,255.213,21397.938,1299,New Hampshire
7/31/2019,2.5,299.6102892,84438.2,NH,3.765,2.4,255.802,21717.171,1379,New Hampshire
8/31/2019,2.5,602.690902,84438.2,NH,3.616,2.13,256.036,21717.171,1482,New Hampshire
9/30/2019,2.6,237.4293841,84438.2,NH,3.605,2.04,256.43,21717.171,1469,New Hampshire
10/31/2019,2.6,263.7538493,84438.2,NH,3.688,1.83,257.155,21933.217,1523,New Hampshire
11/30/2019,2.5,303.8408717,84438.2,NH,3.695,1.55,257.879,21933.217,1535,New Hampshire
12/31/2019,2.5,265.0696901,84438.2,NH,3.72,1.55,258.63,21933.217,1443,New Hampshire
1/31/2020,2.5,318.3330665,83682.9,NH,3.624,1.55,259.127,21751.238,1495,New Hampshire
2/29/2020,2.6,369.4477212,83682.9,NH,3.465,1.58,259.25,21751.238,1455,New Hampshire
3/31/2020,2.6,286.679786,83682.9,NH,3.45,0.65,258.076,21751.238,1346,New Hampshire
4/30/2020,16,233.1694561,83682.9,NH,3.306,0.05,256.032,19958.291,1076,New Hampshire
5/31/2020,11.8,217.6085065,83682.9,NH,3.2325,0.05,255.802,19958.291,1250,New Hampshire
6/30/2020,9.6,304.0828986,83682.9,NH,3.1625,0.08,257.042,19958.291,1334,New Hampshire
7/31/2020,8.3,292.1421744,83682.9,NH,3.016,0.09,258.352,21704.437,1546,New Hampshire
8/31/2020,6.7,283.5545254,83682.9,NH,2.935,0.1,259.316,21704.437,1533,New Hampshire
9/30/2020,6.1,378.9944682,83682.9,NH,2.89,0.09,259.997,21704.437,1636,New Hampshire
10/31/2020,5.3,349.2252084,83682.9,NH,2.834,0.09,260.319,22087.16,1613,New Hampshire
11/30/2020,4.9,456.7485639,83682.9,NH,2.765,0.09,260.911,22087.16,1703,New Hampshire
12/31/2020,4.6,448.2850518,83682.9,NH,2.684,0.09,262.045,22087.16,1752,New Hampshire
1/31/2021,4.3,295.2649168,90296.7,NH,2.735,0.09,262.639,22680.693,1855,New Hampshire
2/28/2021,4.2,341.7297633,90296.7,NH,2.81,0.08,263.573,22680.693,1711,New Hampshire
3/31/2021,4,439.205432,90296.7,NH,3.0825,0.07,264.847,22680.693,1756,New Hampshire
4/30/2021,3.9,415.6583777,90296.7,NH,3.06,0.07,266.625,23425.91,1721,New Hampshire
5/31/2021,3.8,506.6106434,90296.7,NH,2.9625,0.06,268.404,23425.91,1703,New Hampshire
6/30/2021,3.7,375.3665976,90296.7,NH,2.975,0.08,270.71,23425.91,1654,New Hampshire
7/31/2021,3.5,370.3180095,90296.7,NH,2.868,0.1,271.965,23982.379,1658,New Hampshire
8/31/2021,3.3,337.5258161,90296.7,NH,2.8425,0.09,272.752,23982.379,1736,New Hampshire
9/30/2021,3.1,330.1671046,90296.7,NH,2.9,0.08,273.942,23982.379,1640,New Hampshire
10/31/2021,2.8,314.6934473,90296.7,NH,3.0675,0.08,276.528,24813.6,1707,New Hampshire
11/30/2021,2.6,297.2626524,90296.7,NH,3.0675,0.08,278.824,24813.6,1765,New Hampshire
12/31/2021,2.5,316.4784353,90296.7,NH,3.098,0.08,280.806,24813.6,1919,New Hampshire
1/31/2022,2.4,320.370316,91702.1,NH,3.445,0.08,282.542,25250.347,1920,New Hampshire
2/28/2022,2.3,401.0878801,91702.1,NH,3.7625,0.08,284.525,25250.347,1857,New Hampshire
3/31/2022,2.3,348.0187469,91702.1,NH,4.172,0.2,287.467,25250.347,1868,New Hampshire
4/30/2022,2.3,358.6406081,91702.1,NH,4.9825,0.33,288.582,25861.292,1859,New Hampshire
5/31/2022,2.3,313.5226431,91702.1,NH,5.23,0.77,291.299,25861.292,1704,New Hampshire
6/30/2022,2.4,357.2766122,91702.1,NH,5.522,1.21,295.072,25861.292,1737,New Hampshire
7/31/2022,2.4,327.1422564,91702.1,NH,5.4125,1.68,294.94,26336.304,1703,New Hampshire
8/31/2022,2.5,383.1957154,91702.1,NH,5.2225,2.33,295.162,26336.304,1557,New Hampshire
9/30/2022,2.5,379.7295025,91702.1,NH,6.112,2.56,296.421,26336.304,1600,New Hampshire
10/31/2022,2.6,343.8074002,91702.1,NH,6.9,3.08,297.979,26770.514,1594,New Hampshire
11/30/2022,2.5,340.7754976,91702.1,NH,6.805,3.78,298.708,26770.514,1401,New Hampshire
12/31/2022,2.5,369.9403727,91702.1,NH,6.364,4.1,298.808,26770.514,1410,New Hampshire
1/31/2023,2.4,376.3659117,93645.8,NH,6.2725,4.33,300.456,27216.445,1410,New Hampshire
2/28/2023,2.3,306.8868637,93645.8,NH,6.2575,4.57,301.476,27216.445,1618,New Hampshire
3/31/2023,2.2,256.9710673,93645.8,NH,6.544,4.65,301.643,27216.445,1480,New Hampshire
4/30/2023,2.2,377.4139806,93645.8,NH,6.3425,4.83,302.858,27530.055,1474,New Hampshire
5/31/2023,2.2,387.6345834,93645.8,NH,6.425,5.06,303.316,27530.055,1575,New Hampshire
6/30/2023,2.2,465.2216824,93645.8,NH,6.714,5.08,304.099,27530.055,1464,New Hampshire
7/31/2023,2.2,262.8689568,93645.8,NH,6.84,5.12,304.615,28074.846,1522,New Hampshire
8/31/2023,2.2,369.0585117,93645.8,NH,7.072,5.33,306.138,28074.846,1561,New Hampshire
9/30/2023,2.3,309.2106993,93645.8,NH,7.2,5.33,307.374,28074.846,1537,New Hampshire
10/31/2023,2.3,444.014993,93645.8,NH,7.62,5.33,307.653,28424.722,1528,New Hampshire
11/30/2023,2.3,341.6349851,93645.8,NH,7.442,5.33,308.087,28424.722,1503,New Hampshire
12/31/2023,2.3,270.733366,93645.8,NH,6.815,5.33,308.735,28424.722,1519,New Hampshire
1/31/2024,2.3,348.0570387,94926,NH,6.6425,5.33,309.794,28708.161,1545,New Hampshire
2/29/2024,2.3,417.2589582,94926,NH,6.776,5.33,311.022,28708.161,1577,New Hampshire
3/31/2024,2.4,445.9760745,94926,NH,6.82,5.33,312.107,28708.161,1476,New Hampshire
4/30/2024,2.4,360.1897566,94926,NH,6.9925,5.33,313.016,29147.044,1459,New Hampshire
5/31/2024,2.5,366.1450532,94926,NH,7.06,5.33,313.14,29147.044,1407,New Hampshire
6/30/2024,2.5,370.9438432,94926,NH,6.9175,5.33,313.131,29147.044,1461,New Hampshire
7/31/2024,2.6,453.2423564,94926,NH,6.8475,5.33,313.566,29511.664,1436,New Hampshire
8/31/2024,2.6,404.5285062,94926,NH,6.5,5.33,314.131,29511.664,1476,New Hampshire
9/30/2024,2.7,532.228504,94926,NH,6.18,5.13,314.851,29511.664,1434,New Hampshire
10/31/2024,2.8,352.8530399,94926,NH,6.428,4.83,315.564,29825.182,1428,New Hampshire
11/30/2024,2.8,379.7723822,94926,NH,6.805,4.64,316.449,29825.182,1508,New Hampshire
12/31/2024,2.8,397.9840779,94926,NH,6.715,4.48,317.603,29825.182,1480,New Hampshire
1/31/2025,2.9,375.3598916,94926,NH,6.958,4.33,319.086,30042.113,1460,New Hampshire
2/28/2025,3,304.326595,94926,NH,6.8425,4.33,319.775,30042.113,1454,New Hampshire
3/31/2025,3.1,295.5539648,94926,NH,6.65,4.33,319.615,30042.113,1481,New Hampshire
4/30/2025,3.1,351.6191338,94926,NH,6.725,4.33,320.321,30485.729,1422,New Hampshire
5/31/2025,3.1,371.1787545,94926,NH,6.816,4.33,320.58,30485.729,1394,New Hampshire
6/30/2025,3.1,287.6195713,94926,NH,6.8175,4.33,321.5,30485.729,1393,New Hampshire
7/31/2025,3.1,340.0345667,94926,NH,6.72,4.33,322.132,30485.729,1362,New Hampshire
8/31/2025,3,325.7902417,94926,NH,6.5875,4.33,323.364,30485.729,1330,New Hampshire
9/30/2025,4.4,1258.406926,94926,NH,6.3525,4.22,323.364,30485.729,1330,New Hampshire
1/31/2012,9.3,1168.613031,560729.7,NJ,3.915,0.08,227.842,16068.805,712,New Jersey
2/29/2012,9.3,1542.883804,560729.7,NJ,3.89,0.1,228.329,16068.805,738,New Jersey
3/31/2012,9.4,1293.486309,560729.7,NJ,3.954,0.13,228.807,16068.805,806,New Jersey
4/30/2012,9.5,1539.772648,560729.7,NJ,3.91,0.14,229.187,16207.115,732,New Jersey
5/31/2012,9.6,1175.80816,560729.7,NJ,3.798,0.16,228.713,16207.115,796,New Jersey
6/30/2012,9.6,1662.707697,560729.7,NJ,3.675,0.16,228.524,16207.115,794,New Jersey
7/31/2012,9.6,1836.254845,560729.7,NJ,3.55,0.16,228.59,16319.541,849,New Jersey
8/31/2012,9.5,1325.019002,560729.7,NJ,3.602,0.13,229.918,16319.541,840,New Jersey
9/30/2012,9.5,1542.197435,560729.7,NJ,3.4975,0.14,231.015,16319.541,930,New Jersey
10/31/2012,9.4,1641.790584,560729.7,NJ,3.3825,0.16,231.638,16420.419,887,New Jersey
11/30/2012,9.4,1269.527886,560729.7,NJ,3.352,0.16,231.249,16420.419,917,New Jersey
12/31/2012,9.3,1478.091402,560729.7,NJ,3.345,0.16,231.221,16420.419,941,New Jersey
1/31/2013,9.2,2129.140905,570952.4,NJ,3.414,0.14,231.679,16648.189,940,New Jersey
2/28/2013,9.1,1261.066233,570952.4,NJ,3.5325,0.15,232.937,16648.189,980,New Jersey
3/31/2013,9,1467.578424,570952.4,NJ,3.565,0.14,232.282,16648.189,936,New Jersey
4/30/2013,8.9,1902.971869,570952.4,NJ,3.445,0.15,231.797,16728.687,1012,New Jersey
5/31/2013,8.7,2502.468347,570952.4,NJ,3.536,0.11,231.893,16728.687,1003,New Jersey
6/30/2013,8.6,1474.181721,570952.4,NJ,4.07,0.09,232.445,16728.687,942,New Jersey
7/31/2013,8.4,2177.675995,570952.4,NJ,4.37,0.09,232.9,16953.838,997,New Jersey
8/31/2013,8.3,2670.789345,570952.4,NJ,4.456,0.08,233.456,16953.838,964,New Jersey
9/30/2013,8,1695.420491,570952.4,NJ,4.49,0.08,233.544,16953.838,1004,New Jersey
10/31/2013,7.8,2001.595504,570952.4,NJ,4.192,0.09,233.669,17192.019,1044,New Jersey
11/30/2013,7.6,1878.084346,570952.4,NJ,4.255,0.08,234.1,17192.019,1029,New Jersey
12/31/2013,7.4,1818.458056,570952.4,NJ,4.4575,0.09,234.719,17192.019,1005,New Jersey
1/31/2014,7.2,1649.426289,570696.4,NJ,4.432,0.07,235.288,17197.738,976,New Jersey
2/28/2014,7,2050.632378,570696.4,NJ,4.3025,0.07,235.547,17197.738,1039,New Jersey
3/31/2014,6.9,2341.997844,570696.4,NJ,4.3425,0.08,236.028,17197.738,1067,New Jersey
4/30/2014,6.8,2026.674107,570696.4,NJ,4.3375,0.09,236.468,17518.508,1090,New Jersey
5/31/2014,6.7,2335.156114,570696.4,NJ,4.192,0.09,236.918,17518.508,1018,New Jersey
6/30/2014,6.6,1848.501836,570696.4,NJ,4.1625,0.1,237.231,17518.508,1010,New Jersey
7/31/2014,6.6,3006.197821,570696.4,NJ,4.13,0.09,237.498,17804.228,1076,New Jersey
8/31/2014,6.5,2012.401133,570696.4,NJ,4.115,0.09,237.46,17804.228,1047,New Jersey
9/30/2014,6.5,2511.675515,570696.4,NJ,4.1625,0.09,237.477,17804.228,1077,New Jersey
10/31/2014,6.5,1568.107504,570696.4,NJ,4.036,0.09,237.43,17912.079,1094,New Jersey
11/30/2014,6.5,1890.833803,570696.4,NJ,3.9975,0.09,236.983,17912.079,1059,New Jersey
12/31/2014,6.4,1752.724017,570696.4,NJ,3.864,0.12,236.252,17912.079,1072,New Jersey
1/31/2015,6.3,2044.186592,581414.9,NJ,3.67,0.11,234.747,18063.529,1049,New Jersey
2/28/2015,6.3,1527.171868,581414.9,NJ,3.71,0.11,235.342,18063.529,1127,New Jersey
3/31/2015,6.2,1860.109094,581414.9,NJ,3.77,0.11,235.976,18063.529,1072,New Jersey
4/30/2015,6.1,3951.299585,581414.9,NJ,3.672,0.12,236.222,18279.784,1166,New Jersey
5/31/2015,6,3941.016804,581414.9,NJ,3.84,0.12,237.001,18279.784,1272,New Jersey
6/30/2015,5.8,3935.11044,581414.9,NJ,3.9825,0.13,237.657,18279.784,1379,New Jersey
7/31/2015,5.7,2188.334715,581414.9,NJ,4.046,0.13,238.034,18401.626,1140,New Jersey
8/31/2015,5.5,2434.19542,581414.9,NJ,3.905,0.14,238.033,18401.626,1165,New Jersey
9/30/2015,5.3,2169.940682,581414.9,NJ,3.89,0.14,237.498,18401.626,1144,New Jersey
10/31/2015,5.1,2661.493484,581414.9,NJ,3.796,0.12,237.733,18435.137,1160,New Jersey
11/30/2015,5,2324.083929,581414.9,NJ,3.9425,0.12,238.017,18435.137,1244,New Jersey
12/31/2015,5,2793.298145,581414.9,NJ,3.964,0.24,237.761,18435.137,1211,New Jersey
1/31/2016,4.9,1443.965345,587049.7,NJ,3.8725,0.34,237.652,18525.933,1171,New Jersey
2/29/2016,5,3120.597257,587049.7,NJ,3.66,0.38,237.336,18525.933,1172,New Jersey
3/31/2016,5,2102.791254,587049.7,NJ,3.694,0.36,238.08,18525.933,1118,New Jersey
4/30/2016,5,2376.506725,587049.7,NJ,3.605,0.37,238.992,18711.702,1160,New Jersey
5/31/2016,5,1787.527096,587049.7,NJ,3.6,0.37,239.557,18711.702,1205,New Jersey
6/30/2016,5,1888.216253,587049.7,NJ,3.568,0.38,240.222,18711.702,1208,New Jersey
7/31/2016,5,1537.651316,587049.7,NJ,3.44,0.39,240.101,18892.639,1198,New Jersey
8/31/2016,5,2589.13841,587049.7,NJ,3.435,0.4,240.545,18892.639,1201,New Jersey
9/30/2016,4.9,1927.049463,587049.7,NJ,3.46,0.4,241.176,18892.639,1303,New Jersey
10/31/2016,4.9,1512.182015,587049.7,NJ,3.47,0.4,241.741,19089.379,1254,New Jersey
11/30/2016,4.8,1882.435999,587049.7,NJ,3.77,0.41,242.026,19089.379,1230,New Jersey
12/31/2016,4.7,2335.469508,587049.7,NJ,4.198,0.54,242.637,19089.379,1248,New Jersey
1/31/2017,4.6,2368.27749,590086.7,NJ,4.15,0.65,243.618,19280.084,1303,New Jersey
2/28/2017,4.5,2301.363008,590086.7,NJ,4.1675,0.66,244.006,19280.084,1234,New Jersey
3/31/2017,4.4,1667.571998,590086.7,NJ,4.196,0.79,243.892,19280.084,1272,New Jersey
4/30/2017,4.4,1723.461395,590086.7,NJ,4.045,0.9,244.193,19438.643,1251,New Jersey
5/31/2017,4.4,2847.334812,590086.7,NJ,4.01,0.91,244.004,19438.643,1208,New Jersey
6/30/2017,4.5,1853.051871,590086.7,NJ,3.904,1.04,244.163,19438.643,1353,New Jersey
7/31/2017,4.5,2404.591381,590086.7,NJ,3.9675,1.15,244.243,19692.595,1256,New Jersey
8/31/2017,4.6,2386.992742,590086.7,NJ,3.88,1.16,245.183,19692.595,1319,New Jersey
9/30/2017,4.6,2179.602858,590086.7,NJ,3.805,1.15,246.435,19692.595,1273,New Jersey
10/31/2017,4.6,2524.313205,590086.7,NJ,3.895,1.15,246.626,20037.088,1356,New Jersey
11/30/2017,4.6,2656.13018,590086.7,NJ,3.922,1.16,247.284,20037.088,1299,New Jersey
12/31/2017,4.5,2389.573491,590086.7,NJ,3.95,1.3,247.805,20037.088,1311,New Jersey
1/31/2018,4.4,1659.438126,606892.2,NJ,4.0325,1.41,248.859,20328.553,1317,New Jersey
2/28/2018,4.4,2849.110015,606892.2,NJ,4.33,1.42,249.529,20328.553,1321,New Jersey
3/31/2018,4.3,2244.133025,606892.2,NJ,4.444,1.51,249.577,20328.553,1385,New Jersey
4/30/2018,4.2,1776.607417,606892.2,NJ,4.4675,1.69,250.227,20580.912,1378,New Jersey
5/31/2018,4.1,2281.505768,606892.2,NJ,4.586,1.7,250.792,20580.912,1338,New Jersey
6/30/2018,4.1,2510.847134,606892.2,NJ,4.57,1.82,251.018,20580.912,1345,New Jersey
7/31/2018,4,1968.516913,606892.2,NJ,4.5275,1.91,251.214,20798.73,1334,New Jersey
8/31/2018,3.9,2141.577493,606892.2,NJ,4.55,1.91,251.663,20798.73,1273,New Jersey
9/30/2018,3.8,2078.567153,606892.2,NJ,4.6275,1.95,252.182,20798.73,1314,New Jersey
10/31/2018,3.7,2233.732927,606892.2,NJ,4.83,2.19,252.772,20917.867,1272,New Jersey
11/30/2018,3.7,2018.076367,606892.2,NJ,4.866,2.2,252.594,20917.867,1340,New Jersey
12/31/2018,3.6,1506.703049,606892.2,NJ,4.6375,2.27,252.767,20917.867,1317,New Jersey
1/31/2019,3.5,1916.834419,618691,NJ,4.464,2.4,252.561,21111.6,1254,New Jersey
2/28/2019,3.4,1904.071373,618691,NJ,4.37,2.4,253.319,21111.6,1286,New Jersey
3/31/2019,3.3,2176.745489,618691,NJ,4.265,2.41,254.277,21111.6,1295,New Jersey
4/30/2019,3.2,2118.025195,618691,NJ,4.1425,2.42,255.233,21397.938,1322,New Jersey
5/31/2019,3.2,2451.742219,618691,NJ,4.072,2.39,255.296,21397.938,1347,New Jersey
6/30/2019,3.2,2384.523414,618691,NJ,3.8025,2.38,255.213,21397.938,1299,New Jersey
7/31/2019,3.3,2532.079135,618691,NJ,3.765,2.4,255.802,21717.171,1379,New Jersey
8/31/2019,3.4,4146.103908,618691,NJ,3.616,2.13,256.036,21717.171,1482,New Jersey
9/30/2019,3.6,3472.672236,618691,NJ,3.605,2.04,256.43,21717.171,1469,New Jersey
10/31/2019,3.7,3530.466657,618691,NJ,3.688,1.83,257.155,21933.217,1523,New Jersey
11/30/2019,3.8,3061.407607,618691,NJ,3.695,1.55,257.879,21933.217,1535,New Jersey
12/31/2019,3.9,2362.085666,618691,NJ,3.72,1.55,258.63,21933.217,1443,New Jersey
1/31/2020,4,2532.459106,598481.3,NJ,3.624,1.55,259.127,21751.238,1495,New Jersey
2/29/2020,4.1,2208.663561,598481.3,NJ,3.465,1.58,259.25,21751.238,1455,New Jersey
3/31/2020,4.1,2596.855588,598481.3,NJ,3.45,0.65,258.076,21751.238,1346,New Jersey
4/30/2020,15,1383.622809,598481.3,NJ,3.306,0.05,256.032,19958.291,1076,New Jersey
5/31/2020,15.4,1908.791513,598481.3,NJ,3.2325,0.05,255.802,19958.291,1250,New Jersey
6/30/2020,14.5,2999.594936,598481.3,NJ,3.1625,0.08,257.042,19958.291,1334,New Jersey
7/31/2020,14.4,2941.089642,598481.3,NJ,3.016,0.09,258.352,21704.437,1546,New Jersey
8/31/2020,13.3,2257.150564,598481.3,NJ,2.935,0.1,259.316,21704.437,1533,New Jersey
9/30/2020,7.4,3377.474448,598481.3,NJ,2.89,0.09,259.997,21704.437,1636,New Jersey
10/31/2020,7.1,3091.95826,598481.3,NJ,2.834,0.09,260.319,22087.16,1613,New Jersey
11/30/2020,7.2,3043.762196,598481.3,NJ,2.765,0.09,260.911,22087.16,1703,New Jersey
12/31/2020,7.3,2745.935633,598481.3,NJ,2.684,0.09,262.045,22087.16,1752,New Jersey
1/31/2021,7.3,3455.903644,631158.3,NJ,2.735,0.09,262.639,22680.693,1855,New Jersey
2/28/2021,7.3,2728.392115,631158.3,NJ,2.81,0.08,263.573,22680.693,1711,New Jersey
3/31/2021,7.2,2709.099238,631158.3,NJ,3.0825,0.07,264.847,22680.693,1756,New Jersey
4/30/2021,7.2,3989.695094,631158.3,NJ,3.06,0.07,266.625,23425.91,1721,New Jersey
5/31/2021,7,3342.891818,631158.3,NJ,2.9625,0.06,268.404,23425.91,1703,New Jersey
6/30/2021,7.2,2693.947586,631158.3,NJ,2.975,0.08,270.71,23425.91,1654,New Jersey
7/31/2021,6.9,2724.381117,631158.3,NJ,2.868,0.1,271.965,23982.379,1658,New Jersey
8/31/2021,6.8,2990.692993,631158.3,NJ,2.8425,0.09,272.752,23982.379,1736,New Jersey
9/30/2021,6.3,2554.617742,631158.3,NJ,2.9,0.08,273.942,23982.379,1640,New Jersey
10/31/2021,6,2760.730267,631158.3,NJ,3.0675,0.08,276.528,24813.6,1707,New Jersey
11/30/2021,5.6,3105.979162,631158.3,NJ,3.0675,0.08,278.824,24813.6,1765,New Jersey
12/31/2021,5.5,4021.888803,631158.3,NJ,3.098,0.08,280.806,24813.6,1919,New Jersey
1/31/2022,5.2,3044.845777,648512.4,NJ,3.445,0.08,282.542,25250.347,1920,New Jersey
2/28/2022,4.7,3662.370592,648512.4,NJ,3.7625,0.08,284.525,25250.347,1857,New Jersey
3/31/2022,4.3,3800.801329,648512.4,NJ,4.172,0.2,287.467,25250.347,1868,New Jersey
4/30/2022,4.1,3728.705216,648512.4,NJ,4.9825,0.33,288.582,25861.292,1859,New Jersey
5/31/2022,3.8,2447.934442,648512.4,NJ,5.23,0.77,291.299,25861.292,1704,New Jersey
6/30/2022,3.6,3370.439664,648512.4,NJ,5.522,1.21,295.072,25861.292,1737,New Jersey
7/31/2022,3.3,3489.534286,648512.4,NJ,5.4125,1.68,294.94,26336.304,1703,New Jersey
8/31/2022,3,2355.432455,648512.4,NJ,5.2225,2.33,295.162,26336.304,1557,New Jersey
9/30/2022,3.3,2632.451433,648512.4,NJ,6.112,2.56,296.421,26336.304,1600,New Jersey
10/31/2022,3.5,1600.610707,648512.4,NJ,6.9,3.08,297.979,26770.514,1594,New Jersey
11/30/2022,3.6,2653.346557,648512.4,NJ,6.805,3.78,298.708,26770.514,1401,New Jersey
12/31/2022,3.8,2959.346858,648512.4,NJ,6.364,4.1,298.808,26770.514,1410,New Jersey
1/31/2023,3.9,2564.572425,662320.1,NJ,6.2725,4.33,300.456,27216.445,1410,New Jersey
2/28/2023,4,2426.399345,662320.1,NJ,6.2575,4.57,301.476,27216.445,1618,New Jersey
3/31/2023,4,3135.440944,662320.1,NJ,6.544,4.65,301.643,27216.445,1480,New Jersey
4/30/2023,4.1,2390.863837,662320.1,NJ,6.3425,4.83,302.858,27530.055,1474,New Jersey
5/31/2023,4.2,4164.957506,662320.1,NJ,6.425,5.06,303.316,27530.055,1575,New Jersey
6/30/2023,4.3,2347.572658,662320.1,NJ,6.714,5.08,304.099,27530.055,1464,New Jersey
7/31/2023,4.4,2580.84837,662320.1,NJ,6.84,5.12,304.615,28074.846,1522,New Jersey
8/31/2023,4.4,3093.079385,662320.1,NJ,7.072,5.33,306.138,28074.846,1561,New Jersey
9/30/2023,4.5,2368.775753,662320.1,NJ,7.2,5.33,307.374,28074.846,1537,New Jersey
10/31/2023,4.5,2717.529417,662320.1,NJ,7.62,5.33,307.653,28424.722,1528,New Jersey
11/30/2023,4.5,1773.754289,662320.1,NJ,7.442,5.33,308.087,28424.722,1503,New Jersey
12/31/2023,4.5,2171.796061,662320.1,NJ,6.815,5.33,308.735,28424.722,1519,New Jersey
1/31/2024,4.4,3260.492733,675897.6,NJ,6.6425,5.33,309.794,28708.161,1545,New Jersey
2/29/2024,4.4,4855.880284,675897.6,NJ,6.776,5.33,311.022,28708.161,1577,New Jersey
3/31/2024,4.4,2512.452962,675897.6,NJ,6.82,5.33,312.107,28708.161,1476,New Jersey
4/30/2024,4.5,3306.008931,675897.6,NJ,6.9925,5.33,313.016,29147.044,1459,New Jersey
5/31/2024,4.5,2975.693483,675897.6,NJ,7.06,5.33,313.14,29147.044,1407,New Jersey
6/30/2024,4.6,2723.3721,675897.6,NJ,6.9175,5.33,313.131,29147.044,1461,New Jersey
7/31/2024,4.6,2966.98379,675897.6,NJ,6.8475,5.33,313.566,29511.664,1436,New Jersey
8/31/2024,4.6,3547.077302,675897.6,NJ,6.5,5.33,314.131,29511.664,1476,New Jersey
9/30/2024,4.6,2827.783907,675897.6,NJ,6.18,5.13,314.851,29511.664,1434,New Jersey
10/31/2024,4.6,2869.306848,675897.6,NJ,6.428,4.83,315.564,29825.182,1428,New Jersey
11/30/2024,4.6,3066.45229,675897.6,NJ,6.805,4.64,316.449,29825.182,1508,New Jersey
12/31/2024,4.6,3104.122341,675897.6,NJ,6.715,4.48,317.603,29825.182,1480,New Jersey
1/31/2025,4.6,2959.590573,675897.6,NJ,6.958,4.33,319.086,30042.113,1460,New Jersey
2/28/2025,4.6,2849.321957,675897.6,NJ,6.8425,4.33,319.775,30042.113,1454,New Jersey
3/31/2025,4.7,2939.168457,675897.6,NJ,6.65,4.33,319.615,30042.113,1481,New Jersey
4/30/2025,4.8,2690.684827,675897.6,NJ,6.725,4.33,320.321,30485.729,1422,New Jersey
5/31/2025,4.8,2659.075874,675897.6,NJ,6.816,4.33,320.58,30485.729,1394,New Jersey
6/30/2025,4.9,2557.646626,675897.6,NJ,6.8175,4.33,321.5,30485.729,1393,New Jersey
7/31/2025,4.9,2578.302122,675897.6,NJ,6.72,4.33,322.132,30485.729,1362,New Jersey
8/31/2025,5,2414.792737,675897.6,NJ,6.5875,4.33,323.364,30485.729,1330,New Jersey
9/30/2025,4.4,1258.406926,675897.6,NJ,6.3525,4.22,323.364,30485.729,1330,New Jersey
1/31/2012,7,317.6593119,90762.4,NM,3.915,0.08,227.842,16068.805,712,New Mexico
2/29/2012,7,364.5823529,90762.4,NM,3.89,0.1,228.329,16068.805,738,New Mexico
3/31/2012,7,639.5487073,90762.4,NM,3.954,0.13,228.807,16068.805,806,New Mexico
4/30/2012,7,333.2633673,90762.4,NM,3.91,0.14,229.187,16207.115,732,New Mexico
5/31/2012,7,380.2136771,90762.4,NM,3.798,0.16,228.713,16207.115,796,New Mexico
6/30/2012,7,319.3625255,90762.4,NM,3.675,0.16,228.524,16207.115,794,New Mexico
7/31/2012,6.9,416.1138401,90762.4,NM,3.55,0.16,228.59,16319.541,849,New Mexico
8/31/2012,6.9,381.6685259,90762.4,NM,3.602,0.13,229.918,16319.541,840,New Mexico
9/30/2012,6.9,597.693347,90762.4,NM,3.4975,0.14,231.015,16319.541,930,New Mexico
10/31/2012,6.9,391.9437792,90762.4,NM,3.3825,0.16,231.638,16420.419,887,New Mexico
11/30/2012,6.9,411.4231502,90762.4,NM,3.352,0.16,231.249,16420.419,917,New Mexico
12/31/2012,6.9,367.2231848,90762.4,NM,3.345,0.16,231.221,16420.419,941,New Mexico
1/31/2013,7,555.7631406,90104,NM,3.414,0.14,231.679,16648.189,940,New Mexico
2/28/2013,7,450.5250244,90104,NM,3.5325,0.15,232.937,16648.189,980,New Mexico
3/31/2013,7,338.7465192,90104,NM,3.565,0.14,232.282,16648.189,936,New Mexico
4/30/2013,7,328.8910773,90104,NM,3.445,0.15,231.797,16728.687,1012,New Mexico
5/31/2013,6.9,341.804689,90104,NM,3.536,0.11,231.893,16728.687,1003,New Mexico
6/30/2013,6.9,417.7746364,90104,NM,4.07,0.09,232.445,16728.687,942,New Mexico
7/31/2013,6.9,329.7682783,90104,NM,4.37,0.09,232.9,16953.838,997,New Mexico
8/31/2013,6.9,492.815373,90104,NM,4.456,0.08,233.456,16953.838,964,New Mexico
9/30/2013,6.8,407.5317834,90104,NM,4.49,0.08,233.544,16953.838,1004,New Mexico
10/31/2013,6.8,618.4103186,90104,NM,4.192,0.09,233.669,17192.019,1044,New Mexico
11/30/2013,6.8,336.281812,90104,NM,4.255,0.08,234.1,17192.019,1029,New Mexico
12/31/2013,6.8,332.2352016,90104,NM,4.4575,0.09,234.719,17192.019,1005,New Mexico
1/31/2014,6.8,490.5690503,92621.1,NM,4.432,0.07,235.288,17197.738,976,New Mexico
2/28/2014,6.7,323.1364078,92621.1,NM,4.3025,0.07,235.547,17197.738,1039,New Mexico
3/31/2014,6.7,423.4731045,92621.1,NM,4.3425,0.08,236.028,17197.738,1067,New Mexico
4/30/2014,6.6,324.4556322,92621.1,NM,4.3375,0.09,236.468,17518.508,1090,New Mexico
5/31/2014,6.6,316.8398442,92621.1,NM,4.192,0.09,236.918,17518.508,1018,New Mexico
6/30/2014,6.6,290.8188615,92621.1,NM,4.1625,0.1,237.231,17518.508,1010,New Mexico
7/31/2014,6.5,297.3288649,92621.1,NM,4.13,0.09,237.498,17804.228,1076,New Mexico
8/31/2014,6.5,381.4786255,92621.1,NM,4.115,0.09,237.46,17804.228,1047,New Mexico
9/30/2014,6.5,338.927344,92621.1,NM,4.1625,0.09,237.477,17804.228,1077,New Mexico
10/31/2014,6.4,476.8042247,92621.1,NM,4.036,0.09,237.43,17912.079,1094,New Mexico
11/30/2014,6.4,413.2290957,92621.1,NM,3.9975,0.09,236.983,17912.079,1059,New Mexico
12/31/2014,6.4,411.8402693,92621.1,NM,3.864,0.12,236.252,17912.079,1072,New Mexico
1/31/2015,6.5,295.1813073,93503.9,NM,3.67,0.11,234.747,18063.529,1049,New Mexico
2/28/2015,6.5,287.1986477,93503.9,NM,3.71,0.11,235.342,18063.529,1127,New Mexico
3/31/2015,6.6,343.9172646,93503.9,NM,3.77,0.11,235.976,18063.529,1072,New Mexico
4/30/2015,6.7,514.1587665,93503.9,NM,3.672,0.12,236.222,18279.784,1166,New Mexico
5/31/2015,6.7,385.6490559,93503.9,NM,3.84,0.12,237.001,18279.784,1272,New Mexico
6/30/2015,6.7,371.1435386,93503.9,NM,3.9825,0.13,237.657,18279.784,1379,New Mexico
7/31/2015,6.7,403.2090984,93503.9,NM,4.046,0.13,238.034,18401.626,1140,New Mexico
8/31/2015,6.7,312.4584051,93503.9,NM,3.905,0.14,238.033,18401.626,1165,New Mexico
9/30/2015,6.6,357.9865655,93503.9,NM,3.89,0.14,237.498,18401.626,1144,New Mexico
10/31/2015,6.6,279.621637,93503.9,NM,3.796,0.12,237.733,18435.137,1160,New Mexico
11/30/2015,6.5,339.6917311,93503.9,NM,3.9425,0.12,238.017,18435.137,1244,New Mexico
12/31/2015,6.5,430.3151342,93503.9,NM,3.964,0.24,237.761,18435.137,1211,New Mexico
1/31/2016,6.5,511.0710829,93043.5,NM,3.8725,0.34,237.652,18525.933,1171,New Mexico
2/29/2016,6.5,408.4825277,93043.5,NM,3.66,0.38,237.336,18525.933,1172,New Mexico
3/31/2016,6.5,360.7953851,93043.5,NM,3.694,0.36,238.08,18525.933,1118,New Mexico
4/30/2016,6.6,395.6800464,93043.5,NM,3.605,0.37,238.992,18711.702,1160,New Mexico
5/31/2016,6.7,404.3493755,93043.5,NM,3.6,0.37,239.557,18711.702,1205,New Mexico
6/30/2016,6.8,386.4199649,93043.5,NM,3.568,0.38,240.222,18711.702,1208,New Mexico
7/31/2016,6.9,293.9431833,93043.5,NM,3.44,0.39,240.101,18892.639,1198,New Mexico
8/31/2016,7,368.7242073,93043.5,NM,3.435,0.4,240.545,18892.639,1201,New Mexico
9/30/2016,7,440.3864086,93043.5,NM,3.46,0.4,241.176,18892.639,1303,New Mexico
10/31/2016,7,298.0434514,93043.5,NM,3.47,0.4,241.741,19089.379,1254,New Mexico
11/30/2016,7,717.1068375,93043.5,NM,3.77,0.41,242.026,19089.379,1230,New Mexico
12/31/2016,6.9,392.6432992,93043.5,NM,4.198,0.54,242.637,19089.379,1248,New Mexico
1/31/2017,6.8,301.6424695,93210.1,NM,4.15,0.65,243.618,19280.084,1303,New Mexico
2/28/2017,6.7,353.8758288,93210.1,NM,4.1675,0.66,244.006,19280.084,1234,New Mexico
3/31/2017,6.6,370.1114756,93210.1,NM,4.196,0.79,243.892,19280.084,1272,New Mexico
4/30/2017,6.5,374.5430168,93210.1,NM,4.045,0.9,244.193,19438.643,1251,New Mexico
5/31/2017,6.3,429.6645916,93210.1,NM,4.01,0.91,244.004,19438.643,1208,New Mexico
6/30/2017,6.2,501.6521822,93210.1,NM,3.904,1.04,244.163,19438.643,1353,New Mexico
7/31/2017,6,409.4928352,93210.1,NM,3.9675,1.15,244.243,19692.595,1256,New Mexico
8/31/2017,5.9,390.5226903,93210.1,NM,3.88,1.16,245.183,19692.595,1319,New Mexico
9/30/2017,5.8,380.6332834,93210.1,NM,3.805,1.15,246.435,19692.595,1273,New Mexico
10/31/2017,5.7,413.1499202,93210.1,NM,3.895,1.15,246.626,20037.088,1356,New Mexico
11/30/2017,5.5,374.8448167,93210.1,NM,3.922,1.16,247.284,20037.088,1299,New Mexico
12/31/2017,5.4,453.5923291,93210.1,NM,3.95,1.3,247.805,20037.088,1311,New Mexico
1/31/2018,5.2,437.265902,96077,NM,4.0325,1.41,248.859,20328.553,1317,New Mexico
2/28/2018,5.1,457.8395841,96077,NM,4.33,1.42,249.529,20328.553,1321,New Mexico
3/31/2018,4.9,585.7807674,96077,NM,4.444,1.51,249.577,20328.553,1385,New Mexico
4/30/2018,4.8,406.6016421,96077,NM,4.4675,1.69,250.227,20580.912,1378,New Mexico
5/31/2018,4.8,400.1119247,96077,NM,4.586,1.7,250.792,20580.912,1338,New Mexico
6/30/2018,4.7,413.4003253,96077,NM,4.57,1.82,251.018,20580.912,1345,New Mexico
7/31/2018,4.7,394.409954,96077,NM,4.5275,1.91,251.214,20798.73,1334,New Mexico
8/31/2018,4.8,385.5268667,96077,NM,4.55,1.91,251.663,20798.73,1273,New Mexico
9/30/2018,4.9,328.7315993,96077,NM,4.6275,1.95,252.182,20798.73,1314,New Mexico
10/31/2018,5,410.2589514,96077,NM,4.83,2.19,252.772,20917.867,1272,New Mexico
11/30/2018,5.1,408.1429101,96077,NM,4.866,2.2,252.594,20917.867,1340,New Mexico
12/31/2018,5.2,411.4179729,96077,NM,4.6375,2.27,252.767,20917.867,1317,New Mexico
1/31/2019,5.1,398.1897865,100342.2,NM,4.464,2.4,252.561,21111.6,1254,New Mexico
2/28/2019,5.1,452.1174275,100342.2,NM,4.37,2.4,253.319,21111.6,1286,New Mexico
3/31/2019,5,358.5943267,100342.2,NM,4.265,2.41,254.277,21111.6,1295,New Mexico
4/30/2019,5,453.380184,100342.2,NM,4.1425,2.42,255.233,21397.938,1322,New Mexico
5/31/2019,5,456.9821,100342.2,NM,4.072,2.39,255.296,21397.938,1347,New Mexico
6/30/2019,4.9,348.242927,100342.2,NM,3.8025,2.38,255.213,21397.938,1299,New Mexico
7/31/2019,4.9,460.5480798,100342.2,NM,3.765,2.4,255.802,21717.171,1379,New Mexico
8/31/2019,4.9,440.0503575,100342.2,NM,3.616,2.13,256.036,21717.171,1482,New Mexico
9/30/2019,4.9,381.6108313,100342.2,NM,3.605,2.04,256.43,21717.171,1469,New Mexico
10/31/2019,4.9,587.4225314,100342.2,NM,3.688,1.83,257.155,21933.217,1523,New Mexico
11/30/2019,4.9,588.1828943,100342.2,NM,3.695,1.55,257.879,21933.217,1535,New Mexico
12/31/2019,5,368.3174037,100342.2,NM,3.72,1.55,258.63,21933.217,1443,New Mexico
1/31/2020,5.1,433.044683,98004,NM,3.624,1.55,259.127,21751.238,1495,New Mexico
2/29/2020,5.3,376.4136187,98004,NM,3.465,1.58,259.25,21751.238,1455,New Mexico
3/31/2020,5.9,379.4945364,98004,NM,3.45,0.65,258.076,21751.238,1346,New Mexico
4/30/2020,9,338.8524543,98004,NM,3.306,0.05,256.032,19958.291,1076,New Mexico
5/31/2020,9.3,301.9022531,98004,NM,3.2325,0.05,255.802,19958.291,1250,New Mexico
6/30/2020,9,379.9253817,98004,NM,3.1625,0.08,257.042,19958.291,1334,New Mexico
7/31/2020,9,431.0086459,98004,NM,3.016,0.09,258.352,21704.437,1546,New Mexico
8/31/2020,8.6,464.9904012,98004,NM,2.935,0.1,259.316,21704.437,1533,New Mexico
9/30/2020,8.7,467.7002105,98004,NM,2.89,0.09,259.997,21704.437,1636,New Mexico
10/31/2020,8.4,497.9024806,98004,NM,2.834,0.09,260.319,22087.16,1613,New Mexico
11/30/2020,8.4,505.1174454,98004,NM,2.765,0.09,260.911,22087.16,1703,New Mexico
12/31/2020,8.4,476.4796931,98004,NM,2.684,0.09,262.045,22087.16,1752,New Mexico
1/31/2021,8.2,486.4689454,101499.2,NM,2.735,0.09,262.639,22680.693,1855,New Mexico
2/28/2021,8.2,714.0688197,101499.2,NM,2.81,0.08,263.573,22680.693,1711,New Mexico
3/31/2021,8,567.5376808,101499.2,NM,3.0825,0.07,264.847,22680.693,1756,New Mexico
4/30/2021,7.9,680.4512525,101499.2,NM,3.06,0.07,266.625,23425.91,1721,New Mexico
5/31/2021,7.5,560.4467046,101499.2,NM,2.9625,0.06,268.404,23425.91,1703,New Mexico
6/30/2021,7.4,600.5203361,101499.2,NM,2.975,0.08,270.71,23425.91,1654,New Mexico
7/31/2021,7.1,719.408497,101499.2,NM,2.868,0.1,271.965,23982.379,1658,New Mexico
8/31/2021,6.8,567.1297176,101499.2,NM,2.8425,0.09,272.752,23982.379,1736,New Mexico
9/30/2021,6.3,693.0175307,101499.2,NM,2.9,0.08,273.942,23982.379,1640,New Mexico
10/31/2021,6,520.3133139,101499.2,NM,3.0675,0.08,276.528,24813.6,1707,New Mexico
11/30/2021,5.8,570.550537,101499.2,NM,3.0675,0.08,278.824,24813.6,1765,New Mexico
12/31/2021,5.6,939.8177075,101499.2,NM,3.098,0.08,280.806,24813.6,1919,New Mexico
1/31/2022,5.4,633.6620951,104212.8,NM,3.445,0.08,282.542,25250.347,1920,New Mexico
2/28/2022,5,466.3295748,104212.8,NM,3.7625,0.08,284.525,25250.347,1857,New Mexico
3/31/2022,4.7,711.0071076,104212.8,NM,4.172,0.2,287.467,25250.347,1868,New Mexico
4/30/2022,4.4,941.3179866,104212.8,NM,4.9825,0.33,288.582,25861.292,1859,New Mexico
5/31/2022,4.2,994.0488667,104212.8,NM,5.23,0.77,291.299,25861.292,1704,New Mexico
6/30/2022,3.9,634.049139,104212.8,NM,5.522,1.21,295.072,25861.292,1737,New Mexico
7/31/2022,3.6,630.6260301,104212.8,NM,5.4125,1.68,294.94,26336.304,1703,New Mexico
8/31/2022,3.4,593.1642559,104212.8,NM,5.2225,2.33,295.162,26336.304,1557,New Mexico
9/30/2022,3.5,660.7216101,104212.8,NM,6.112,2.56,296.421,26336.304,1600,New Mexico
10/31/2022,3.5,585.6375822,104212.8,NM,6.9,3.08,297.979,26770.514,1594,New Mexico
11/30/2022,3.6,530.9495734,104212.8,NM,6.805,3.78,298.708,26770.514,1401,New Mexico
12/31/2022,3.6,589.5308292,104212.8,NM,6.364,4.1,298.808,26770.514,1410,New Mexico
1/31/2023,3.6,695.9315013,114059.2,NM,6.2725,4.33,300.456,27216.445,1410,New Mexico
2/28/2023,3.6,404.3271472,114059.2,NM,6.2575,4.57,301.476,27216.445,1618,New Mexico
3/31/2023,3.6,738.2572981,114059.2,NM,6.544,4.65,301.643,27216.445,1480,New Mexico
4/30/2023,3.6,636.8179213,114059.2,NM,6.3425,4.83,302.858,27530.055,1474,New Mexico
5/31/2023,3.6,653.4253708,114059.2,NM,6.425,5.06,303.316,27530.055,1575,New Mexico
6/30/2023,3.6,700.3963625,114059.2,NM,6.714,5.08,304.099,27530.055,1464,New Mexico
7/31/2023,3.6,647.0379073,114059.2,NM,6.84,5.12,304.615,28074.846,1522,New Mexico
8/31/2023,3.7,822.0997564,114059.2,NM,7.072,5.33,306.138,28074.846,1561,New Mexico
9/30/2023,3.7,596.5991746,114059.2,NM,7.2,5.33,307.374,28074.846,1537,New Mexico
10/31/2023,3.8,751.5887841,114059.2,NM,7.62,5.33,307.653,28424.722,1528,New Mexico
11/30/2023,3.8,1604.343068,114059.2,NM,7.442,5.33,308.087,28424.722,1503,New Mexico
12/31/2023,3.8,689.3441302,114059.2,NM,6.815,5.33,308.735,28424.722,1519,New Mexico
1/31/2024,3.8,696.5085434,119044.5,NM,6.6425,5.33,309.794,28708.161,1545,New Mexico
2/29/2024,3.8,807.7534444,119044.5,NM,6.776,5.33,311.022,28708.161,1577,New Mexico
3/31/2024,3.9,711.7203731,119044.5,NM,6.82,5.33,312.107,28708.161,1476,New Mexico
4/30/2024,4,573.1000788,119044.5,NM,6.9925,5.33,313.016,29147.044,1459,New Mexico
5/31/2024,4.1,731.1699237,119044.5,NM,7.06,5.33,313.14,29147.044,1407,New Mexico
6/30/2024,4.2,672.8516351,119044.5,NM,6.9175,5.33,313.131,29147.044,1461,New Mexico
7/31/2024,4.3,716.2675158,119044.5,NM,6.8475,5.33,313.566,29511.664,1436,New Mexico
8/31/2024,4.3,720.4113706,119044.5,NM,6.5,5.33,314.131,29511.664,1476,New Mexico
9/30/2024,4.3,848.5968356,119044.5,NM,6.18,5.13,314.851,29511.664,1434,New Mexico
10/31/2024,4.4,649.4351194,119044.5,NM,6.428,4.83,315.564,29825.182,1428,New Mexico
11/30/2024,4.4,850.0534151,119044.5,NM,6.805,4.64,316.449,29825.182,1508,New Mexico
12/31/2024,4.3,733.8138875,119044.5,NM,6.715,4.48,317.603,29825.182,1480,New Mexico
1/31/2025,4.4,621.6796544,119044.5,NM,6.958,4.33,319.086,30042.113,1460,New Mexico
2/28/2025,4.4,585.2064062,119044.5,NM,6.8425,4.33,319.775,30042.113,1454,New Mexico
3/31/2025,4.3,724.6527463,119044.5,NM,6.65,4.33,319.615,30042.113,1481,New Mexico
4/30/2025,4.3,637.4747865,119044.5,NM,6.725,4.33,320.321,30485.729,1422,New Mexico
5/31/2025,4.2,648.5181514,119044.5,NM,6.816,4.33,320.58,30485.729,1394,New Mexico
6/30/2025,4.2,728.1939393,119044.5,NM,6.8175,4.33,321.5,30485.729,1393,New Mexico
7/31/2025,4.2,584.0845783,119044.5,NM,6.72,4.33,322.132,30485.729,1362,New Mexico
8/31/2025,4.1,528.5610311,119044.5,NM,6.5875,4.33,323.364,30485.729,1330,New Mexico
9/30/2025,4.4,1258.406926,119044.5,NM,6.3525,4.22,323.364,30485.729,1330,New Mexico
1/31/2012,8.6,1715.057125,1496280.1,NY,3.915,0.08,227.842,16068.805,712,New York
2/29/2012,8.7,2261.421595,1496280.1,NY,3.89,0.1,228.329,16068.805,738,New York
3/31/2012,8.7,2070.646071,1496280.1,NY,3.954,0.13,228.807,16068.805,806,New York
4/30/2012,8.8,2299.357462,1496280.1,NY,3.91,0.14,229.187,16207.115,732,New York
5/31/2012,8.8,2222.374343,1496280.1,NY,3.798,0.16,228.713,16207.115,796,New York
6/30/2012,8.8,1325.266784,1496280.1,NY,3.675,0.16,228.524,16207.115,794,New York
7/31/2012,8.8,2229.869109,1496280.1,NY,3.55,0.16,228.59,16319.541,849,New York
8/31/2012,8.7,2146.179531,1496280.1,NY,3.602,0.13,229.918,16319.541,840,New York
9/30/2012,8.6,2243.642976,1496280.1,NY,3.4975,0.14,231.015,16319.541,930,New York
10/31/2012,8.5,2512.190867,1496280.1,NY,3.3825,0.16,231.638,16420.419,887,New York
11/30/2012,8.4,1870.088784,1496280.1,NY,3.352,0.16,231.249,16420.419,917,New York
12/31/2012,8.4,2000.21326,1496280.1,NY,3.345,0.16,231.221,16420.419,941,New York
1/31/2013,8.3,2513.443647,1501818,NY,3.414,0.14,231.679,16648.189,940,New York
2/28/2013,8.2,2154.105953,1501818,NY,3.5325,0.15,232.937,16648.189,980,New York
3/31/2013,8.1,2078.41183,1501818,NY,3.565,0.14,232.282,16648.189,936,New York
4/30/2013,8,2473.238992,1501818,NY,3.445,0.15,231.797,16728.687,1012,New York
5/31/2013,8,2398.547287,1501818,NY,3.536,0.11,231.893,16728.687,1003,New York
6/30/2013,7.9,2610.58363,1501818,NY,4.07,0.09,232.445,16728.687,942,New York
7/31/2013,7.9,2574.214313,1501818,NY,4.37,0.09,232.9,16953.838,997,New York
8/31/2013,7.8,3635.661651,1501818,NY,4.456,0.08,233.456,16953.838,964,New York
9/30/2013,7.7,2673.107962,1501818,NY,4.49,0.08,233.544,16953.838,1004,New York
10/31/2013,7.5,2994.386072,1501818,NY,4.192,0.09,233.669,17192.019,1044,New York
11/30/2013,7.3,2826.68454,1501818,NY,4.255,0.08,234.1,17192.019,1029,New York
12/31/2013,7.1,3806.610391,1501818,NY,4.4575,0.09,234.719,17192.019,1005,New York
1/31/2014,7,1377.52868,1535375.9,NY,4.432,0.07,235.288,17197.738,976,New York
2/28/2014,6.8,3216.06855,1535375.9,NY,4.3025,0.07,235.547,17197.738,1039,New York
3/31/2014,6.7,5875.696213,1535375.9,NY,4.3425,0.08,236.028,17197.738,1067,New York
4/30/2014,6.6,3031.272255,1535375.9,NY,4.3375,0.09,236.468,17518.508,1090,New York
5/31/2014,6.4,3187.459321,1535375.9,NY,4.192,0.09,236.918,17518.508,1018,New York
6/30/2014,6.3,1892.944911,1535375.9,NY,4.1625,0.1,237.231,17518.508,1010,New York
7/31/2014,6.2,3275.994619,1535375.9,NY,4.13,0.09,237.498,17804.228,1076,New York
8/31/2014,6.1,2646.861781,1535375.9,NY,4.115,0.09,237.46,17804.228,1047,New York
9/30/2014,6,3775.457765,1535375.9,NY,4.1625,0.09,237.477,17804.228,1077,New York
10/31/2014,5.9,2335.703813,1535375.9,NY,4.036,0.09,237.43,17912.079,1094,New York
11/30/2014,5.8,3021.350874,1535375.9,NY,3.9975,0.09,236.983,17912.079,1059,New York
12/31/2014,5.7,2706.686891,1535375.9,NY,3.864,0.12,236.252,17912.079,1072,New York
1/31/2015,5.7,2678.188588,1565835.2,NY,3.67,0.11,234.747,18063.529,1049,New York
2/28/2015,5.6,2531.282904,1565835.2,NY,3.71,0.11,235.342,18063.529,1127,New York
3/31/2015,5.6,5733.984427,1565835.2,NY,3.77,0.11,235.976,18063.529,1072,New York
4/30/2015,5.5,6984.985046,1565835.2,NY,3.672,0.12,236.222,18279.784,1166,New York
5/31/2015,5.4,15576.39942,1565835.2,NY,3.84,0.12,237.001,18279.784,1272,New York
6/30/2015,5.3,14800.70864,1565835.2,NY,3.9825,0.13,237.657,18279.784,1379,New York
7/31/2015,5.1,3315.777393,1565835.2,NY,4.046,0.13,238.034,18401.626,1140,New York
8/31/2015,5,2634.251318,1565835.2,NY,3.905,0.14,238.033,18401.626,1165,New York
9/30/2015,4.9,2403.149046,1565835.2,NY,3.89,0.14,237.498,18401.626,1144,New York
10/31/2015,4.9,3308.602991,1565835.2,NY,3.796,0.12,237.733,18435.137,1160,New York
11/30/2015,4.8,3328.537718,1565835.2,NY,3.9425,0.12,238.017,18435.137,1244,New York
12/31/2015,4.8,8346.358806,1565835.2,NY,3.964,0.24,237.761,18435.137,1211,New York
1/31/2016,4.8,1198.492296,1590567.8,NY,3.8725,0.34,237.652,18525.933,1171,New York
2/29/2016,4.8,2684.542064,1590567.8,NY,3.66,0.38,237.336,18525.933,1172,New York
3/31/2016,4.8,2134.167252,1590567.8,NY,3.694,0.36,238.08,18525.933,1118,New York
4/30/2016,4.8,1926.491997,1590567.8,NY,3.605,0.37,238.992,18711.702,1160,New York
5/31/2016,4.8,2799.743867,1590567.8,NY,3.6,0.37,239.557,18711.702,1205,New York
6/30/2016,4.9,3506.936413,1590567.8,NY,3.568,0.38,240.222,18711.702,1208,New York
7/31/2016,4.9,2576.063656,1590567.8,NY,3.44,0.39,240.101,18892.639,1198,New York
8/31/2016,5,3158.633239,1590567.8,NY,3.435,0.4,240.545,18892.639,1201,New York
9/30/2016,5,4326.790186,1590567.8,NY,3.46,0.4,241.176,18892.639,1303,New York
10/31/2016,5,2799.668252,1590567.8,NY,3.47,0.4,241.741,19089.379,1254,New York
11/30/2016,4.9,2756.004461,1590567.8,NY,3.77,0.41,242.026,19089.379,1230,New York
12/31/2016,4.8,2980.168905,1590567.8,NY,4.198,0.54,242.637,19089.379,1248,New York
1/31/2017,4.7,4876.111779,1624800.7,NY,4.15,0.65,243.618,19280.084,1303,New York
2/28/2017,4.6,2557.916607,1624800.7,NY,4.1675,0.66,244.006,19280.084,1234,New York
3/31/2017,4.6,3618.124904,1624800.7,NY,4.196,0.79,243.892,19280.084,1272,New York
4/30/2017,4.6,4019.18759,1624800.7,NY,4.045,0.9,244.193,19438.643,1251,New York
5/31/2017,4.6,3071.478396,1624800.7,NY,4.01,0.91,244.004,19438.643,1208,New York
6/30/2017,4.6,2627.459711,1624800.7,NY,3.904,1.04,244.163,19438.643,1353,New York
7/31/2017,4.7,2625.110366,1624800.7,NY,3.9675,1.15,244.243,19692.595,1256,New York
8/31/2017,4.7,3280.956104,1624800.7,NY,3.88,1.16,245.183,19692.595,1319,New York
9/30/2017,4.7,3731.109122,1624800.7,NY,3.805,1.15,246.435,19692.595,1273,New York
10/31/2017,4.7,3266.954274,1624800.7,NY,3.895,1.15,246.626,20037.088,1356,New York
11/30/2017,4.6,2461.825612,1624800.7,NY,3.922,1.16,247.284,20037.088,1299,New York
12/31/2017,4.6,3731.565244,1624800.7,NY,3.95,1.3,247.805,20037.088,1311,New York
1/31/2018,4.5,2382.599813,1665186.8,NY,4.0325,1.41,248.859,20328.553,1317,New York
2/28/2018,4.4,3273.637517,1665186.8,NY,4.33,1.42,249.529,20328.553,1321,New York
3/31/2018,4.3,4170.444976,1665186.8,NY,4.444,1.51,249.577,20328.553,1385,New York
4/30/2018,4.2,2220.088336,1665186.8,NY,4.4675,1.69,250.227,20580.912,1378,New York
5/31/2018,4.1,5349.984212,1665186.8,NY,4.586,1.7,250.792,20580.912,1338,New York
6/30/2018,4,2782.670109,1665186.8,NY,4.57,1.82,251.018,20580.912,1345,New York
7/31/2018,3.9,3709.28082,1665186.8,NY,4.5275,1.91,251.214,20798.73,1334,New York
8/31/2018,3.9,2745.602467,1665186.8,NY,4.55,1.91,251.663,20798.73,1273,New York
9/30/2018,3.9,2322.435747,1665186.8,NY,4.6275,1.95,252.182,20798.73,1314,New York
10/31/2018,4,2831.751013,1665186.8,NY,4.83,2.19,252.772,20917.867,1272,New York
11/30/2018,4,3289.427663,1665186.8,NY,4.866,2.2,252.594,20917.867,1340,New York
12/31/2018,4,2842.668022,1665186.8,NY,4.6375,2.27,252.767,20917.867,1317,New York
1/31/2019,4,3914.883347,1704364.3,NY,4.464,2.4,252.561,21111.6,1254,New York
2/28/2019,3.9,4019.358268,1704364.3,NY,4.37,2.4,253.319,21111.6,1286,New York
3/31/2019,3.9,2949.091332,1704364.3,NY,4.265,2.41,254.277,21111.6,1295,New York
4/30/2019,3.8,3740.711809,1704364.3,NY,4.1425,2.42,255.233,21397.938,1322,New York
5/31/2019,3.8,2919.195904,1704364.3,NY,4.072,2.39,255.296,21397.938,1347,New York
6/30/2019,3.8,3112.57753,1704364.3,NY,3.8025,2.38,255.213,21397.938,1299,New York
7/31/2019,3.8,3371.922659,1704364.3,NY,3.765,2.4,255.802,21717.171,1379,New York
8/31/2019,3.9,3488.61379,1704364.3,NY,3.616,2.13,256.036,21717.171,1482,New York
9/30/2019,3.9,3314.186569,1704364.3,NY,3.605,2.04,256.43,21717.171,1469,New York
10/31/2019,3.9,4159.525123,1704364.3,NY,3.688,1.83,257.155,21933.217,1523,New York
11/30/2019,4,4818.009865,1704364.3,NY,3.695,1.55,257.879,21933.217,1535,New York
12/31/2019,4,4049.683348,1704364.3,NY,3.72,1.55,258.63,21933.217,1443,New York
1/31/2020,4.1,4735.056511,1667234.8,NY,3.624,1.55,259.127,21751.238,1495,New York
2/29/2020,4.2,2856.760695,1667234.8,NY,3.465,1.58,259.25,21751.238,1455,New York
3/31/2020,4.2,2175.392562,1667234.8,NY,3.45,0.65,258.076,21751.238,1346,New York
4/30/2020,15.7,1089.885581,1667234.8,NY,3.306,0.05,256.032,19958.291,1076,New York
5/31/2020,16.7,2766.148202,1667234.8,NY,3.2325,0.05,255.802,19958.291,1250,New York
6/30/2020,13.6,3198.68136,1667234.8,NY,3.1625,0.08,257.042,19958.291,1334,New York
7/31/2020,12.6,3532.648427,1667234.8,NY,3.016,0.09,258.352,21704.437,1546,New York
8/31/2020,10.8,2679.993292,1667234.8,NY,2.935,0.1,259.316,21704.437,1533,New York
9/30/2020,10.2,4879.84379,1667234.8,NY,2.89,0.09,259.997,21704.437,1636,New York
10/31/2020,9.2,3499.99382,1667234.8,NY,2.834,0.09,260.319,22087.16,1613,New York
11/30/2020,8.9,3312.663269,1667234.8,NY,2.765,0.09,260.911,22087.16,1703,New York
12/31/2020,8.7,3664.594083,1667234.8,NY,2.684,0.09,262.045,22087.16,1752,New York
1/31/2021,8.6,3814.796774,1750551.2,NY,2.735,0.09,262.639,22680.693,1855,New York
2/28/2021,8.4,3832.735009,1750551.2,NY,2.81,0.08,263.573,22680.693,1711,New York
3/31/2021,8.1,3077.616168,1750551.2,NY,3.0825,0.07,264.847,22680.693,1756,New York
4/30/2021,7.9,3086.642299,1750551.2,NY,3.06,0.07,266.625,23425.91,1721,New York
5/31/2021,7.5,3870.846672,1750551.2,NY,2.9625,0.06,268.404,23425.91,1703,New York
6/30/2021,7.5,3635.261341,1750551.2,NY,2.975,0.08,270.71,23425.91,1654,New York
7/31/2021,7.1,2811.120295,1750551.2,NY,2.868,0.1,271.965,23982.379,1658,New York
8/31/2021,6.8,3979.073309,1750551.2,NY,2.8425,0.09,272.752,23982.379,1736,New York
9/30/2021,6.2,3279.848045,1750551.2,NY,2.9,0.08,273.942,23982.379,1640,New York
10/31/2021,5.9,3249.266895,1750551.2,NY,3.0675,0.08,276.528,24813.6,1707,New York
11/30/2021,5.6,4153.300847,1750551.2,NY,3.0675,0.08,278.824,24813.6,1765,New York
12/31/2021,5.4,3410.650234,1750551.2,NY,3.098,0.08,280.806,24813.6,1919,New York
1/31/2022,5.2,3052.454825,1781554.1,NY,3.445,0.08,282.542,25250.347,1920,New York
2/28/2022,4.8,3852.116704,1781554.1,NY,3.7625,0.08,284.525,25250.347,1857,New York
3/31/2022,4.6,6501.575192,1781554.1,NY,4.172,0.2,287.467,25250.347,1868,New York
4/30/2022,4.5,3718.014593,1781554.1,NY,4.9825,0.33,288.582,25861.292,1859,New York
5/31/2022,4.3,3434.879624,1781554.1,NY,5.23,0.77,291.299,25861.292,1704,New York
6/30/2022,4.2,4382.217374,1781554.1,NY,5.522,1.21,295.072,25861.292,1737,New York
7/31/2022,4,3511.396525,1781554.1,NY,5.4125,1.68,294.94,26336.304,1703,New York
8/31/2022,3.8,3397.161747,1781554.1,NY,5.2225,2.33,295.162,26336.304,1557,New York
9/30/2022,3.9,3274.906968,1781554.1,NY,6.112,2.56,296.421,26336.304,1600,New York
10/31/2022,4,2380.150734,1781554.1,NY,6.9,3.08,297.979,26770.514,1594,New York
11/30/2022,4.1,2064.883913,1781554.1,NY,6.805,3.78,298.708,26770.514,1401,New York
12/31/2022,4.1,2464.813239,1781554.1,NY,6.364,4.1,298.808,26770.514,1410,New York
1/31/2023,4,1320.266871,1793384.5,NY,6.2725,4.33,300.456,27216.445,1410,New York
2/28/2023,4,2467.738756,1793384.5,NY,6.2575,4.57,301.476,27216.445,1618,New York
3/31/2023,4,4065.980847,1793384.5,NY,6.544,4.65,301.643,27216.445,1480,New York
4/30/2023,3.9,1992.698218,1793384.5,NY,6.3425,4.83,302.858,27530.055,1474,New York
5/31/2023,3.9,2584.221777,1793384.5,NY,6.425,5.06,303.316,27530.055,1575,New York
6/30/2023,3.9,1910.80028,1793384.5,NY,6.714,5.08,304.099,27530.055,1464,New York
7/31/2023,4,1769.281698,1793384.5,NY,6.84,5.12,304.615,28074.846,1522,New York
8/31/2023,4.1,2293.486415,1793384.5,NY,7.072,5.33,306.138,28074.846,1561,New York
9/30/2023,4.1,1518.935349,1793384.5,NY,7.2,5.33,307.374,28074.846,1537,New York
10/31/2023,4.2,2135.63054,1793384.5,NY,7.62,5.33,307.653,28424.722,1528,New York
11/30/2023,4.2,1532.367792,1793384.5,NY,7.442,5.33,308.087,28424.722,1503,New York
12/31/2023,4.2,1378.466315,1793384.5,NY,6.815,5.33,308.735,28424.722,1519,New York
1/31/2024,4.2,3566.092484,1840059.3,NY,6.6425,5.33,309.794,28708.161,1545,New York
2/29/2024,4.1,8276.221437,1840059.3,NY,6.776,5.33,311.022,28708.161,1577,New York
3/31/2024,4.2,4135.598738,1840059.3,NY,6.82,5.33,312.107,28708.161,1476,New York
4/30/2024,4.2,3959.092807,1840059.3,NY,6.9925,5.33,313.016,29147.044,1459,New York
5/31/2024,4.3,2670.76113,1840059.3,NY,7.06,5.33,313.14,29147.044,1407,New York
6/30/2024,4.3,2966.334125,1840059.3,NY,6.9175,5.33,313.131,29147.044,1461,New York
7/31/2024,4.4,3796.983038,1840059.3,NY,6.8475,5.33,313.566,29511.664,1436,New York
8/31/2024,4.4,2716.111162,1840059.3,NY,6.5,5.33,314.131,29511.664,1476,New York
9/30/2024,4.4,3409.527002,1840059.3,NY,6.18,5.13,314.851,29511.664,1434,New York
10/31/2024,4.4,3068.154944,1840059.3,NY,6.428,4.83,315.564,29825.182,1428,New York
11/30/2024,4.4,3544.634839,1840059.3,NY,6.805,4.64,316.449,29825.182,1508,New York
12/31/2024,4.4,4927.573331,1840059.3,NY,6.715,4.48,317.603,29825.182,1480,New York
1/31/2025,4.4,3099.56364,1840059.3,NY,6.958,4.33,319.086,30042.113,1460,New York
2/28/2025,4.3,1775.500089,1840059.3,NY,6.8425,4.33,319.775,30042.113,1454,New York
3/31/2025,4.2,2111.146126,1840059.3,NY,6.65,4.33,319.615,30042.113,1481,New York
4/30/2025,4.2,2690.567091,1840059.3,NY,6.725,4.33,320.321,30485.729,1422,New York
5/31/2025,4,2972.633316,1840059.3,NY,6.816,4.33,320.58,30485.729,1394,New York
6/30/2025,4,2464.65006,1840059.3,NY,6.8175,4.33,321.5,30485.729,1393,New York
7/31/2025,4,2581.731971,1840059.3,NY,6.72,4.33,322.132,30485.729,1362,New York
8/31/2025,4,2492.807273,1840059.3,NY,6.5875,4.33,323.364,30485.729,1330,New York
9/30/2025,4.4,1258.406926,1840059.3,NY,6.3525,4.22,323.364,30485.729,1330,New York
1/31/2012,9.8,4500.096203,488126.5,NC,3.915,0.08,227.842,16068.805,712,North Carolina
2/29/2012,9.7,3588.329925,488126.5,NC,3.89,0.1,228.329,16068.805,738,North Carolina
3/31/2012,9.6,3511.826797,488126.5,NC,3.954,0.13,228.807,16068.805,806,North Carolina
4/30/2012,9.5,2765.404529,488126.5,NC,3.91,0.14,229.187,16207.115,732,North Carolina
5/31/2012,9.6,4772.58753,488126.5,NC,3.798,0.16,228.713,16207.115,796,North Carolina
6/30/2012,9.6,3686.891236,488126.5,NC,3.675,0.16,228.524,16207.115,794,North Carolina
7/31/2012,9.7,4295.207329,488126.5,NC,3.55,0.16,228.59,16319.541,849,North Carolina
8/31/2012,9.6,3635.964633,488126.5,NC,3.602,0.13,229.918,16319.541,840,North Carolina
9/30/2012,9.5,3180.7486,488126.5,NC,3.4975,0.14,231.015,16319.541,930,North Carolina
10/31/2012,9.5,4861.141763,488126.5,NC,3.3825,0.16,231.638,16420.419,887,North Carolina
11/30/2012,9.5,4658.62035,488126.5,NC,3.352,0.16,231.249,16420.419,917,North Carolina
12/31/2012,9.6,3918.865635,488126.5,NC,3.345,0.16,231.221,16420.419,941,North Carolina
1/31/2013,9.7,4434.647384,497456.6,NC,3.414,0.14,231.679,16648.189,940,North Carolina
2/28/2013,9.2,3829.497964,497456.6,NC,3.5325,0.15,232.937,16648.189,980,North Carolina
3/31/2013,8.9,3739.925229,497456.6,NC,3.565,0.14,232.282,16648.189,936,North Carolina
4/30/2013,8.5,4333.146337,497456.6,NC,3.445,0.15,231.797,16728.687,1012,North Carolina
5/31/2013,8.2,4371.906681,497456.6,NC,3.536,0.11,231.893,16728.687,1003,North Carolina
6/30/2013,7.9,4191.69963,497456.6,NC,4.07,0.09,232.445,16728.687,942,North Carolina
7/31/2013,7.5,3400.931107,497456.6,NC,4.37,0.09,232.9,16953.838,997,North Carolina
8/31/2013,7.3,4046.443839,497456.6,NC,4.456,0.08,233.456,16953.838,964,North Carolina
9/30/2013,6.6,4026.50537,497456.6,NC,4.49,0.08,233.544,16953.838,1004,North Carolina
10/31/2013,6.6,4431.672166,497456.6,NC,4.192,0.09,233.669,17192.019,1044,North Carolina
11/30/2013,6.5,3944.63325,497456.6,NC,4.255,0.08,234.1,17192.019,1029,North Carolina
12/31/2013,6.4,4439.323498,497456.6,NC,4.4575,0.09,234.719,17192.019,1005,North Carolina
1/31/2014,6.4,4077.678059,509782.4,NC,4.432,0.07,235.288,17197.738,976,North Carolina
2/28/2014,6.3,3799.905936,509782.4,NC,4.3025,0.07,235.547,17197.738,1039,North Carolina
3/31/2014,6.3,4150.929714,509782.4,NC,4.3425,0.08,236.028,17197.738,1067,North Carolina
4/30/2014,6.3,4085.669738,509782.4,NC,4.3375,0.09,236.468,17518.508,1090,North Carolina
5/31/2014,6.2,3837.287709,509782.4,NC,4.192,0.09,236.918,17518.508,1018,North Carolina
6/30/2014,6.2,3637.657647,509782.4,NC,4.1625,0.1,237.231,17518.508,1010,North Carolina
7/31/2014,6.1,4143.11552,509782.4,NC,4.13,0.09,237.498,17804.228,1076,North Carolina
8/31/2014,6.1,4592.986964,509782.4,NC,4.115,0.09,237.46,17804.228,1047,North Carolina
9/30/2014,6,4775.968989,509782.4,NC,4.1625,0.09,237.477,17804.228,1077,North Carolina
10/31/2014,5.9,4323.383502,509782.4,NC,4.036,0.09,237.43,17912.079,1094,North Carolina
11/30/2014,5.8,4200.956541,509782.4,NC,3.9975,0.09,236.983,17912.079,1059,North Carolina
12/31/2014,5.8,4677.35619,509782.4,NC,3.864,0.12,236.252,17912.079,1072,North Carolina
1/31/2015,5.7,4276.209435,525229.1,NC,3.67,0.11,234.747,18063.529,1049,North Carolina
2/28/2015,5.7,4520.946647,525229.1,NC,3.71,0.11,235.342,18063.529,1127,North Carolina
3/31/2015,5.8,4009.904338,525229.1,NC,3.77,0.11,235.976,18063.529,1072,North Carolina
4/30/2015,5.8,4254.162373,525229.1,NC,3.672,0.12,236.222,18279.784,1166,North Carolina
5/31/2015,5.8,4591.570127,525229.1,NC,3.84,0.12,237.001,18279.784,1272,North Carolina
6/30/2015,5.8,4543.389863,525229.1,NC,3.9825,0.13,237.657,18279.784,1379,North Carolina
7/31/2015,5.7,4277.320872,525229.1,NC,4.046,0.13,238.034,18401.626,1140,North Carolina
8/31/2015,5.7,3840.36285,525229.1,NC,3.905,0.14,238.033,18401.626,1165,North Carolina
9/30/2015,5.6,4046.741532,525229.1,NC,3.89,0.14,237.498,18401.626,1144,North Carolina
10/31/2015,5.5,4489.592587,525229.1,NC,3.796,0.12,237.733,18435.137,1160,North Carolina
11/30/2015,5.4,3982.799652,525229.1,NC,3.9425,0.12,238.017,18435.137,1244,North Carolina
12/31/2015,5.4,4907.698272,525229.1,NC,3.964,0.24,237.761,18435.137,1211,North Carolina
1/31/2016,5.3,3715.223425,536308.5,NC,3.8725,0.34,237.652,18525.933,1171,North Carolina
2/29/2016,5.2,4121.858741,536308.5,NC,3.66,0.38,237.336,18525.933,1172,North Carolina
3/31/2016,5.2,4631.16764,536308.5,NC,3.694,0.36,238.08,18525.933,1118,North Carolina
4/30/2016,5.1,4693.784886,536308.5,NC,3.605,0.37,238.992,18711.702,1160,North Carolina
5/31/2016,5,4501.907299,536308.5,NC,3.6,0.37,239.557,18711.702,1205,North Carolina
6/30/2016,5,5046.285688,536308.5,NC,3.568,0.38,240.222,18711.702,1208,North Carolina
7/31/2016,5,5247.42892,536308.5,NC,3.44,0.39,240.101,18892.639,1198,North Carolina
8/31/2016,5.1,4799.451664,536308.5,NC,3.435,0.4,240.545,18892.639,1201,North Carolina
9/30/2016,5.1,5391.588007,536308.5,NC,3.46,0.4,241.176,18892.639,1303,North Carolina
10/31/2016,5.1,4644.964189,536308.5,NC,3.47,0.4,241.741,19089.379,1254,North Carolina
11/30/2016,5.1,4932.080846,536308.5,NC,3.77,0.41,242.026,19089.379,1230,North Carolina
12/31/2016,5,4483.450396,536308.5,NC,4.198,0.54,242.637,19089.379,1248,North Carolina
1/31/2017,4.9,4982.734873,546810.1,NC,4.15,0.65,243.618,19280.084,1303,North Carolina
2/28/2017,4.8,5065.753848,546810.1,NC,4.1675,0.66,244.006,19280.084,1234,North Carolina
3/31/2017,4.7,6493.755333,546810.1,NC,4.196,0.79,243.892,19280.084,1272,North Carolina
4/30/2017,4.6,3590.213897,546810.1,NC,4.045,0.9,244.193,19438.643,1251,North Carolina
5/31/2017,4.5,4984.98415,546810.1,NC,4.01,0.91,244.004,19438.643,1208,North Carolina
6/30/2017,4.5,5179.353802,546810.1,NC,3.904,1.04,244.163,19438.643,1353,North Carolina
7/31/2017,4.5,5607.79659,546810.1,NC,3.9675,1.15,244.243,19692.595,1256,North Carolina
8/31/2017,4.5,6112.969032,546810.1,NC,3.88,1.16,245.183,19692.595,1319,North Carolina
9/30/2017,4.5,5439.710276,546810.1,NC,3.805,1.15,246.435,19692.595,1273,North Carolina
10/31/2017,4.4,5827.734672,546810.1,NC,3.895,1.15,246.626,20037.088,1356,North Carolina
11/30/2017,4.4,6194.558063,546810.1,NC,3.922,1.16,247.284,20037.088,1299,North Carolina
12/31/2017,4.3,5548.4807,546810.1,NC,3.95,1.3,247.805,20037.088,1311,North Carolina
1/31/2018,4.2,6797.337953,556573.7,NC,4.0325,1.41,248.859,20328.553,1317,North Carolina
2/28/2018,4.2,6365.865492,556573.7,NC,4.33,1.42,249.529,20328.553,1321,North Carolina
3/31/2018,4.1,5279.681415,556573.7,NC,4.444,1.51,249.577,20328.553,1385,North Carolina
4/30/2018,4,6132.083678,556573.7,NC,4.4675,1.69,250.227,20580.912,1378,North Carolina
5/31/2018,3.9,6374.233439,556573.7,NC,4.586,1.7,250.792,20580.912,1338,North Carolina
6/30/2018,3.9,5192.803729,556573.7,NC,4.57,1.82,251.018,20580.912,1345,North Carolina
7/31/2018,3.9,5579.139033,556573.7,NC,4.5275,1.91,251.214,20798.73,1334,North Carolina
8/31/2018,3.9,6718.753305,556573.7,NC,4.55,1.91,251.663,20798.73,1273,North Carolina
9/30/2018,4,4705.73148,556573.7,NC,4.6275,1.95,252.182,20798.73,1314,North Carolina
10/31/2018,4,4981.325923,556573.7,NC,4.83,2.19,252.772,20917.867,1272,North Carolina
11/30/2018,4,4921.644526,556573.7,NC,4.866,2.2,252.594,20917.867,1340,North Carolina
12/31/2018,4,6510.641142,556573.7,NC,4.6375,2.27,252.767,20917.867,1317,North Carolina
1/31/2019,4,4747.572869,567975,NC,4.464,2.4,252.561,21111.6,1254,North Carolina
2/28/2019,4,5021.199712,567975,NC,4.37,2.4,253.319,21111.6,1286,North Carolina
3/31/2019,3.9,4725.497939,567975,NC,4.265,2.41,254.277,21111.6,1295,North Carolina
4/30/2019,3.9,5337.701276,567975,NC,4.1425,2.42,255.233,21397.938,1322,North Carolina
5/31/2019,3.8,7504.507117,567975,NC,4.072,2.39,255.296,21397.938,1347,North Carolina
6/30/2019,3.9,5789.262728,567975,NC,3.8025,2.38,255.213,21397.938,1299,North Carolina
7/31/2019,3.9,5500.831548,567975,NC,3.765,2.4,255.802,21717.171,1379,North Carolina
8/31/2019,3.9,5563.716642,567975,NC,3.616,2.13,256.036,21717.171,1482,North Carolina
9/30/2019,3.9,6060.097425,567975,NC,3.605,2.04,256.43,21717.171,1469,North Carolina
10/31/2019,3.8,6353.256136,567975,NC,3.688,1.83,257.155,21933.217,1523,North Carolina
11/30/2019,3.8,5545.8009,567975,NC,3.695,1.55,257.879,21933.217,1535,North Carolina
12/31/2019,3.7,6175.604641,567975,NC,3.72,1.55,258.63,21933.217,1443,North Carolina
1/31/2020,3.8,6049.038997,564278.8,NC,3.624,1.55,259.127,21751.238,1495,North Carolina
2/29/2020,3.8,5493.648099,564278.8,NC,3.465,1.58,259.25,21751.238,1455,North Carolina
3/31/2020,4,6139.75092,564278.8,NC,3.45,0.65,258.076,21751.238,1346,North Carolina
4/30/2020,14.2,4583.544885,564278.8,NC,3.306,0.05,256.032,19958.291,1076,North Carolina
5/31/2020,11.6,4995.509282,564278.8,NC,3.2325,0.05,255.802,19958.291,1250,North Carolina
6/30/2020,9.8,6751.993856,564278.8,NC,3.1625,0.08,257.042,19958.291,1334,North Carolina
7/31/2020,8.7,6162.967263,564278.8,NC,3.016,0.09,258.352,21704.437,1546,North Carolina
8/31/2020,7.4,6238.239653,564278.8,NC,2.935,0.1,259.316,21704.437,1533,North Carolina
9/30/2020,6.8,6299.387591,564278.8,NC,2.89,0.09,259.997,21704.437,1636,North Carolina
10/31/2020,6.1,6375.738778,564278.8,NC,2.834,0.09,260.319,22087.16,1613,North Carolina
11/30/2020,5.9,7488.683059,564278.8,NC,2.765,0.09,260.911,22087.16,1703,North Carolina
12/31/2020,5.8,7182.6095,564278.8,NC,2.684,0.09,262.045,22087.16,1752,North Carolina
1/31/2021,5.7,6531.560299,599293.8,NC,2.735,0.09,262.639,22680.693,1855,North Carolina
2/28/2021,5.6,7581.04094,599293.8,NC,2.81,0.08,263.573,22680.693,1711,North Carolina
3/31/2021,5.5,8032.898744,599293.8,NC,3.0825,0.07,264.847,22680.693,1756,North Carolina
4/30/2021,5.3,7649.479255,599293.8,NC,3.06,0.07,266.625,23425.91,1721,North Carolina
5/31/2021,5.2,6414.603782,599293.8,NC,2.9625,0.06,268.404,23425.91,1703,North Carolina
6/30/2021,5.1,8077.444755,599293.8,NC,2.975,0.08,270.71,23425.91,1654,North Carolina
7/31/2021,4.9,7870.3774,599293.8,NC,2.868,0.1,271.965,23982.379,1658,North Carolina
8/31/2021,4.7,7813.509305,599293.8,NC,2.8425,0.09,272.752,23982.379,1736,North Carolina
9/30/2021,4.5,8128.470129,599293.8,NC,2.9,0.08,273.942,23982.379,1640,North Carolina
10/31/2021,4.3,8078.337857,599293.8,NC,3.0675,0.08,276.528,24813.6,1707,North Carolina
11/30/2021,4.1,8087.550114,599293.8,NC,3.0675,0.08,278.824,24813.6,1765,North Carolina
12/31/2021,3.8,7669.797933,599293.8,NC,3.098,0.08,280.806,24813.6,1919,North Carolina
1/31/2022,3.7,8544.505927,620666.5,NC,3.445,0.08,282.542,25250.347,1920,North Carolina
2/28/2022,3.6,8047.906841,620666.5,NC,3.7625,0.08,284.525,25250.347,1857,North Carolina
3/31/2022,3.5,7429.75474,620666.5,NC,4.172,0.2,287.467,25250.347,1868,North Carolina
4/30/2022,3.6,8590.342904,620666.5,NC,4.9825,0.33,288.582,25861.292,1859,North Carolina
5/31/2022,3.6,8114.583024,620666.5,NC,5.23,0.77,291.299,25861.292,1704,North Carolina
6/30/2022,3.7,6881.079424,620666.5,NC,5.522,1.21,295.072,25861.292,1737,North Carolina
7/31/2022,3.7,6857.172959,620666.5,NC,5.4125,1.68,294.94,26336.304,1703,North Carolina
8/31/2022,3.8,7563.367695,620666.5,NC,5.2225,2.33,295.162,26336.304,1557,North Carolina
9/30/2022,3.8,7213.480064,620666.5,NC,6.112,2.56,296.421,26336.304,1600,North Carolina
10/31/2022,3.8,6860.082104,620666.5,NC,6.9,3.08,297.979,26770.514,1594,North Carolina
11/30/2022,3.7,7821.547763,620666.5,NC,6.805,3.78,298.708,26770.514,1401,North Carolina
12/31/2022,3.6,6226.261656,620666.5,NC,6.364,4.1,298.808,26770.514,1410,North Carolina
1/31/2023,3.5,7509.778528,643045.8,NC,6.2725,4.33,300.456,27216.445,1410,North Carolina
2/28/2023,3.5,7838.097371,643045.8,NC,6.2575,4.57,301.476,27216.445,1618,North Carolina
3/31/2023,3.4,7854.973215,643045.8,NC,6.544,4.65,301.643,27216.445,1480,North Carolina
4/30/2023,3.4,7491.85123,643045.8,NC,6.3425,4.83,302.858,27530.055,1474,North Carolina
5/31/2023,3.4,8561.209965,643045.8,NC,6.425,5.06,303.316,27530.055,1575,North Carolina
6/30/2023,3.4,7639.853141,643045.8,NC,6.714,5.08,304.099,27530.055,1464,North Carolina
7/31/2023,3.5,7404.447426,643045.8,NC,6.84,5.12,304.615,28074.846,1522,North Carolina
8/31/2023,3.5,6789.340454,643045.8,NC,7.072,5.33,306.138,28074.846,1561,North Carolina
9/30/2023,3.5,8612.994968,643045.8,NC,7.2,5.33,307.374,28074.846,1537,North Carolina
10/31/2023,3.6,9302.300492,643045.8,NC,7.62,5.33,307.653,28424.722,1528,North Carolina
11/30/2023,3.6,7436.73935,643045.8,NC,7.442,5.33,308.087,28424.722,1503,North Carolina
12/31/2023,3.6,9206.602169,643045.8,NC,6.815,5.33,308.735,28424.722,1519,North Carolina
1/31/2024,3.5,8041.457569,664131.6,NC,6.6425,5.33,309.794,28708.161,1545,North Carolina
2/29/2024,3.5,7757.594247,664131.6,NC,6.776,5.33,311.022,28708.161,1577,North Carolina
3/31/2024,3.5,7007.455391,664131.6,NC,6.82,5.33,312.107,28708.161,1476,North Carolina
4/30/2024,3.6,8279.30822,664131.6,NC,6.9925,5.33,313.016,29147.044,1459,North Carolina
5/31/2024,3.6,7843.171302,664131.6,NC,7.06,5.33,313.14,29147.044,1407,North Carolina
6/30/2024,3.6,8178.766145,664131.6,NC,6.9175,5.33,313.131,29147.044,1461,North Carolina
7/31/2024,3.6,9066.544862,664131.6,NC,6.8475,5.33,313.566,29511.664,1436,North Carolina
8/31/2024,3.7,8942.939927,664131.6,NC,6.5,5.33,314.131,29511.664,1476,North Carolina
9/30/2024,3.7,7168.103612,664131.6,NC,6.18,5.13,314.851,29511.664,1434,North Carolina
10/31/2024,3.7,7230.777475,664131.6,NC,6.428,4.83,315.564,29825.182,1428,North Carolina
11/30/2024,3.7,6959.521028,664131.6,NC,6.805,4.64,316.449,29825.182,1508,North Carolina
12/31/2024,3.7,7221.007083,664131.6,NC,6.715,4.48,317.603,29825.182,1480,North Carolina
1/31/2025,3.7,7317.147883,664131.6,NC,6.958,4.33,319.086,30042.113,1460,North Carolina
2/28/2025,3.7,7512.936448,664131.6,NC,6.8425,4.33,319.775,30042.113,1454,North Carolina
3/31/2025,3.7,8224.019094,664131.6,NC,6.65,4.33,319.615,30042.113,1481,North Carolina
4/30/2025,3.7,6842.775588,664131.6,NC,6.725,4.33,320.321,30485.729,1422,North Carolina
5/31/2025,3.7,6703.015672,664131.6,NC,6.816,4.33,320.58,30485.729,1394,North Carolina
6/30/2025,3.7,7169.748093,664131.6,NC,6.8175,4.33,321.5,30485.729,1393,North Carolina
7/31/2025,3.7,7130.984827,664131.6,NC,6.72,4.33,322.132,30485.729,1362,North Carolina
8/31/2025,3.7,6596.694673,664131.6,NC,6.5875,4.33,323.364,30485.729,1330,North Carolina
9/30/2025,4.4,1258.406926,664131.6,NC,6.3525,4.22,323.364,30485.729,1330,North Carolina
1/31/2012,3,711.7038542,53326.8,ND,3.915,0.08,227.842,16068.805,712,North Dakota
2/29/2012,2.9,514.0177118,53326.8,ND,3.89,0.1,228.329,16068.805,738,North Dakota
3/31/2012,2.9,992.3708907,53326.8,ND,3.954,0.13,228.807,16068.805,806,North Dakota
4/30/2012,2.9,556.6443523,53326.8,ND,3.91,0.14,229.187,16207.115,732,North Dakota
5/31/2012,2.9,406.3672414,53326.8,ND,3.798,0.16,228.713,16207.115,796,North Dakota
6/30/2012,2.9,424.8337868,53326.8,ND,3.675,0.16,228.524,16207.115,794,North Dakota
7/31/2012,2.9,407.240802,53326.8,ND,3.55,0.16,228.59,16319.541,849,North Dakota
8/31/2012,2.9,503.4310151,53326.8,ND,3.602,0.13,229.918,16319.541,840,North Dakota
9/30/2012,3,480.4869075,53326.8,ND,3.4975,0.14,231.015,16319.541,930,North Dakota
10/31/2012,3,623.2480503,53326.8,ND,3.3825,0.16,231.638,16420.419,887,North Dakota
11/30/2012,3,490.9650019,53326.8,ND,3.352,0.16,231.249,16420.419,917,North Dakota
12/31/2012,3,1692.548312,53326.8,ND,3.345,0.16,231.221,16420.419,941,North Dakota
1/31/2013,3,440.7783984,54690.9,ND,3.414,0.14,231.679,16648.189,940,North Dakota
2/28/2013,3,848.7606783,54690.9,ND,3.5325,0.15,232.937,16648.189,980,North Dakota
3/31/2013,3,625.7314524,54690.9,ND,3.565,0.14,232.282,16648.189,936,North Dakota
4/30/2013,2.9,661.7602318,54690.9,ND,3.445,0.15,231.797,16728.687,1012,North Dakota
5/31/2013,2.9,911.0249029,54690.9,ND,3.536,0.11,231.893,16728.687,1003,North Dakota
6/30/2013,2.9,795.4114689,54690.9,ND,4.07,0.09,232.445,16728.687,942,North Dakota
7/31/2013,2.9,725.5274567,54690.9,ND,4.37,0.09,232.9,16953.838,997,North Dakota
8/31/2013,2.9,768.8447093,54690.9,ND,4.456,0.08,233.456,16953.838,964,North Dakota
9/30/2013,2.8,634.6484936,54690.9,ND,4.49,0.08,233.544,16953.838,1004,North Dakota
10/31/2013,2.8,897.1591726,54690.9,ND,4.192,0.09,233.669,17192.019,1044,North Dakota
11/30/2013,2.8,843.8121201,54690.9,ND,4.255,0.08,234.1,17192.019,1029,North Dakota
12/31/2013,2.8,633.8816754,54690.9,ND,4.4575,0.09,234.719,17192.019,1005,North Dakota
1/31/2014,2.7,651.7206028,60193,ND,4.432,0.07,235.288,17197.738,976,North Dakota
2/28/2014,2.7,1137.134329,60193,ND,4.3025,0.07,235.547,17197.738,1039,North Dakota
3/31/2014,2.7,991.7523596,60193,ND,4.3425,0.08,236.028,17197.738,1067,North Dakota
4/30/2014,2.7,1010.404842,60193,ND,4.3375,0.09,236.468,17518.508,1090,North Dakota
5/31/2014,2.6,709.602735,60193,ND,4.192,0.09,236.918,17518.508,1018,North Dakota
6/30/2014,2.6,1287.351647,60193,ND,4.1625,0.1,237.231,17518.508,1010,North Dakota
7/31/2014,2.7,1162.625722,60193,ND,4.13,0.09,237.498,17804.228,1076,North Dakota
8/31/2014,2.7,762.1815214,60193,ND,4.115,0.09,237.46,17804.228,1047,North Dakota
9/30/2014,2.7,946.1490935,60193,ND,4.1625,0.09,237.477,17804.228,1077,North Dakota
10/31/2014,2.7,970.5248496,60193,ND,4.036,0.09,237.43,17912.079,1094,North Dakota
11/30/2014,2.6,686.1810753,60193,ND,3.9975,0.09,236.983,17912.079,1059,North Dakota
12/31/2014,2.6,1284.423369,60193,ND,3.864,0.12,236.252,17912.079,1072,North Dakota
1/31/2015,2.6,690.2420075,58694.5,ND,3.67,0.11,234.747,18063.529,1049,North Dakota
2/28/2015,2.7,384.5965423,58694.5,ND,3.71,0.11,235.342,18063.529,1127,North Dakota
3/31/2015,2.7,689.6554707,58694.5,ND,3.77,0.11,235.976,18063.529,1072,North Dakota
4/30/2015,2.8,521.5791221,58694.5,ND,3.672,0.12,236.222,18279.784,1166,North Dakota
5/31/2015,2.8,709.4615129,58694.5,ND,3.84,0.12,237.001,18279.784,1272,North Dakota
6/30/2015,2.8,630.0295282,58694.5,ND,3.9825,0.13,237.657,18279.784,1379,North Dakota
7/31/2015,2.8,674.0596033,58694.5,ND,4.046,0.13,238.034,18401.626,1140,North Dakota
8/31/2015,2.8,559.2160137,58694.5,ND,3.905,0.14,238.033,18401.626,1165,North Dakota
9/30/2015,2.8,511.1008622,58694.5,ND,3.89,0.14,237.498,18401.626,1144,North Dakota
10/31/2015,2.8,503.6919112,58694.5,ND,3.796,0.12,237.733,18435.137,1160,North Dakota
11/30/2015,2.8,688.9387853,58694.5,ND,3.9425,0.12,238.017,18435.137,1244,North Dakota
12/31/2015,2.9,238.2735849,58694.5,ND,3.964,0.24,237.761,18435.137,1211,North Dakota
1/31/2016,3,1011.801035,54756,ND,3.8725,0.34,237.652,18525.933,1171,North Dakota
2/29/2016,3.1,552.1794677,54756,ND,3.66,0.38,237.336,18525.933,1172,North Dakota
3/31/2016,3.1,564.597907,54756,ND,3.694,0.36,238.08,18525.933,1118,North Dakota
4/30/2016,3.1,412.1888558,54756,ND,3.605,0.37,238.992,18711.702,1160,North Dakota
5/31/2016,3.1,319.5563813,54756,ND,3.6,0.37,239.557,18711.702,1205,North Dakota
6/30/2016,3.1,294.9300028,54756,ND,3.568,0.38,240.222,18711.702,1208,North Dakota
7/31/2016,3,381.7517956,54756,ND,3.44,0.39,240.101,18892.639,1198,North Dakota
8/31/2016,3,365.7031444,54756,ND,3.435,0.4,240.545,18892.639,1201,North Dakota
9/30/2016,3,295.4119082,54756,ND,3.46,0.4,241.176,18892.639,1303,North Dakota
10/31/2016,2.9,344.0249084,54756,ND,3.47,0.4,241.741,19089.379,1254,North Dakota
11/30/2016,2.9,374.5910158,54756,ND,3.77,0.41,242.026,19089.379,1230,North Dakota
12/31/2016,2.9,381.5243697,54756,ND,4.198,0.54,242.637,19089.379,1248,North Dakota
1/31/2017,2.8,382.3478505,56530.2,ND,4.15,0.65,243.618,19280.084,1303,North Dakota
2/28/2017,2.8,649.7741502,56530.2,ND,4.1675,0.66,244.006,19280.084,1234,North Dakota
3/31/2017,2.7,224.4982585,56530.2,ND,4.196,0.79,243.892,19280.084,1272,North Dakota
4/30/2017,2.6,338.7110436,56530.2,ND,4.045,0.9,244.193,19438.643,1251,North Dakota
5/31/2017,2.5,315.3092306,56530.2,ND,4.01,0.91,244.004,19438.643,1208,North Dakota
6/30/2017,2.5,275.6849439,56530.2,ND,3.904,1.04,244.163,19438.643,1353,North Dakota
7/31/2017,2.5,227.058459,56530.2,ND,3.9675,1.15,244.243,19692.595,1256,North Dakota
8/31/2017,2.5,242.6486958,56530.2,ND,3.88,1.16,245.183,19692.595,1319,North Dakota
9/30/2017,2.5,245.0075202,56530.2,ND,3.805,1.15,246.435,19692.595,1273,North Dakota
10/31/2017,2.6,478.7471759,56530.2,ND,3.895,1.15,246.626,20037.088,1356,North Dakota
11/30/2017,2.6,225.041624,56530.2,ND,3.922,1.16,247.284,20037.088,1299,North Dakota
12/31/2017,2.6,89.57897702,56530.2,ND,3.95,1.3,247.805,20037.088,1311,North Dakota
1/31/2018,2.6,202.4594252,58516.4,ND,4.0325,1.41,248.859,20328.553,1317,North Dakota
2/28/2018,2.6,197.082884,58516.4,ND,4.33,1.42,249.529,20328.553,1321,North Dakota
3/31/2018,2.6,212.0320423,58516.4,ND,4.444,1.51,249.577,20328.553,1385,North Dakota
4/30/2018,2.5,248.7011761,58516.4,ND,4.4675,1.69,250.227,20580.912,1378,North Dakota
5/31/2018,2.4,354.0768348,58516.4,ND,4.586,1.7,250.792,20580.912,1338,North Dakota
6/30/2018,2.3,255.9885693,58516.4,ND,4.57,1.82,251.018,20580.912,1345,North Dakota
7/31/2018,2.3,228.060337,58516.4,ND,4.5275,1.91,251.214,20798.73,1334,North Dakota
8/31/2018,2.2,303.3809143,58516.4,ND,4.55,1.91,251.663,20798.73,1273,North Dakota
9/30/2018,2.3,360.9231505,58516.4,ND,4.6275,1.95,252.182,20798.73,1314,North Dakota
10/31/2018,2.3,293.0017742,58516.4,ND,4.83,2.19,252.772,20917.867,1272,North Dakota
11/30/2018,2.3,146.4287229,58516.4,ND,4.866,2.2,252.594,20917.867,1340,North Dakota
12/31/2018,2.3,283.3870146,58516.4,ND,4.6375,2.27,252.767,20917.867,1317,North Dakota
1/31/2019,2.4,250.7119405,59408.5,ND,4.464,2.4,252.561,21111.6,1254,North Dakota
2/28/2019,2.3,152.1650762,59408.5,ND,4.37,2.4,253.319,21111.6,1286,North Dakota
3/31/2019,2.3,129.0166758,59408.5,ND,4.265,2.41,254.277,21111.6,1295,North Dakota
4/30/2019,2.2,212.5220496,59408.5,ND,4.1425,2.42,255.233,21397.938,1322,North Dakota
5/31/2019,2.1,200.367735,59408.5,ND,4.072,2.39,255.296,21397.938,1347,North Dakota
6/30/2019,2.1,176.9831041,59408.5,ND,3.8025,2.38,255.213,21397.938,1299,North Dakota
7/31/2019,2.1,208.3501439,59408.5,ND,3.765,2.4,255.802,21717.171,1379,North Dakota
8/31/2019,2.1,256.0167954,59408.5,ND,3.616,2.13,256.036,21717.171,1482,North Dakota
9/30/2019,2.1,314.3615437,59408.5,ND,3.605,2.04,256.43,21717.171,1469,North Dakota
10/31/2019,2.1,175.6575179,59408.5,ND,3.688,1.83,257.155,21933.217,1523,North Dakota
11/30/2019,2,274.4358327,59408.5,ND,3.695,1.55,257.879,21933.217,1535,North Dakota
12/31/2019,2,88.98139916,59408.5,ND,3.72,1.55,258.63,21933.217,1443,North Dakota
1/31/2020,2.1,184.6974115,56602.8,ND,3.624,1.55,259.127,21751.238,1495,North Dakota
2/29/2020,2.2,222.0657377,56602.8,ND,3.465,1.58,259.25,21751.238,1455,North Dakota
3/31/2020,2.5,355.869544,56602.8,ND,3.45,0.65,258.076,21751.238,1346,North Dakota
4/30/2020,8.7,326.5947442,56602.8,ND,3.306,0.05,256.032,19958.291,1076,North Dakota
5/31/2020,7.3,152.773076,56602.8,ND,3.2325,0.05,255.802,19958.291,1250,North Dakota
6/30/2020,6.5,339.3070574,56602.8,ND,3.1625,0.08,257.042,19958.291,1334,North Dakota
7/31/2020,6.2,312.8733258,56602.8,ND,3.016,0.09,258.352,21704.437,1546,North Dakota
8/31/2020,5.6,256.4694102,56602.8,ND,2.935,0.1,259.316,21704.437,1533,North Dakota
9/30/2020,5.3,276.326615,56602.8,ND,2.89,0.09,259.997,21704.437,1636,North Dakota
10/31/2020,4.8,293.3536315,56602.8,ND,2.834,0.09,260.319,22087.16,1613,North Dakota
11/30/2020,4.5,352.8010359,56602.8,ND,2.765,0.09,260.911,22087.16,1703,North Dakota
12/31/2020,4.4,453.8165725,56602.8,ND,2.684,0.09,262.045,22087.16,1752,North Dakota
1/31/2021,4.1,986.6302349,57351.3,ND,2.735,0.09,262.639,22680.693,1855,North Dakota
2/28/2021,3.9,289.1033818,57351.3,ND,2.81,0.08,263.573,22680.693,1711,North Dakota
3/31/2021,3.7,364.8819269,57351.3,ND,3.0825,0.07,264.847,22680.693,1756,North Dakota
4/30/2021,3.5,271.8844182,57351.3,ND,3.06,0.07,266.625,23425.91,1721,North Dakota
5/31/2021,3.3,326.5828747,57351.3,ND,2.9625,0.06,268.404,23425.91,1703,North Dakota
6/30/2021,3.1,206.18572,57351.3,ND,2.975,0.08,270.71,23425.91,1654,North Dakota
7/31/2021,2.9,253.8414041,57351.3,ND,2.868,0.1,271.965,23982.379,1658,North Dakota
8/31/2021,2.8,233.9038933,57351.3,ND,2.8425,0.09,272.752,23982.379,1736,North Dakota
9/30/2021,2.6,149.8142081,57351.3,ND,2.9,0.08,273.942,23982.379,1640,North Dakota
10/31/2021,2.5,152.8216604,57351.3,ND,3.0675,0.08,276.528,24813.6,1707,North Dakota
11/30/2021,2.4,385.0676914,57351.3,ND,3.0675,0.08,278.824,24813.6,1765,North Dakota
12/31/2021,2.3,570.3569807,57351.3,ND,3.098,0.08,280.806,24813.6,1919,North Dakota
1/31/2022,2.2,153.6035312,57031.1,ND,3.445,0.08,282.542,25250.347,1920,North Dakota
2/28/2022,2.2,226.7535223,57031.1,ND,3.7625,0.08,284.525,25250.347,1857,North Dakota
3/31/2022,2.1,247.969359,57031.1,ND,4.172,0.2,287.467,25250.347,1868,North Dakota
4/30/2022,2.1,217.4360378,57031.1,ND,4.9825,0.33,288.582,25861.292,1859,North Dakota
5/31/2022,2,223.2490712,57031.1,ND,5.23,0.77,291.299,25861.292,1704,North Dakota
6/30/2022,2,478.5329812,57031.1,ND,5.522,1.21,295.072,25861.292,1737,North Dakota
7/31/2022,2,280.1707483,57031.1,ND,5.4125,1.68,294.94,26336.304,1703,North Dakota
8/31/2022,2.1,235.4519811,57031.1,ND,5.2225,2.33,295.162,26336.304,1557,North Dakota
9/30/2022,2.1,229.1631094,57031.1,ND,6.112,2.56,296.421,26336.304,1600,North Dakota
10/31/2022,2.1,424.6154445,57031.1,ND,6.9,3.08,297.979,26770.514,1594,North Dakota
11/30/2022,2.1,264.8384533,57031.1,ND,6.805,3.78,298.708,26770.514,1401,North Dakota
12/31/2022,2.1,308.2278372,57031.1,ND,6.364,4.1,298.808,26770.514,1410,North Dakota
1/31/2023,2.1,584.7228328,62114.7,ND,6.2725,4.33,300.456,27216.445,1410,North Dakota
2/28/2023,2,859.4583675,62114.7,ND,6.2575,4.57,301.476,27216.445,1618,North Dakota
3/31/2023,2,247.0889284,62114.7,ND,6.544,4.65,301.643,27216.445,1480,North Dakota
4/30/2023,2,145.567603,62114.7,ND,6.3425,4.83,302.858,27530.055,1474,North Dakota
5/31/2023,1.9,297.6711285,62114.7,ND,6.425,5.06,303.316,27530.055,1575,North Dakota
6/30/2023,1.9,125.0219993,62114.7,ND,6.714,5.08,304.099,27530.055,1464,North Dakota
7/31/2023,2,205.0652442,62114.7,ND,6.84,5.12,304.615,28074.846,1522,North Dakota
8/31/2023,2,334.8421917,62114.7,ND,7.072,5.33,306.138,28074.846,1561,North Dakota
9/30/2023,2,198.3309871,62114.7,ND,7.2,5.33,307.374,28074.846,1537,North Dakota
10/31/2023,2.1,121.6119569,62114.7,ND,7.62,5.33,307.653,28424.722,1528,North Dakota
11/30/2023,2.2,96.40269487,62114.7,ND,7.442,5.33,308.087,28424.722,1503,North Dakota
12/31/2023,2.2,108.0616525,62114.7,ND,6.815,5.33,308.735,28424.722,1519,North Dakota
1/31/2024,2.2,118.148337,63366.4,ND,6.6425,5.33,309.794,28708.161,1545,North Dakota
2/29/2024,2.2,177.3837757,63366.4,ND,6.776,5.33,311.022,28708.161,1577,North Dakota
3/31/2024,2.3,138.9954338,63366.4,ND,6.82,5.33,312.107,28708.161,1476,North Dakota
4/30/2024,2.3,332.2204689,63366.4,ND,6.9925,5.33,313.016,29147.044,1459,North Dakota
5/31/2024,2.4,127.7103086,63366.4,ND,7.06,5.33,313.14,29147.044,1407,North Dakota
6/30/2024,2.5,251.6079909,63366.4,ND,6.9175,5.33,313.131,29147.044,1461,North Dakota
7/31/2024,2.5,145.8219982,63366.4,ND,6.8475,5.33,313.566,29511.664,1436,North Dakota
8/31/2024,2.5,135.5253494,63366.4,ND,6.5,5.33,314.131,29511.664,1476,North Dakota
9/30/2024,2.5,172.5428671,63366.4,ND,6.18,5.13,314.851,29511.664,1434,North Dakota
10/31/2024,2.5,222.4295831,63366.4,ND,6.428,4.83,315.564,29825.182,1428,North Dakota
11/30/2024,2.5,180.6818934,63366.4,ND,6.805,4.64,316.449,29825.182,1508,North Dakota
12/31/2024,2.5,153.1830449,63366.4,ND,6.715,4.48,317.603,29825.182,1480,North Dakota
1/31/2025,2.6,198.7941207,63366.4,ND,6.958,4.33,319.086,30042.113,1460,North Dakota
2/28/2025,2.6,162.7227432,63366.4,ND,6.8425,4.33,319.775,30042.113,1454,North Dakota
3/31/2025,2.6,216.5234271,63366.4,ND,6.65,4.33,319.615,30042.113,1481,North Dakota
4/30/2025,2.6,188.9252745,63366.4,ND,6.725,4.33,320.321,30485.729,1422,North Dakota
5/31/2025,2.5,204.7047316,63366.4,ND,6.816,4.33,320.58,30485.729,1394,North Dakota
6/30/2025,2.5,218.6063313,63366.4,ND,6.8175,4.33,321.5,30485.729,1393,North Dakota
7/31/2025,2.5,214.5154975,63366.4,ND,6.72,4.33,322.132,30485.729,1362,North Dakota
8/31/2025,2.5,272.7388682,63366.4,ND,6.5875,4.33,323.364,30485.729,1330,North Dakota
9/30/2025,4.4,1258.406926,63366.4,ND,6.3525,4.22,323.364,30485.729,1330,North Dakota
1/31/2012,7.8,1512.760921,586540.9,OH,3.915,0.08,227.842,16068.805,712,Ohio
2/29/2012,7.6,1231.652057,586540.9,OH,3.89,0.1,228.329,16068.805,738,Ohio
3/31/2012,7.5,1257.96895,586540.9,OH,3.954,0.13,228.807,16068.805,806,Ohio
4/30/2012,7.4,1287.558555,586540.9,OH,3.91,0.14,229.187,16207.115,732,Ohio
5/31/2012,7.4,1417.269766,586540.9,OH,3.798,0.16,228.713,16207.115,796,Ohio
6/30/2012,7.3,1319.712471,586540.9,OH,3.675,0.16,228.524,16207.115,794,Ohio
7/31/2012,7.3,1355.661334,586540.9,OH,3.55,0.16,228.59,16319.541,849,Ohio
8/31/2012,7.2,1292.085356,586540.9,OH,3.602,0.13,229.918,16319.541,840,Ohio
9/30/2012,7.2,1352.643603,586540.9,OH,3.4975,0.14,231.015,16319.541,930,Ohio
10/31/2012,7.3,1352.127202,586540.9,OH,3.3825,0.16,231.638,16420.419,887,Ohio
11/30/2012,7.3,2267.689414,586540.9,OH,3.352,0.16,231.249,16420.419,917,Ohio
12/31/2012,7.4,1626.638605,586540.9,OH,3.345,0.16,231.221,16420.419,941,Ohio
1/31/2013,7.5,2358.437236,603057.4,OH,3.414,0.14,231.679,16648.189,940,Ohio
2/28/2013,7.5,1945.358743,603057.4,OH,3.5325,0.15,232.937,16648.189,980,Ohio
3/31/2013,7.5,1274.630144,603057.4,OH,3.565,0.14,232.282,16648.189,936,Ohio
4/30/2013,7.5,2072.517947,603057.4,OH,3.445,0.15,231.797,16728.687,1012,Ohio
5/31/2013,7.5,1871.716508,603057.4,OH,3.536,0.11,231.893,16728.687,1003,Ohio
6/30/2013,7.5,1588.348911,603057.4,OH,4.07,0.09,232.445,16728.687,942,Ohio
7/31/2013,7.5,1930.526572,603057.4,OH,4.37,0.09,232.9,16953.838,997,Ohio
8/31/2013,7.5,1934.387734,603057.4,OH,4.456,0.08,233.456,16953.838,964,Ohio
9/30/2013,7.4,1956.883681,603057.4,OH,4.49,0.08,233.544,16953.838,1004,Ohio
10/31/2013,7.2,1779.461354,603057.4,OH,4.192,0.09,233.669,17192.019,1044,Ohio
11/30/2013,7.1,1483.865388,603057.4,OH,4.255,0.08,234.1,17192.019,1029,Ohio
12/31/2013,6.9,1657.48565,603057.4,OH,4.4575,0.09,234.719,17192.019,1005,Ohio
1/31/2014,6.6,1315.705716,624973.4,OH,4.432,0.07,235.288,17197.738,976,Ohio
2/28/2014,6.4,1483.288761,624973.4,OH,4.3025,0.07,235.547,17197.738,1039,Ohio
3/31/2014,6.2,1772.913641,624973.4,OH,4.3425,0.08,236.028,17197.738,1067,Ohio
4/30/2014,6.1,1502.62452,624973.4,OH,4.3375,0.09,236.468,17518.508,1090,Ohio
5/31/2014,6,1670.282466,624973.4,OH,4.192,0.09,236.918,17518.508,1018,Ohio
6/30/2014,5.8,1806.500212,624973.4,OH,4.1625,0.1,237.231,17518.508,1010,Ohio
7/31/2014,5.7,2103.106127,624973.4,OH,4.13,0.09,237.498,17804.228,1076,Ohio
8/31/2014,5.6,1896.095874,624973.4,OH,4.115,0.09,237.46,17804.228,1047,Ohio
9/30/2014,5.5,1418.986482,624973.4,OH,4.1625,0.09,237.477,17804.228,1077,Ohio
10/31/2014,5.4,1617.32593,624973.4,OH,4.036,0.09,237.43,17912.079,1094,Ohio
11/30/2014,5.3,1686.902951,624973.4,OH,3.9975,0.09,236.983,17912.079,1059,Ohio
12/31/2014,5.2,1711.53322,624973.4,OH,3.864,0.12,236.252,17912.079,1072,Ohio
1/31/2015,5.2,1495.140569,633274.8,OH,3.67,0.11,234.747,18063.529,1049,Ohio
2/28/2015,5.2,1213.432718,633274.8,OH,3.71,0.11,235.342,18063.529,1127,Ohio
3/31/2015,5.1,1370.700875,633274.8,OH,3.77,0.11,235.976,18063.529,1072,Ohio
4/30/2015,5.1,1487.188919,633274.8,OH,3.672,0.12,236.222,18279.784,1166,Ohio
5/31/2015,5,1628.276418,633274.8,OH,3.84,0.12,237.001,18279.784,1272,Ohio
6/30/2015,4.9,1441.852516,633274.8,OH,3.9825,0.13,237.657,18279.784,1379,Ohio
7/31/2015,4.8,1580.396895,633274.8,OH,4.046,0.13,238.034,18401.626,1140,Ohio
8/31/2015,4.8,1505.080024,633274.8,OH,3.905,0.14,238.033,18401.626,1165,Ohio
9/30/2015,4.8,2079.001699,633274.8,OH,3.89,0.14,237.498,18401.626,1144,Ohio
10/31/2015,4.8,1875.288781,633274.8,OH,3.796,0.12,237.733,18435.137,1160,Ohio
11/30/2015,4.9,1877.9965,633274.8,OH,3.9425,0.12,238.017,18435.137,1244,Ohio
12/31/2015,4.9,1866.780958,633274.8,OH,3.964,0.24,237.761,18435.137,1211,Ohio
1/31/2016,5,1446.056304,638157.5,OH,3.8725,0.34,237.652,18525.933,1171,Ohio
2/29/2016,5,1770.718706,638157.5,OH,3.66,0.38,237.336,18525.933,1172,Ohio
3/31/2016,5,1868.493394,638157.5,OH,3.694,0.36,238.08,18525.933,1118,Ohio
4/30/2016,5,2089.257723,638157.5,OH,3.605,0.37,238.992,18711.702,1160,Ohio
5/31/2016,5,1730.011649,638157.5,OH,3.6,0.37,239.557,18711.702,1205,Ohio
6/30/2016,5,2107.494853,638157.5,OH,3.568,0.38,240.222,18711.702,1208,Ohio
7/31/2016,5,1640.900822,638157.5,OH,3.44,0.39,240.101,18892.639,1198,Ohio
8/31/2016,5,1844.462438,638157.5,OH,3.435,0.4,240.545,18892.639,1201,Ohio
9/30/2016,5.1,2082.794392,638157.5,OH,3.46,0.4,241.176,18892.639,1303,Ohio
10/31/2016,5.2,1606.453177,638157.5,OH,3.47,0.4,241.741,19089.379,1254,Ohio
11/30/2016,5.2,1812.978037,638157.5,OH,3.77,0.41,242.026,19089.379,1230,Ohio
12/31/2016,5.2,1781.153839,638157.5,OH,4.198,0.54,242.637,19089.379,1248,Ohio
1/31/2017,5.2,2963.556308,652187.5,OH,4.15,0.65,243.618,19280.084,1303,Ohio
2/28/2017,5.1,1923.345469,652187.5,OH,4.1675,0.66,244.006,19280.084,1234,Ohio
3/31/2017,5.1,1821.410842,652187.5,OH,4.196,0.79,243.892,19280.084,1272,Ohio
4/30/2017,5,1611.467642,652187.5,OH,4.045,0.9,244.193,19438.643,1251,Ohio
5/31/2017,5,1879.795448,652187.5,OH,4.01,0.91,244.004,19438.643,1208,Ohio
6/30/2017,5,2879.963368,652187.5,OH,3.904,1.04,244.163,19438.643,1353,Ohio
7/31/2017,4.9,1752.977408,652187.5,OH,3.9675,1.15,244.243,19692.595,1256,Ohio
8/31/2017,4.9,2251.438394,652187.5,OH,3.88,1.16,245.183,19692.595,1319,Ohio
9/30/2017,4.9,1761.999696,652187.5,OH,3.805,1.15,246.435,19692.595,1273,Ohio
10/31/2017,4.8,1855.480707,652187.5,OH,3.895,1.15,246.626,20037.088,1356,Ohio
11/30/2017,4.7,1636.55658,652187.5,OH,3.922,1.16,247.284,20037.088,1299,Ohio
12/31/2017,4.6,1753.790251,652187.5,OH,3.95,1.3,247.805,20037.088,1311,Ohio
1/31/2018,4.6,2162.632237,656212,OH,4.0325,1.41,248.859,20328.553,1317,Ohio
2/28/2018,4.5,1982.862256,656212,OH,4.33,1.42,249.529,20328.553,1321,Ohio
3/31/2018,4.5,1889.414253,656212,OH,4.444,1.51,249.577,20328.553,1385,Ohio
4/30/2018,4.5,1918.580717,656212,OH,4.4675,1.69,250.227,20580.912,1378,Ohio
5/31/2018,4.5,2957.876609,656212,OH,4.586,1.7,250.792,20580.912,1338,Ohio
6/30/2018,4.4,1622.671592,656212,OH,4.57,1.82,251.018,20580.912,1345,Ohio
7/31/2018,4.4,2397.620263,656212,OH,4.5275,1.91,251.214,20798.73,1334,Ohio
8/31/2018,4.4,1545.84393,656212,OH,4.55,1.91,251.663,20798.73,1273,Ohio
9/30/2018,4.4,1296.292229,656212,OH,4.6275,1.95,252.182,20798.73,1314,Ohio
10/31/2018,4.5,1908.994598,656212,OH,4.83,2.19,252.772,20917.867,1272,Ohio
11/30/2018,4.5,1867.882665,656212,OH,4.866,2.2,252.594,20917.867,1340,Ohio
12/31/2018,4.5,1613.363994,656212,OH,4.6375,2.27,252.767,20917.867,1317,Ohio
1/31/2019,4.4,1572.361439,674063.9,OH,4.464,2.4,252.561,21111.6,1254,Ohio
2/28/2019,4.2,1841.546414,674063.9,OH,4.37,2.4,253.319,21111.6,1286,Ohio
3/31/2019,4,1972.867602,674063.9,OH,4.265,2.41,254.277,21111.6,1295,Ohio
4/30/2019,3.9,1979.46947,674063.9,OH,4.1425,2.42,255.233,21397.938,1322,Ohio
5/31/2019,3.9,1678.702664,674063.9,OH,4.072,2.39,255.296,21397.938,1347,Ohio
6/30/2019,3.9,1790.510446,674063.9,OH,3.8025,2.38,255.213,21397.938,1299,Ohio
7/31/2019,4,1683.260428,674063.9,OH,3.765,2.4,255.802,21717.171,1379,Ohio
8/31/2019,4.1,2010.44786,674063.9,OH,3.616,2.13,256.036,21717.171,1482,Ohio
9/30/2019,4.2,2121.336404,674063.9,OH,3.605,2.04,256.43,21717.171,1469,Ohio
10/31/2019,4.3,1608.50607,674063.9,OH,3.688,1.83,257.155,21933.217,1523,Ohio
11/30/2019,4.3,2350.70278,674063.9,OH,3.695,1.55,257.879,21933.217,1535,Ohio
12/31/2019,4.3,1901.173185,674063.9,OH,3.72,1.55,258.63,21933.217,1443,Ohio
1/31/2020,4.4,3782.51444,655730.1,OH,3.624,1.55,259.127,21751.238,1495,Ohio
2/29/2020,4.5,2046.268607,655730.1,OH,3.465,1.58,259.25,21751.238,1455,Ohio
3/31/2020,4.8,1512.413405,655730.1,OH,3.45,0.65,258.076,21751.238,1346,Ohio
4/30/2020,16.5,1795.73221,655730.1,OH,3.306,0.05,256.032,19958.291,1076,Ohio
5/31/2020,12.8,2052.569805,655730.1,OH,3.2325,0.05,255.802,19958.291,1250,Ohio
6/30/2020,11,2302.334313,655730.1,OH,3.1625,0.08,257.042,19958.291,1334,Ohio
7/31/2020,9.8,2731.310993,655730.1,OH,3.016,0.09,258.352,21704.437,1546,Ohio
8/31/2020,8.3,1957.487682,655730.1,OH,2.935,0.1,259.316,21704.437,1533,Ohio
9/30/2020,7.6,2366.476808,655730.1,OH,2.89,0.09,259.997,21704.437,1636,Ohio
10/31/2020,6.7,2913.094675,655730.1,OH,2.834,0.09,260.319,22087.16,1613,Ohio
11/30/2020,6.4,2167.200606,655730.1,OH,2.765,0.09,260.911,22087.16,1703,Ohio
12/31/2020,6.3,3378.653413,655730.1,OH,2.684,0.09,262.045,22087.16,1752,Ohio
1/31/2021,6.1,2246.786442,691630,OH,2.735,0.09,262.639,22680.693,1855,Ohio
2/28/2021,6.1,2725.897496,691630,OH,2.81,0.08,263.573,22680.693,1711,Ohio
3/31/2021,6,2594.673486,691630,OH,3.0825,0.07,264.847,22680.693,1756,Ohio
4/30/2021,5.9,2819.495679,691630,OH,3.06,0.07,266.625,23425.91,1721,Ohio
5/31/2021,5.7,2802.557032,691630,OH,2.9625,0.06,268.404,23425.91,1703,Ohio
6/30/2021,5.5,2445.45726,691630,OH,2.975,0.08,270.71,23425.91,1654,Ohio
7/31/2021,5.2,2238.126311,691630,OH,2.868,0.1,271.965,23982.379,1658,Ohio
8/31/2021,4.9,2902.303562,691630,OH,2.8425,0.09,272.752,23982.379,1736,Ohio
9/30/2021,4.7,2298.205623,691630,OH,2.9,0.08,273.942,23982.379,1640,Ohio
10/31/2021,4.4,2442.180504,691630,OH,3.0675,0.08,276.528,24813.6,1707,Ohio
11/30/2021,4.3,2424.527145,691630,OH,3.0675,0.08,278.824,24813.6,1765,Ohio
12/31/2021,4.1,3036.373882,691630,OH,3.098,0.08,280.806,24813.6,1919,Ohio
1/31/2022,4,3124.364786,694473.4,OH,3.445,0.08,282.542,25250.347,1920,Ohio
2/28/2022,3.9,2272.24398,694473.4,OH,3.7625,0.08,284.525,25250.347,1857,Ohio
3/31/2022,3.9,2723.611951,694473.4,OH,4.172,0.2,287.467,25250.347,1868,Ohio
4/30/2022,3.9,2551.669011,694473.4,OH,4.9825,0.33,288.582,25861.292,1859,Ohio
5/31/2022,3.9,2129.354292,694473.4,OH,5.23,0.77,291.299,25861.292,1704,Ohio
6/30/2022,3.9,2050.853495,694473.4,OH,5.522,1.21,295.072,25861.292,1737,Ohio
7/31/2022,4,2438.457336,694473.4,OH,5.4125,1.68,294.94,26336.304,1703,Ohio
8/31/2022,4.1,2319.823887,694473.4,OH,5.2225,2.33,295.162,26336.304,1557,Ohio
9/30/2022,4.1,2370.333485,694473.4,OH,6.112,2.56,296.421,26336.304,1600,Ohio
10/31/2022,4.1,3716.422811,694473.4,OH,6.9,3.08,297.979,26770.514,1594,Ohio
11/30/2022,4,3145.750215,694473.4,OH,6.805,3.78,298.708,26770.514,1401,Ohio
12/31/2022,3.9,1948.689279,694473.4,OH,6.364,4.1,298.808,26770.514,1410,Ohio
1/31/2023,3.8,1629.801473,707996.2,OH,6.2725,4.33,300.456,27216.445,1410,Ohio
2/28/2023,3.6,1866.711661,707996.2,OH,6.2575,4.57,301.476,27216.445,1618,Ohio
3/31/2023,3.5,3308.228759,707996.2,OH,6.544,4.65,301.643,27216.445,1480,Ohio
4/30/2023,3.4,1865.446683,707996.2,OH,6.3425,4.83,302.858,27530.055,1474,Ohio
5/31/2023,3.4,2077.316058,707996.2,OH,6.425,5.06,303.316,27530.055,1575,Ohio
6/30/2023,3.4,2517.853268,707996.2,OH,6.714,5.08,304.099,27530.055,1464,Ohio
7/31/2023,3.5,2057.139969,707996.2,OH,6.84,5.12,304.615,28074.846,1522,Ohio
8/31/2023,3.6,2611.484171,707996.2,OH,7.072,5.33,306.138,28074.846,1561,Ohio
9/30/2023,3.8,2336.477264,707996.2,OH,7.2,5.33,307.374,28074.846,1537,Ohio
10/31/2023,3.8,1846.616447,707996.2,OH,7.62,5.33,307.653,28424.722,1528,Ohio
11/30/2023,3.9,2307.725575,707996.2,OH,7.442,5.33,308.087,28424.722,1503,Ohio
12/31/2023,3.9,2019.74597,707996.2,OH,6.815,5.33,308.735,28424.722,1519,Ohio
1/31/2024,4,3048.11988,721997.3,OH,6.6425,5.33,309.794,28708.161,1545,Ohio
2/29/2024,4,2701.092351,721997.3,OH,6.776,5.33,311.022,28708.161,1577,Ohio
3/31/2024,4.1,2159.245038,721997.3,OH,6.82,5.33,312.107,28708.161,1476,Ohio
4/30/2024,4.2,2591.587372,721997.3,OH,6.9925,5.33,313.016,29147.044,1459,Ohio
5/31/2024,4.2,2452.291339,721997.3,OH,7.06,5.33,313.14,29147.044,1407,Ohio
6/30/2024,4.3,2647.72528,721997.3,OH,6.9175,5.33,313.131,29147.044,1461,Ohio
7/31/2024,4.3,2419.228941,721997.3,OH,6.8475,5.33,313.566,29511.664,1436,Ohio
8/31/2024,4.4,2095.723778,721997.3,OH,6.5,5.33,314.131,29511.664,1476,Ohio
9/30/2024,4.4,2457.795454,721997.3,OH,6.18,5.13,314.851,29511.664,1434,Ohio
10/31/2024,4.5,2458.671318,721997.3,OH,6.428,4.83,315.564,29825.182,1428,Ohio
11/30/2024,4.5,2116.031038,721997.3,OH,6.805,4.64,316.449,29825.182,1508,Ohio
12/31/2024,4.5,3221.271775,721997.3,OH,6.715,4.48,317.603,29825.182,1480,Ohio
1/31/2025,4.6,2475.38348,721997.3,OH,6.958,4.33,319.086,30042.113,1460,Ohio
2/28/2025,4.7,3485.765356,721997.3,OH,6.8425,4.33,319.775,30042.113,1454,Ohio
3/31/2025,4.8,3083.43395,721997.3,OH,6.65,4.33,319.615,30042.113,1481,Ohio
4/30/2025,4.9,2494.8773,721997.3,OH,6.725,4.33,320.321,30485.729,1422,Ohio
5/31/2025,4.9,3377.605805,721997.3,OH,6.816,4.33,320.58,30485.729,1394,Ohio
6/30/2025,4.9,2562.181124,721997.3,OH,6.8175,4.33,321.5,30485.729,1393,Ohio
7/31/2025,5,2707.792124,721997.3,OH,6.72,4.33,322.132,30485.729,1362,Ohio
8/31/2025,5,2189.651057,721997.3,OH,6.5875,4.33,323.364,30485.729,1330,Ohio
9/30/2025,4.4,1258.406926,721997.3,OH,6.3525,4.22,323.364,30485.729,1330,Ohio
1/31/2012,5.2,800.4506448,172016,OK,3.915,0.08,227.842,16068.805,712,Oklahoma
2/29/2012,5.1,681.9031817,172016,OK,3.89,0.1,228.329,16068.805,738,Oklahoma
3/31/2012,5.1,634.0843229,172016,OK,3.954,0.13,228.807,16068.805,806,Oklahoma
4/30/2012,5,800.6506285,172016,OK,3.91,0.14,229.187,16207.115,732,Oklahoma
5/31/2012,5,1234.904612,172016,OK,3.798,0.16,228.713,16207.115,796,Oklahoma
6/30/2012,5.1,690.8397584,172016,OK,3.675,0.16,228.524,16207.115,794,Oklahoma
7/31/2012,5.1,749.2743445,172016,OK,3.55,0.16,228.59,16319.541,849,Oklahoma
8/31/2012,5,919.0114312,172016,OK,3.602,0.13,229.918,16319.541,840,Oklahoma
9/30/2012,5,1295.505562,172016,OK,3.4975,0.14,231.015,16319.541,930,Oklahoma
10/31/2012,5.1,1018.986764,172016,OK,3.3825,0.16,231.638,16420.419,887,Oklahoma
11/30/2012,5.1,1185.820278,172016,OK,3.352,0.16,231.249,16420.419,917,Oklahoma
12/31/2012,5.1,684.1093534,172016,OK,3.345,0.16,231.221,16420.419,941,Oklahoma
1/31/2013,5.2,1403.164006,176086.8,OK,3.414,0.14,231.679,16648.189,940,Oklahoma
2/28/2013,5.2,1183.697844,176086.8,OK,3.5325,0.15,232.937,16648.189,980,Oklahoma
3/31/2013,5.2,1076.263571,176086.8,OK,3.565,0.14,232.282,16648.189,936,Oklahoma
4/30/2013,5.2,1105.019882,176086.8,OK,3.445,0.15,231.797,16728.687,1012,Oklahoma
5/31/2013,5.1,996.9077912,176086.8,OK,3.536,0.11,231.893,16728.687,1003,Oklahoma
6/30/2013,5.1,867.8410451,176086.8,OK,4.07,0.09,232.445,16728.687,942,Oklahoma
7/31/2013,5.1,1234.107066,176086.8,OK,4.37,0.09,232.9,16953.838,997,Oklahoma
8/31/2013,5.1,1177.114828,176086.8,OK,4.456,0.08,233.456,16953.838,964,Oklahoma
9/30/2013,5.1,1140.310438,176086.8,OK,4.49,0.08,233.544,16953.838,1004,Oklahoma
10/31/2013,5.1,1011.11654,176086.8,OK,4.192,0.09,233.669,17192.019,1044,Oklahoma
11/30/2013,5,1276.977286,176086.8,OK,4.255,0.08,234.1,17192.019,1029,Oklahoma
12/31/2013,5,928.9089593,176086.8,OK,4.4575,0.09,234.719,17192.019,1005,Oklahoma
1/31/2014,4.9,1173.586793,186574.4,OK,4.432,0.07,235.288,17197.738,976,Oklahoma
2/28/2014,4.7,860.148259,186574.4,OK,4.3025,0.07,235.547,17197.738,1039,Oklahoma
3/31/2014,4.6,1275.831536,186574.4,OK,4.3425,0.08,236.028,17197.738,1067,Oklahoma
4/30/2014,4.5,1078.041606,186574.4,OK,4.3375,0.09,236.468,17518.508,1090,Oklahoma
5/31/2014,4.4,1161.656282,186574.4,OK,4.192,0.09,236.918,17518.508,1018,Oklahoma
6/30/2014,4.3,1268.206646,186574.4,OK,4.1625,0.1,237.231,17518.508,1010,Oklahoma
7/31/2014,4.3,1009.778188,186574.4,OK,4.13,0.09,237.498,17804.228,1076,Oklahoma
8/31/2014,4.2,903.8770436,186574.4,OK,4.115,0.09,237.46,17804.228,1047,Oklahoma
9/30/2014,4.1,1263.258943,186574.4,OK,4.1625,0.09,237.477,17804.228,1077,Oklahoma
10/31/2014,4.1,1273.756684,186574.4,OK,4.036,0.09,237.43,17912.079,1094,Oklahoma
11/30/2014,4,1016.0564,186574.4,OK,3.9975,0.09,236.983,17912.079,1059,Oklahoma
12/31/2014,4,1776.719017,186574.4,OK,3.864,0.12,236.252,17912.079,1072,Oklahoma
1/31/2015,4,990.0087433,193792.6,OK,3.67,0.11,234.747,18063.529,1049,Oklahoma
2/28/2015,4.1,1055.086767,193792.6,OK,3.71,0.11,235.342,18063.529,1127,Oklahoma
3/31/2015,4.2,907.5036915,193792.6,OK,3.77,0.11,235.976,18063.529,1072,Oklahoma
4/30/2015,4.3,827.64365,193792.6,OK,3.672,0.12,236.222,18279.784,1166,Oklahoma
5/31/2015,4.3,643.3091849,193792.6,OK,3.84,0.12,237.001,18279.784,1272,Oklahoma
6/30/2015,4.4,888.7710736,193792.6,OK,3.9825,0.13,237.657,18279.784,1379,Oklahoma
7/31/2015,4.4,1230.237219,193792.6,OK,4.046,0.13,238.034,18401.626,1140,Oklahoma
8/31/2015,4.3,1293.022608,193792.6,OK,3.905,0.14,238.033,18401.626,1165,Oklahoma
9/30/2015,4.3,1097.290383,193792.6,OK,3.89,0.14,237.498,18401.626,1144,Oklahoma
10/31/2015,4.3,1112.874746,193792.6,OK,3.796,0.12,237.733,18435.137,1160,Oklahoma
11/30/2015,4.4,950.3040639,193792.6,OK,3.9425,0.12,238.017,18435.137,1244,Oklahoma
12/31/2015,4.4,1219.327371,193792.6,OK,3.964,0.24,237.761,18435.137,1211,Oklahoma
1/31/2016,4.5,1030.892896,190093.5,OK,3.8725,0.34,237.652,18525.933,1171,Oklahoma
2/29/2016,4.5,1107.031159,190093.5,OK,3.66,0.38,237.336,18525.933,1172,Oklahoma
3/31/2016,4.6,895.8650182,190093.5,OK,3.694,0.36,238.08,18525.933,1118,Oklahoma
4/30/2016,4.6,1073.418997,190093.5,OK,3.605,0.37,238.992,18711.702,1160,Oklahoma
5/31/2016,4.7,1003.094442,190093.5,OK,3.6,0.37,239.557,18711.702,1205,Oklahoma
6/30/2016,4.8,1168.788922,190093.5,OK,3.568,0.38,240.222,18711.702,1208,Oklahoma
7/31/2016,4.8,1080.693464,190093.5,OK,3.44,0.39,240.101,18892.639,1198,Oklahoma
8/31/2016,4.8,1523.684771,190093.5,OK,3.435,0.4,240.545,18892.639,1201,Oklahoma
9/30/2016,4.7,849.703322,190093.5,OK,3.46,0.4,241.176,18892.639,1303,Oklahoma
10/31/2016,4.7,909.5308239,190093.5,OK,3.47,0.4,241.741,19089.379,1254,Oklahoma
11/30/2016,4.6,788.5475912,190093.5,OK,3.77,0.41,242.026,19089.379,1230,Oklahoma
12/31/2016,4.5,853.0553379,190093.5,OK,4.198,0.54,242.637,19089.379,1248,Oklahoma
1/31/2017,4.4,975.532128,192538.6,OK,4.15,0.65,243.618,19280.084,1303,Oklahoma
2/28/2017,4.3,1031.892236,192538.6,OK,4.1675,0.66,244.006,19280.084,1234,Oklahoma
3/31/2017,4.2,883.9405298,192538.6,OK,4.196,0.79,243.892,19280.084,1272,Oklahoma
4/30/2017,4.1,920.4167355,192538.6,OK,4.045,0.9,244.193,19438.643,1251,Oklahoma
5/31/2017,4,1183.497895,192538.6,OK,4.01,0.91,244.004,19438.643,1208,Oklahoma
6/30/2017,4,986.5676003,192538.6,OK,3.904,1.04,244.163,19438.643,1353,Oklahoma
7/31/2017,4,773.0984357,192538.6,OK,3.9675,1.15,244.243,19692.595,1256,Oklahoma
8/31/2017,4,785.0836226,192538.6,OK,3.88,1.16,245.183,19692.595,1319,Oklahoma
9/30/2017,3.9,783.7942621,192538.6,OK,3.805,1.15,246.435,19692.595,1273,Oklahoma
10/31/2017,3.9,1013.671152,192538.6,OK,3.895,1.15,246.626,20037.088,1356,Oklahoma
11/30/2017,3.8,959.1084153,192538.6,OK,3.922,1.16,247.284,20037.088,1299,Oklahoma
12/31/2017,3.8,868.1274814,192538.6,OK,3.95,1.3,247.805,20037.088,1311,Oklahoma
1/31/2018,3.7,941.3190424,196030.5,OK,4.0325,1.41,248.859,20328.553,1317,Oklahoma
2/28/2018,3.6,916.488452,196030.5,OK,4.33,1.42,249.529,20328.553,1321,Oklahoma
3/31/2018,3.5,803.1126165,196030.5,OK,4.444,1.51,249.577,20328.553,1385,Oklahoma
4/30/2018,3.4,914.7153647,196030.5,OK,4.4675,1.69,250.227,20580.912,1378,Oklahoma
5/31/2018,3.3,951.4169376,196030.5,OK,4.586,1.7,250.792,20580.912,1338,Oklahoma
6/30/2018,3.2,792.3255974,196030.5,OK,4.57,1.82,251.018,20580.912,1345,Oklahoma
7/31/2018,3.1,779.8794839,196030.5,OK,4.5275,1.91,251.214,20798.73,1334,Oklahoma
8/31/2018,3.1,798.6628349,196030.5,OK,4.55,1.91,251.663,20798.73,1273,Oklahoma
9/30/2018,3.1,725.8923456,196030.5,OK,4.6275,1.95,252.182,20798.73,1314,Oklahoma
10/31/2018,3.1,1079.42177,196030.5,OK,4.83,2.19,252.772,20917.867,1272,Oklahoma
11/30/2018,3.2,897.636908,196030.5,OK,4.866,2.2,252.594,20917.867,1340,Oklahoma
12/31/2018,3.2,754.0705159,196030.5,OK,4.6375,2.27,252.767,20917.867,1317,Oklahoma
1/31/2019,3.2,792.3628705,200072.2,OK,4.464,2.4,252.561,21111.6,1254,Oklahoma
2/28/2019,3.2,1193.583794,200072.2,OK,4.37,2.4,253.319,21111.6,1286,Oklahoma
3/31/2019,3.1,1127.177309,200072.2,OK,4.265,2.41,254.277,21111.6,1295,Oklahoma
4/30/2019,3.1,863.1070335,200072.2,OK,4.1425,2.42,255.233,21397.938,1322,Oklahoma
5/31/2019,3,861.3065961,200072.2,OK,4.072,2.39,255.296,21397.938,1347,Oklahoma
6/30/2019,3,810.6305165,200072.2,OK,3.8025,2.38,255.213,21397.938,1299,Oklahoma
7/31/2019,3.1,1076.364419,200072.2,OK,3.765,2.4,255.802,21717.171,1379,Oklahoma
8/31/2019,3.1,1076.381184,200072.2,OK,3.616,2.13,256.036,21717.171,1482,Oklahoma
9/30/2019,3.2,1032.079871,200072.2,OK,3.605,2.04,256.43,21717.171,1469,Oklahoma
10/31/2019,3.2,1069.275166,200072.2,OK,3.688,1.83,257.155,21933.217,1523,Oklahoma
11/30/2019,3.1,1100.65548,200072.2,OK,3.695,1.55,257.879,21933.217,1535,Oklahoma
12/31/2019,3.1,971.913085,200072.2,OK,3.72,1.55,258.63,21933.217,1443,Oklahoma
1/31/2020,3.1,925.2058149,191377,OK,3.624,1.55,259.127,21751.238,1495,Oklahoma
2/29/2020,3.2,978.3875329,191377,OK,3.465,1.58,259.25,21751.238,1455,Oklahoma
3/31/2020,3.2,1280.538974,191377,OK,3.45,0.65,258.076,21751.238,1346,Oklahoma
4/30/2020,12.5,981.2145708,191377,OK,3.306,0.05,256.032,19958.291,1076,Oklahoma
5/31/2020,9.8,669.9378932,191377,OK,3.2325,0.05,255.802,19958.291,1250,Oklahoma
6/30/2020,8.2,1164.787003,191377,OK,3.1625,0.08,257.042,19958.291,1334,Oklahoma
7/31/2020,7.4,1208.312827,191377,OK,3.016,0.09,258.352,21704.437,1546,Oklahoma
8/31/2020,6.3,1075.450391,191377,OK,2.935,0.1,259.316,21704.437,1533,Oklahoma
9/30/2020,5.9,1466.46951,191377,OK,2.89,0.09,259.997,21704.437,1636,Oklahoma
10/31/2020,5.5,1209.449801,191377,OK,2.834,0.09,260.319,22087.16,1613,Oklahoma
11/30/2020,5.3,1338.201903,191377,OK,2.765,0.09,260.911,22087.16,1703,Oklahoma
12/31/2020,5.2,1443.062092,191377,OK,2.684,0.09,262.045,22087.16,1752,Oklahoma
1/31/2021,5,1413.044083,194991.2,OK,2.735,0.09,262.639,22680.693,1855,Oklahoma
2/28/2021,4.9,1213.460436,194991.2,OK,2.81,0.08,263.573,22680.693,1711,Oklahoma
3/31/2021,4.8,1341.17556,194991.2,OK,3.0825,0.07,264.847,22680.693,1756,Oklahoma
4/30/2021,4.7,1286.872791,194991.2,OK,3.06,0.07,266.625,23425.91,1721,Oklahoma
5/31/2021,4.5,1105.82617,194991.2,OK,2.9625,0.06,268.404,23425.91,1703,Oklahoma
6/30/2021,4.3,1277.586954,194991.2,OK,2.975,0.08,270.71,23425.91,1654,Oklahoma
7/31/2021,4,1180.225897,194991.2,OK,2.868,0.1,271.965,23982.379,1658,Oklahoma
8/31/2021,3.7,1258.899656,194991.2,OK,2.8425,0.09,272.752,23982.379,1736,Oklahoma
9/30/2021,3.4,1282.582384,194991.2,OK,2.9,0.08,273.942,23982.379,1640,Oklahoma
10/31/2021,3.1,1145.46833,194991.2,OK,3.0675,0.08,276.528,24813.6,1707,Oklahoma
11/30/2021,3,1294.257588,194991.2,OK,3.0675,0.08,278.824,24813.6,1765,Oklahoma
12/31/2021,2.9,1471.570897,194991.2,OK,3.098,0.08,280.806,24813.6,1919,Oklahoma
1/31/2022,2.9,1420.344482,194170.9,OK,3.445,0.08,282.542,25250.347,1920,Oklahoma
2/28/2022,2.9,1225.093034,194170.9,OK,3.7625,0.08,284.525,25250.347,1857,Oklahoma
3/31/2022,2.9,1241.269801,194170.9,OK,4.172,0.2,287.467,25250.347,1868,Oklahoma
4/30/2022,2.9,1071.921632,194170.9,OK,4.9825,0.33,288.582,25861.292,1859,Oklahoma
5/31/2022,3,1288.412573,194170.9,OK,5.23,0.77,291.299,25861.292,1704,Oklahoma
6/30/2022,3,1580.430406,194170.9,OK,5.522,1.21,295.072,25861.292,1737,Oklahoma
7/31/2022,3.1,876.2437112,194170.9,OK,5.4125,1.68,294.94,26336.304,1703,Oklahoma
8/31/2022,3.1,1051.422264,194170.9,OK,5.2225,2.33,295.162,26336.304,1557,Oklahoma
9/30/2022,3.2,932.5048932,194170.9,OK,6.112,2.56,296.421,26336.304,1600,Oklahoma
10/31/2022,3.1,862.4928738,194170.9,OK,6.9,3.08,297.979,26770.514,1594,Oklahoma
11/30/2022,3.1,839.7021936,194170.9,OK,6.805,3.78,298.708,26770.514,1401,Oklahoma
12/31/2022,3.1,1180.244685,194170.9,OK,6.364,4.1,298.808,26770.514,1410,Oklahoma
1/31/2023,3,734.3925017,207072.7,OK,6.2725,4.33,300.456,27216.445,1410,Oklahoma
2/28/2023,3,867.2648698,207072.7,OK,6.2575,4.57,301.476,27216.445,1618,Oklahoma
3/31/2023,3,789.5026457,207072.7,OK,6.544,4.65,301.643,27216.445,1480,Oklahoma
4/30/2023,3,960.1569055,207072.7,OK,6.3425,4.83,302.858,27530.055,1474,Oklahoma
5/31/2023,3,1776.151266,207072.7,OK,6.425,5.06,303.316,27530.055,1575,Oklahoma
6/30/2023,3.1,923.5113969,207072.7,OK,6.714,5.08,304.099,27530.055,1464,Oklahoma
7/31/2023,3.2,1411.421555,207072.7,OK,6.84,5.12,304.615,28074.846,1522,Oklahoma
8/31/2023,3.3,1191.579388,207072.7,OK,7.072,5.33,306.138,28074.846,1561,Oklahoma
9/30/2023,3.4,1251.7076,207072.7,OK,7.2,5.33,307.374,28074.846,1537,Oklahoma
10/31/2023,3.4,1013.624573,207072.7,OK,7.62,5.33,307.653,28424.722,1528,Oklahoma
11/30/2023,3.5,1099.641098,207072.7,OK,7.442,5.33,308.087,28424.722,1503,Oklahoma
12/31/2023,3.5,979.3424611,207072.7,OK,6.815,5.33,308.735,28424.722,1519,Oklahoma
1/31/2024,3.4,1010.973545,210315.9,OK,6.6425,5.33,309.794,28708.161,1545,Oklahoma
2/29/2024,3.4,1002.812988,210315.9,OK,6.776,5.33,311.022,28708.161,1577,Oklahoma
3/31/2024,3.3,1289.451215,210315.9,OK,6.82,5.33,312.107,28708.161,1476,Oklahoma
4/30/2024,3.3,1288.029145,210315.9,OK,6.9925,5.33,313.016,29147.044,1459,Oklahoma
5/31/2024,3.3,1093.039417,210315.9,OK,7.06,5.33,313.14,29147.044,1407,Oklahoma
6/30/2024,3.3,1010.64467,210315.9,OK,6.9175,5.33,313.131,29147.044,1461,Oklahoma
7/31/2024,3.3,1093.351484,210315.9,OK,6.8475,5.33,313.566,29511.664,1436,Oklahoma
8/31/2024,3.3,1010.21996,210315.9,OK,6.5,5.33,314.131,29511.664,1476,Oklahoma
9/30/2024,3.3,954.190934,210315.9,OK,6.18,5.13,314.851,29511.664,1434,Oklahoma
10/31/2024,3.3,1305.75842,210315.9,OK,6.428,4.83,315.564,29825.182,1428,Oklahoma
11/30/2024,3.3,1074.488335,210315.9,OK,6.805,4.64,316.449,29825.182,1508,Oklahoma
12/31/2024,3.3,1099.718297,210315.9,OK,6.715,4.48,317.603,29825.182,1480,Oklahoma
1/31/2025,3.3,1263.625056,210315.9,OK,6.958,4.33,319.086,30042.113,1460,Oklahoma
2/28/2025,3.3,1462.725587,210315.9,OK,6.8425,4.33,319.775,30042.113,1454,Oklahoma
3/31/2025,3.3,1142.720038,210315.9,OK,6.65,4.33,319.615,30042.113,1481,Oklahoma
4/30/2025,3.2,1528.195547,210315.9,OK,6.725,4.33,320.321,30485.729,1422,Oklahoma
5/31/2025,3.1,982.1350608,210315.9,OK,6.816,4.33,320.58,30485.729,1394,Oklahoma
6/30/2025,3.1,1250.298368,210315.9,OK,6.8175,4.33,321.5,30485.729,1393,Oklahoma
7/31/2025,3.1,1093.883311,210315.9,OK,6.72,4.33,322.132,30485.729,1362,Oklahoma
8/31/2025,3.1,1287.142757,210315.9,OK,6.5875,4.33,323.364,30485.729,1330,Oklahoma
9/30/2025,4.4,1258.406926,210315.9,OK,6.3525,4.22,323.364,30485.729,1330,Oklahoma
1/31/2012,8.9,764.9675801,187352.4,OR,3.915,0.08,227.842,16068.805,712,Oregon
2/29/2012,8.8,774.6014069,187352.4,OR,3.89,0.1,228.329,16068.805,738,Oregon
3/31/2012,8.8,736.8442742,187352.4,OR,3.954,0.13,228.807,16068.805,806,Oregon
4/30/2012,8.8,838.9204983,187352.4,OR,3.91,0.14,229.187,16207.115,732,Oregon
5/31/2012,8.8,1149.026127,187352.4,OR,3.798,0.16,228.713,16207.115,796,Oregon
6/30/2012,8.8,751.8915045,187352.4,OR,3.675,0.16,228.524,16207.115,794,Oregon
7/31/2012,8.7,931.1923785,187352.4,OR,3.55,0.16,228.59,16319.541,849,Oregon
8/31/2012,8.7,1042.398974,187352.4,OR,3.602,0.13,229.918,16319.541,840,Oregon
9/30/2012,8.6,1115.857071,187352.4,OR,3.4975,0.14,231.015,16319.541,930,Oregon
10/31/2012,8.6,1065.025949,187352.4,OR,3.3825,0.16,231.638,16420.419,887,Oregon
11/30/2012,8.5,909.5255508,187352.4,OR,3.352,0.16,231.249,16420.419,917,Oregon
12/31/2012,8.5,904.711399,187352.4,OR,3.345,0.16,231.221,16420.419,941,Oregon
1/31/2013,8.4,1213.047298,189609.7,OR,3.414,0.14,231.679,16648.189,940,Oregon
2/28/2013,8.3,1724.803282,189609.7,OR,3.5325,0.15,232.937,16648.189,980,Oregon
3/31/2013,8.2,1158.839266,189609.7,OR,3.565,0.14,232.282,16648.189,936,Oregon
4/30/2013,8.1,1403.215317,189609.7,OR,3.445,0.15,231.797,16728.687,1012,Oregon
5/31/2013,7.9,1057.983333,189609.7,OR,3.536,0.11,231.893,16728.687,1003,Oregon
6/30/2013,7.8,1140.96237,189609.7,OR,4.07,0.09,232.445,16728.687,942,Oregon
7/31/2013,7.7,1332.073895,189609.7,OR,4.37,0.09,232.9,16953.838,997,Oregon
8/31/2013,7.5,1138.408286,189609.7,OR,4.456,0.08,233.456,16953.838,964,Oregon
9/30/2013,7.4,866.3823108,189609.7,OR,4.49,0.08,233.544,16953.838,1004,Oregon
10/31/2013,7.3,1213.606611,189609.7,OR,4.192,0.09,233.669,17192.019,1044,Oregon
11/30/2013,7.2,994.403754,189609.7,OR,4.255,0.08,234.1,17192.019,1029,Oregon
12/31/2013,7.2,1120.632243,189609.7,OR,4.4575,0.09,234.719,17192.019,1005,Oregon
1/31/2014,7.2,1427.803752,195808.2,OR,4.432,0.07,235.288,17197.738,976,Oregon
2/28/2014,7.1,933.1705738,195808.2,OR,4.3025,0.07,235.547,17197.738,1039,Oregon
3/31/2014,7,1100.533075,195808.2,OR,4.3425,0.08,236.028,17197.738,1067,Oregon
4/30/2014,6.9,1398.271996,195808.2,OR,4.3375,0.09,236.468,17518.508,1090,Oregon
5/31/2014,6.8,2063.275782,195808.2,OR,4.192,0.09,236.918,17518.508,1018,Oregon
6/30/2014,6.7,1264.883048,195808.2,OR,4.1625,0.1,237.231,17518.508,1010,Oregon
7/31/2014,6.6,1207.254753,195808.2,OR,4.13,0.09,237.498,17804.228,1076,Oregon
8/31/2014,6.5,934.9167244,195808.2,OR,4.115,0.09,237.46,17804.228,1047,Oregon
9/30/2014,6.4,1262.37181,195808.2,OR,4.1625,0.09,237.477,17804.228,1077,Oregon
10/31/2014,6.3,1883.655746,195808.2,OR,4.036,0.09,237.43,17912.079,1094,Oregon
11/30/2014,6.2,1131.760886,195808.2,OR,3.9975,0.09,236.983,17912.079,1059,Oregon
12/31/2014,6,1115.875874,195808.2,OR,3.864,0.12,236.252,17912.079,1072,Oregon
1/31/2015,5.8,921.3618507,205581.8,OR,3.67,0.11,234.747,18063.529,1049,Oregon
2/28/2015,5.8,1612.227354,205581.8,OR,3.71,0.11,235.342,18063.529,1127,Oregon
3/31/2015,5.7,952.9530494,205581.8,OR,3.77,0.11,235.976,18063.529,1072,Oregon
4/30/2015,5.6,1056.877138,205581.8,OR,3.672,0.12,236.222,18279.784,1166,Oregon
5/31/2015,5.6,1223.347891,205581.8,OR,3.84,0.12,237.001,18279.784,1272,Oregon
6/30/2015,5.5,1811.994275,205581.8,OR,3.9825,0.13,237.657,18279.784,1379,Oregon
7/31/2015,5.5,1240.583719,205581.8,OR,4.046,0.13,238.034,18401.626,1140,Oregon
8/31/2015,5.4,1260.169467,205581.8,OR,3.905,0.14,238.033,18401.626,1165,Oregon
9/30/2015,5.3,1647.876513,205581.8,OR,3.89,0.14,237.498,18401.626,1144,Oregon
10/31/2015,5.2,1637.790382,205581.8,OR,3.796,0.12,237.733,18435.137,1160,Oregon
11/30/2015,5.1,1560.063769,205581.8,OR,3.9425,0.12,238.017,18435.137,1244,Oregon
12/31/2015,5,1505.148882,205581.8,OR,3.964,0.24,237.761,18435.137,1211,Oregon
1/31/2016,5,1448.519054,214769.3,OR,3.8725,0.34,237.652,18525.933,1171,Oregon
2/29/2016,4.9,1527.672392,214769.3,OR,3.66,0.38,237.336,18525.933,1172,Oregon
3/31/2016,4.9,1741.605437,214769.3,OR,3.694,0.36,238.08,18525.933,1118,Oregon
4/30/2016,4.9,1411.148756,214769.3,OR,3.605,0.37,238.992,18711.702,1160,Oregon
5/31/2016,4.9,1816.548684,214769.3,OR,3.6,0.37,239.557,18711.702,1205,Oregon
6/30/2016,4.9,1339.067696,214769.3,OR,3.568,0.38,240.222,18711.702,1208,Oregon
7/31/2016,4.9,1852.381522,214769.3,OR,3.44,0.39,240.101,18892.639,1198,Oregon
8/31/2016,4.8,1761.135356,214769.3,OR,3.435,0.4,240.545,18892.639,1201,Oregon
9/30/2016,4.7,1518.951945,214769.3,OR,3.46,0.4,241.176,18892.639,1303,Oregon
10/31/2016,4.5,1330.354142,214769.3,OR,3.47,0.4,241.741,19089.379,1254,Oregon
11/30/2016,4.4,1681.683892,214769.3,OR,3.77,0.41,242.026,19089.379,1230,Oregon
12/31/2016,4.2,1179.717431,214769.3,OR,4.198,0.54,242.637,19089.379,1248,Oregon
1/31/2017,4.1,1755.426487,225534.5,OR,4.15,0.65,243.618,19280.084,1303,Oregon
2/28/2017,4,1345.947432,225534.5,OR,4.1675,0.66,244.006,19280.084,1234,Oregon
3/31/2017,4,1404.931579,225534.5,OR,4.196,0.79,243.892,19280.084,1272,Oregon
4/30/2017,3.9,993.3303857,225534.5,OR,4.045,0.9,244.193,19438.643,1251,Oregon
5/31/2017,4,1787.499832,225534.5,OR,4.01,0.91,244.004,19438.643,1208,Oregon
6/30/2017,4,1964.935106,225534.5,OR,3.904,1.04,244.163,19438.643,1353,Oregon
7/31/2017,4.1,1595.4784,225534.5,OR,3.9675,1.15,244.243,19692.595,1256,Oregon
8/31/2017,4.1,2404.729026,225534.5,OR,3.88,1.16,245.183,19692.595,1319,Oregon
9/30/2017,4.1,1700.013394,225534.5,OR,3.805,1.15,246.435,19692.595,1273,Oregon
10/31/2017,4.2,1450.615442,225534.5,OR,3.895,1.15,246.626,20037.088,1356,Oregon
11/30/2017,4.2,1838.083814,225534.5,OR,3.922,1.16,247.284,20037.088,1299,Oregon
12/31/2017,4.1,1876.967475,225534.5,OR,3.95,1.3,247.805,20037.088,1311,Oregon
1/31/2018,4.1,2330.430809,234308.3,OR,4.0325,1.41,248.859,20328.553,1317,Oregon
2/28/2018,4.1,2012.94193,234308.3,OR,4.33,1.42,249.529,20328.553,1321,Oregon
3/31/2018,4,1476.524132,234308.3,OR,4.444,1.51,249.577,20328.553,1385,Oregon
4/30/2018,3.9,1494.023128,234308.3,OR,4.4675,1.69,250.227,20580.912,1378,Oregon
5/31/2018,3.9,1415.181858,234308.3,OR,4.586,1.7,250.792,20580.912,1338,Oregon
6/30/2018,3.8,1407.319711,234308.3,OR,4.57,1.82,251.018,20580.912,1345,Oregon
7/31/2018,3.9,1205.670253,234308.3,OR,4.5275,1.91,251.214,20798.73,1334,Oregon
8/31/2018,3.9,1530.875847,234308.3,OR,4.55,1.91,251.663,20798.73,1273,Oregon
9/30/2018,4.1,1477.776054,234308.3,OR,4.6275,1.95,252.182,20798.73,1314,Oregon
10/31/2018,4.2,1806.724566,234308.3,OR,4.83,2.19,252.772,20917.867,1272,Oregon
11/30/2018,4.2,1912.706105,234308.3,OR,4.866,2.2,252.594,20917.867,1340,Oregon
12/31/2018,4.3,1613.348954,234308.3,OR,4.6375,2.27,252.767,20917.867,1317,Oregon
1/31/2019,4.2,1553.632456,239794.8,OR,4.464,2.4,252.561,21111.6,1254,Oregon
2/28/2019,4.1,1819.027716,239794.8,OR,4.37,2.4,253.319,21111.6,1286,Oregon
3/31/2019,4,1967.150906,239794.8,OR,4.265,2.41,254.277,21111.6,1295,Oregon
4/30/2019,3.9,1720.854753,239794.8,OR,4.1425,2.42,255.233,21397.938,1322,Oregon
5/31/2019,3.8,1656.479981,239794.8,OR,4.072,2.39,255.296,21397.938,1347,Oregon
6/30/2019,3.7,1327.484812,239794.8,OR,3.8025,2.38,255.213,21397.938,1299,Oregon
7/31/2019,3.7,1581.853201,239794.8,OR,3.765,2.4,255.802,21717.171,1379,Oregon
8/31/2019,3.6,1718.787371,239794.8,OR,3.616,2.13,256.036,21717.171,1482,Oregon
9/30/2019,3.5,2094.411163,239794.8,OR,3.605,2.04,256.43,21717.171,1469,Oregon
10/31/2019,3.4,2222.97654,239794.8,OR,3.688,1.83,257.155,21933.217,1523,Oregon
11/30/2019,3.4,1156.002671,239794.8,OR,3.695,1.55,257.879,21933.217,1535,Oregon
12/31/2019,3.4,1969.563718,239794.8,OR,3.72,1.55,258.63,21933.217,1443,Oregon
1/31/2020,3.4,1313.936155,236651.4,OR,3.624,1.55,259.127,21751.238,1495,Oregon
2/29/2020,3.6,1040.088578,236651.4,OR,3.465,1.58,259.25,21751.238,1455,Oregon
3/31/2020,3.7,1839.641157,236651.4,OR,3.45,0.65,258.076,21751.238,1346,Oregon
4/30/2020,13.7,1700.020256,236651.4,OR,3.306,0.05,256.032,19958.291,1076,Oregon
5/31/2020,11.8,1272.355552,236651.4,OR,3.2325,0.05,255.802,19958.291,1250,Oregon
6/30/2020,10.2,1542.105429,236651.4,OR,3.1625,0.08,257.042,19958.291,1334,Oregon
7/31/2020,9.2,1294.408522,236651.4,OR,3.016,0.09,258.352,21704.437,1546,Oregon
8/31/2020,7.9,1515.573957,236651.4,OR,2.935,0.1,259.316,21704.437,1533,Oregon
9/30/2020,7.5,1058.608966,236651.4,OR,2.89,0.09,259.997,21704.437,1636,Oregon
10/31/2020,6.8,1583.492328,236651.4,OR,2.834,0.09,260.319,22087.16,1613,Oregon
11/30/2020,6.6,1412.209396,236651.4,OR,2.765,0.09,260.911,22087.16,1703,Oregon
12/31/2020,6.5,1694.027506,236651.4,OR,2.684,0.09,262.045,22087.16,1752,Oregon
1/31/2021,6.3,1336.239143,250919.9,OR,2.735,0.09,262.639,22680.693,1855,Oregon
2/28/2021,6.2,1727.662079,250919.9,OR,2.81,0.08,263.573,22680.693,1711,Oregon
3/31/2021,6.1,2072.871083,250919.9,OR,3.0825,0.07,264.847,22680.693,1756,Oregon
4/30/2021,6,1926.944742,250919.9,OR,3.06,0.07,266.625,23425.91,1721,Oregon
5/31/2021,5.6,1831.165253,250919.9,OR,2.9625,0.06,268.404,23425.91,1703,Oregon
6/30/2021,5.4,1564.698489,250919.9,OR,2.975,0.08,270.71,23425.91,1654,Oregon
7/31/2021,5,1940.212655,250919.9,OR,2.868,0.1,271.965,23982.379,1658,Oregon
8/31/2021,4.7,1564.707762,250919.9,OR,2.8425,0.09,272.752,23982.379,1736,Oregon
9/30/2021,4.4,1597.399519,250919.9,OR,2.9,0.08,273.942,23982.379,1640,Oregon
10/31/2021,4.2,1483.854326,250919.9,OR,3.0675,0.08,276.528,24813.6,1707,Oregon
11/30/2021,4,1678.321125,250919.9,OR,3.0675,0.08,278.824,24813.6,1765,Oregon
12/31/2021,3.9,1728.552943,250919.9,OR,3.098,0.08,280.806,24813.6,1919,Oregon
1/31/2022,3.9,1681.989217,254237.5,OR,3.445,0.08,282.542,25250.347,1920,Oregon
2/28/2022,3.8,2311.290248,254237.5,OR,3.7625,0.08,284.525,25250.347,1857,Oregon
3/31/2022,3.7,1414.954226,254237.5,OR,4.172,0.2,287.467,25250.347,1868,Oregon
4/30/2022,3.7,1650.960544,254237.5,OR,4.9825,0.33,288.582,25861.292,1859,Oregon
5/31/2022,3.8,1462.710558,254237.5,OR,5.23,0.77,291.299,25861.292,1704,Oregon
6/30/2022,3.9,1905.691471,254237.5,OR,5.522,1.21,295.072,25861.292,1737,Oregon
7/31/2022,3.9,1858.241039,254237.5,OR,5.4125,1.68,294.94,26336.304,1703,Oregon
8/31/2022,4,1340.073539,254237.5,OR,5.2225,2.33,295.162,26336.304,1557,Oregon
9/30/2022,4.1,2464.713423,254237.5,OR,6.112,2.56,296.421,26336.304,1600,Oregon
10/31/2022,4.2,1159.689843,254237.5,OR,6.9,3.08,297.979,26770.514,1594,Oregon
11/30/2022,4.1,988.0530681,254237.5,OR,6.805,3.78,298.708,26770.514,1401,Oregon
12/31/2022,4,1871.744482,254237.5,OR,6.364,4.1,298.808,26770.514,1410,Oregon
1/31/2023,3.8,1897.020795,258023.4,OR,6.2725,4.33,300.456,27216.445,1410,Oregon
2/28/2023,3.7,1805.412565,258023.4,OR,6.2575,4.57,301.476,27216.445,1618,Oregon
3/31/2023,3.6,1206.253972,258023.4,OR,6.544,4.65,301.643,27216.445,1480,Oregon
4/30/2023,3.6,1666.410794,258023.4,OR,6.3425,4.83,302.858,27530.055,1474,Oregon
5/31/2023,3.6,1605.913313,258023.4,OR,6.425,5.06,303.316,27530.055,1575,Oregon
6/30/2023,3.6,1468.007891,258023.4,OR,6.714,5.08,304.099,27530.055,1464,Oregon
7/31/2023,3.7,1347.037255,258023.4,OR,6.84,5.12,304.615,28074.846,1522,Oregon
8/31/2023,3.8,1550.418154,258023.4,OR,7.072,5.33,306.138,28074.846,1561,Oregon
9/30/2023,3.8,1242.842311,258023.4,OR,7.2,5.33,307.374,28074.846,1537,Oregon
10/31/2023,3.9,1272.191619,258023.4,OR,7.62,5.33,307.653,28424.722,1528,Oregon
11/30/2023,4,1393.744288,258023.4,OR,7.442,5.33,308.087,28424.722,1503,Oregon
12/31/2023,4,975.3741291,258023.4,OR,6.815,5.33,308.735,28424.722,1519,Oregon
1/31/2024,4.1,1083.8722,263347.7,OR,6.6425,5.33,309.794,28708.161,1545,Oregon
2/29/2024,4.1,1050.949068,263347.7,OR,6.776,5.33,311.022,28708.161,1577,Oregon
3/31/2024,4.1,1143.383087,263347.7,OR,6.82,5.33,312.107,28708.161,1476,Oregon
4/30/2024,4.1,1103.321797,263347.7,OR,6.9925,5.33,313.016,29147.044,1459,Oregon
5/31/2024,4.1,1286.658456,263347.7,OR,7.06,5.33,313.14,29147.044,1407,Oregon
6/30/2024,4.1,1667.187921,263347.7,OR,6.9175,5.33,313.131,29147.044,1461,Oregon
7/31/2024,4.2,1103.205599,263347.7,OR,6.8475,5.33,313.566,29511.664,1436,Oregon
8/31/2024,4.2,1088.394108,263347.7,OR,6.5,5.33,314.131,29511.664,1476,Oregon
9/30/2024,4.2,1239.194102,263347.7,OR,6.18,5.13,314.851,29511.664,1434,Oregon
10/31/2024,4.3,999.7640927,263347.7,OR,6.428,4.83,315.564,29825.182,1428,Oregon
11/30/2024,4.3,1146.638887,263347.7,OR,6.805,4.64,316.449,29825.182,1508,Oregon
12/31/2024,4.3,1047.434204,263347.7,OR,6.715,4.48,317.603,29825.182,1480,Oregon
1/31/2025,4.4,1236.709092,263347.7,OR,6.958,4.33,319.086,30042.113,1460,Oregon
2/28/2025,4.5,1011.663558,263347.7,OR,6.8425,4.33,319.775,30042.113,1454,Oregon
3/31/2025,4.6,1178.17268,263347.7,OR,6.65,4.33,319.615,30042.113,1481,Oregon
4/30/2025,4.7,1080.621641,263347.7,OR,6.725,4.33,320.321,30485.729,1422,Oregon
5/31/2025,4.8,1090.143457,263347.7,OR,6.816,4.33,320.58,30485.729,1394,Oregon
6/30/2025,4.9,1167.502965,263347.7,OR,6.8175,4.33,321.5,30485.729,1393,Oregon
7/31/2025,4.9,1257.940308,263347.7,OR,6.72,4.33,322.132,30485.729,1362,Oregon
8/31/2025,5,1179.91961,263347.7,OR,6.5875,4.33,323.364,30485.729,1330,Oregon
9/30/2025,4.4,1258.406926,263347.7,OR,6.3525,4.22,323.364,30485.729,1330,Oregon
1/31/2012,7.5,1665.795143,689007,PA,3.915,0.08,227.842,16068.805,712,Pennsylvania
2/29/2012,7.4,1613.130273,689007,PA,3.89,0.1,228.329,16068.805,738,Pennsylvania
3/31/2012,7.5,1521.88949,689007,PA,3.954,0.13,228.807,16068.805,806,Pennsylvania
4/30/2012,7.5,1623.786211,689007,PA,3.91,0.14,229.187,16207.115,732,Pennsylvania
5/31/2012,7.6,1442.490566,689007,PA,3.798,0.16,228.713,16207.115,796,Pennsylvania
6/30/2012,7.7,1848.963116,689007,PA,3.675,0.16,228.524,16207.115,794,Pennsylvania
7/31/2012,7.7,1818.884054,689007,PA,3.55,0.16,228.59,16319.541,849,Pennsylvania
8/31/2012,7.7,1527.177483,689007,PA,3.602,0.13,229.918,16319.541,840,Pennsylvania
9/30/2012,7.6,1436.157122,689007,PA,3.4975,0.14,231.015,16319.541,930,Pennsylvania
10/31/2012,7.6,1461.856335,689007,PA,3.3825,0.16,231.638,16420.419,887,Pennsylvania
11/30/2012,7.6,1446.317779,689007,PA,3.352,0.16,231.249,16420.419,917,Pennsylvania
12/31/2012,7.6,2447.158967,689007,PA,3.345,0.16,231.221,16420.419,941,Pennsylvania
1/31/2013,7.5,1570.469556,704195,PA,3.414,0.14,231.679,16648.189,940,Pennsylvania
2/28/2013,7.4,1596.207713,704195,PA,3.5325,0.15,232.937,16648.189,980,Pennsylvania
3/31/2013,7.3,2113.525033,704195,PA,3.565,0.14,232.282,16648.189,936,Pennsylvania
4/30/2013,7.2,1881.537886,704195,PA,3.445,0.15,231.797,16728.687,1012,Pennsylvania
5/31/2013,7.1,1970.756256,704195,PA,3.536,0.11,231.893,16728.687,1003,Pennsylvania
6/30/2013,7.1,1656.736271,704195,PA,4.07,0.09,232.445,16728.687,942,Pennsylvania
7/31/2013,7,2369.115462,704195,PA,4.37,0.09,232.9,16953.838,997,Pennsylvania
8/31/2013,7,1774.482818,704195,PA,4.456,0.08,233.456,16953.838,964,Pennsylvania
9/30/2013,6.9,1611.736486,704195,PA,4.49,0.08,233.544,16953.838,1004,Pennsylvania
10/31/2013,6.8,1880.026159,704195,PA,4.192,0.09,233.669,17192.019,1044,Pennsylvania
11/30/2013,6.7,2000.580036,704195,PA,4.255,0.08,234.1,17192.019,1029,Pennsylvania
12/31/2013,6.6,1769.086463,704195,PA,4.4575,0.09,234.719,17192.019,1005,Pennsylvania
1/31/2014,6.5,1919.795671,718691.6,PA,4.432,0.07,235.288,17197.738,976,Pennsylvania
2/28/2014,6.4,1165.966222,718691.6,PA,4.3025,0.07,235.547,17197.738,1039,Pennsylvania
3/31/2014,6.3,1840.013332,718691.6,PA,4.3425,0.08,236.028,17197.738,1067,Pennsylvania
4/30/2014,6.2,2157.012633,718691.6,PA,4.3375,0.09,236.468,17518.508,1090,Pennsylvania
5/31/2014,6.1,1933.46553,718691.6,PA,4.192,0.09,236.918,17518.508,1018,Pennsylvania
6/30/2014,6,1736.636948,718691.6,PA,4.1625,0.1,237.231,17518.508,1010,Pennsylvania
7/31/2014,5.9,1932.52943,718691.6,PA,4.13,0.09,237.498,17804.228,1076,Pennsylvania
8/31/2014,5.8,1712.568583,718691.6,PA,4.115,0.09,237.46,17804.228,1047,Pennsylvania
9/30/2014,5.7,2000.69518,718691.6,PA,4.1625,0.09,237.477,17804.228,1077,Pennsylvania
10/31/2014,5.6,1908.489438,718691.6,PA,4.036,0.09,237.43,17912.079,1094,Pennsylvania
11/30/2014,5.6,1864.42289,718691.6,PA,3.9975,0.09,236.983,17912.079,1059,Pennsylvania
12/31/2014,5.5,1681.538426,718691.6,PA,3.864,0.12,236.252,17912.079,1072,Pennsylvania
1/31/2015,5.5,1286.408982,734145.1,PA,3.67,0.11,234.747,18063.529,1049,Pennsylvania
2/28/2015,5.6,1759.392939,734145.1,PA,3.71,0.11,235.342,18063.529,1127,Pennsylvania
3/31/2015,5.6,1157.928508,734145.1,PA,3.77,0.11,235.976,18063.529,1072,Pennsylvania
4/30/2015,5.5,2669.978142,734145.1,PA,3.672,0.12,236.222,18279.784,1166,Pennsylvania
5/31/2015,5.5,1655.028778,734145.1,PA,3.84,0.12,237.001,18279.784,1272,Pennsylvania
6/30/2015,5.4,2048.97733,734145.1,PA,3.9825,0.13,237.657,18279.784,1379,Pennsylvania
7/31/2015,5.4,1750.067336,734145.1,PA,4.046,0.13,238.034,18401.626,1140,Pennsylvania
8/31/2015,5.3,1832.581558,734145.1,PA,3.905,0.14,238.033,18401.626,1165,Pennsylvania
9/30/2015,5.3,1930.513873,734145.1,PA,3.89,0.14,237.498,18401.626,1144,Pennsylvania
10/31/2015,5.3,1933.489252,734145.1,PA,3.796,0.12,237.733,18435.137,1160,Pennsylvania
11/30/2015,5.3,1784.930708,734145.1,PA,3.9425,0.12,238.017,18435.137,1244,Pennsylvania
12/31/2015,5.3,2141.135109,734145.1,PA,3.964,0.24,237.761,18435.137,1211,Pennsylvania
1/31/2016,5.3,1833.902855,744847.1,PA,3.8725,0.34,237.652,18525.933,1171,Pennsylvania
2/29/2016,5.3,1942.326073,744847.1,PA,3.66,0.38,237.336,18525.933,1172,Pennsylvania
3/31/2016,5.3,1660.477569,744847.1,PA,3.694,0.36,238.08,18525.933,1118,Pennsylvania
4/30/2016,5.4,1622.313364,744847.1,PA,3.605,0.37,238.992,18711.702,1160,Pennsylvania
5/31/2016,5.4,1649.298739,744847.1,PA,3.6,0.37,239.557,18711.702,1205,Pennsylvania
6/30/2016,5.4,1905.053188,744847.1,PA,3.568,0.38,240.222,18711.702,1208,Pennsylvania
7/31/2016,5.4,1250.433191,744847.1,PA,3.44,0.39,240.101,18892.639,1198,Pennsylvania
8/31/2016,5.4,1917.966794,744847.1,PA,3.435,0.4,240.545,18892.639,1201,Pennsylvania
9/30/2016,5.3,1978.953027,744847.1,PA,3.46,0.4,241.176,18892.639,1303,Pennsylvania
10/31/2016,5.3,1938.794572,744847.1,PA,3.47,0.4,241.741,19089.379,1254,Pennsylvania
11/30/2016,5.3,2009.891466,744847.1,PA,3.77,0.41,242.026,19089.379,1230,Pennsylvania
12/31/2016,5.2,1633.833373,744847.1,PA,4.198,0.54,242.637,19089.379,1248,Pennsylvania
1/31/2017,5.2,1901.962523,754318,PA,4.15,0.65,243.618,19280.084,1303,Pennsylvania
2/28/2017,5.1,1732.832493,754318,PA,4.1675,0.66,244.006,19280.084,1234,Pennsylvania
3/31/2017,5.1,2564.7391,754318,PA,4.196,0.79,243.892,19280.084,1272,Pennsylvania
4/30/2017,5,1721.390337,754318,PA,4.045,0.9,244.193,19438.643,1251,Pennsylvania
5/31/2017,5,2231.082468,754318,PA,4.01,0.91,244.004,19438.643,1208,Pennsylvania
6/30/2017,4.9,1805.46969,754318,PA,3.904,1.04,244.163,19438.643,1353,Pennsylvania
7/31/2017,4.9,1612.32203,754318,PA,3.9675,1.15,244.243,19692.595,1256,Pennsylvania
8/31/2017,4.9,1736.671154,754318,PA,3.88,1.16,245.183,19692.595,1319,Pennsylvania
9/30/2017,4.9,1950.938046,754318,PA,3.805,1.15,246.435,19692.595,1273,Pennsylvania
10/31/2017,4.9,1753.06511,754318,PA,3.895,1.15,246.626,20037.088,1356,Pennsylvania
11/30/2017,4.9,1885.739912,754318,PA,3.922,1.16,247.284,20037.088,1299,Pennsylvania
12/31/2017,4.9,1970.977691,754318,PA,3.95,1.3,247.805,20037.088,1311,Pennsylvania
1/31/2018,4.8,1728.399779,763855.4,PA,4.0325,1.41,248.859,20328.553,1317,Pennsylvania
2/28/2018,4.7,1821.163243,763855.4,PA,4.33,1.42,249.529,20328.553,1321,Pennsylvania
3/31/2018,4.6,1915.391482,763855.4,PA,4.444,1.51,249.577,20328.553,1385,Pennsylvania
4/30/2018,4.5,2017.239563,763855.4,PA,4.4675,1.69,250.227,20580.912,1378,Pennsylvania
5/31/2018,4.4,2227.686127,763855.4,PA,4.586,1.7,250.792,20580.912,1338,Pennsylvania
6/30/2018,4.3,1719.545241,763855.4,PA,4.57,1.82,251.018,20580.912,1345,Pennsylvania
7/31/2018,4.3,2280.181292,763855.4,PA,4.5275,1.91,251.214,20798.73,1334,Pennsylvania
8/31/2018,4.2,1880.400403,763855.4,PA,4.55,1.91,251.663,20798.73,1273,Pennsylvania
9/30/2018,4.2,1801.974774,763855.4,PA,4.6275,1.95,252.182,20798.73,1314,Pennsylvania
10/31/2018,4.3,2947.872831,763855.4,PA,4.83,2.19,252.772,20917.867,1272,Pennsylvania
11/30/2018,4.3,1783.954265,763855.4,PA,4.866,2.2,252.594,20917.867,1340,Pennsylvania
12/31/2018,4.3,1736.559515,763855.4,PA,4.6375,2.27,252.767,20917.867,1317,Pennsylvania
1/31/2019,4.3,1792.651011,771852.5,PA,4.464,2.4,252.561,21111.6,1254,Pennsylvania
2/28/2019,4.3,1843.513318,771852.5,PA,4.37,2.4,253.319,21111.6,1286,Pennsylvania
3/31/2019,4.3,1741.873362,771852.5,PA,4.265,2.41,254.277,21111.6,1295,Pennsylvania
4/30/2019,4.2,1880.443194,771852.5,PA,4.1425,2.42,255.233,21397.938,1322,Pennsylvania
5/31/2019,4.2,1673.495601,771852.5,PA,4.072,2.39,255.296,21397.938,1347,Pennsylvania
6/30/2019,4.2,2278.875021,771852.5,PA,3.8025,2.38,255.213,21397.938,1299,Pennsylvania
7/31/2019,4.2,1850.179169,771852.5,PA,3.765,2.4,255.802,21717.171,1379,Pennsylvania
8/31/2019,4.2,2276.690867,771852.5,PA,3.616,2.13,256.036,21717.171,1482,Pennsylvania
9/30/2019,4.3,1805.470905,771852.5,PA,3.605,2.04,256.43,21717.171,1469,Pennsylvania
10/31/2019,4.3,2093.873734,771852.5,PA,3.688,1.83,257.155,21933.217,1523,Pennsylvania
11/30/2019,4.3,1444.431572,771852.5,PA,3.695,1.55,257.879,21933.217,1535,Pennsylvania
12/31/2019,4.4,2345.192602,771852.5,PA,3.72,1.55,258.63,21933.217,1443,Pennsylvania
1/31/2020,4.4,2847.789415,738176.1,PA,3.624,1.55,259.127,21751.238,1495,Pennsylvania
2/29/2020,4.6,2052.297399,738176.1,PA,3.465,1.58,259.25,21751.238,1455,Pennsylvania
3/31/2020,4.8,1561.732487,738176.1,PA,3.45,0.65,258.076,21751.238,1346,Pennsylvania
4/30/2020,16.1,686.4739706,738176.1,PA,3.306,0.05,256.032,19958.291,1076,Pennsylvania
5/31/2020,12.9,1812.326756,738176.1,PA,3.2325,0.05,255.802,19958.291,1250,Pennsylvania
6/30/2020,11.3,1909.087787,738176.1,PA,3.1625,0.08,257.042,19958.291,1334,Pennsylvania
7/31/2020,10.4,2473.455422,738176.1,PA,3.016,0.09,258.352,21704.437,1546,Pennsylvania
8/31/2020,9.3,1962.072415,738176.1,PA,2.935,0.1,259.316,21704.437,1533,Pennsylvania
9/30/2020,8.7,2418.05337,738176.1,PA,2.89,0.09,259.997,21704.437,1636,Pennsylvania
10/31/2020,8.1,2144.317604,738176.1,PA,2.834,0.09,260.319,22087.16,1613,Pennsylvania
11/30/2020,7.8,2532.724357,738176.1,PA,2.765,0.09,260.911,22087.16,1703,Pennsylvania
12/31/2020,7.6,2421.064853,738176.1,PA,2.684,0.09,262.045,22087.16,1752,Pennsylvania
1/31/2021,7.3,4845.589737,766140,PA,2.735,0.09,262.639,22680.693,1855,Pennsylvania
2/28/2021,7.1,3712.441976,766140,PA,2.81,0.08,263.573,22680.693,1711,Pennsylvania
3/31/2021,6.8,3421.013149,766140,PA,3.0825,0.07,264.847,22680.693,1756,Pennsylvania
4/30/2021,6.5,2643.83468,766140,PA,3.06,0.07,266.625,23425.91,1721,Pennsylvania
5/31/2021,6.3,2481.266884,766140,PA,2.9625,0.06,268.404,23425.91,1703,Pennsylvania
6/30/2021,6.1,2348.702926,766140,PA,2.975,0.08,270.71,23425.91,1654,Pennsylvania
7/31/2021,5.9,2338.588119,766140,PA,2.868,0.1,271.965,23982.379,1658,Pennsylvania
8/31/2021,5.6,2635.186488,766140,PA,2.8425,0.09,272.752,23982.379,1736,Pennsylvania
9/30/2021,5.2,2085.919338,766140,PA,2.9,0.08,273.942,23982.379,1640,Pennsylvania
10/31/2021,4.9,2105.26553,766140,PA,3.0675,0.08,276.528,24813.6,1707,Pennsylvania
11/30/2021,4.7,2379.967527,766140,PA,3.0675,0.08,278.824,24813.6,1765,Pennsylvania
12/31/2021,4.4,13524.9341,766140,PA,3.098,0.08,280.806,24813.6,1919,Pennsylvania
1/31/2022,4.3,2245.057785,776824.7,PA,3.445,0.08,282.542,25250.347,1920,Pennsylvania
2/28/2022,4.2,1823.249111,776824.7,PA,3.7625,0.08,284.525,25250.347,1857,Pennsylvania
3/31/2022,4.2,2191.431942,776824.7,PA,4.172,0.2,287.467,25250.347,1868,Pennsylvania
4/30/2022,4.2,2044.993777,776824.7,PA,4.9825,0.33,288.582,25861.292,1859,Pennsylvania
5/31/2022,4.2,2034.913892,776824.7,PA,5.23,0.77,291.299,25861.292,1704,Pennsylvania
6/30/2022,4.2,1947.265501,776824.7,PA,5.522,1.21,295.072,25861.292,1737,Pennsylvania
7/31/2022,4.1,2026.695629,776824.7,PA,5.4125,1.68,294.94,26336.304,1703,Pennsylvania
8/31/2022,4.1,1963.267187,776824.7,PA,5.2225,2.33,295.162,26336.304,1557,Pennsylvania
9/30/2022,4.1,1917.428209,776824.7,PA,6.112,2.56,296.421,26336.304,1600,Pennsylvania
10/31/2022,4,2023.90338,776824.7,PA,6.9,3.08,297.979,26770.514,1594,Pennsylvania
11/30/2022,4,2390.652308,776824.7,PA,6.805,3.78,298.708,26770.514,1401,Pennsylvania
12/31/2022,3.9,2025.538554,776824.7,PA,6.364,4.1,298.808,26770.514,1410,Pennsylvania
1/31/2023,3.9,1620.628177,789918.5,PA,6.2725,4.33,300.456,27216.445,1410,Pennsylvania
2/28/2023,3.8,1352.647709,789918.5,PA,6.2575,4.57,301.476,27216.445,1618,Pennsylvania
3/31/2023,3.7,1728.050214,789918.5,PA,6.544,4.65,301.643,27216.445,1480,Pennsylvania
4/30/2023,3.6,1872.310443,789918.5,PA,6.3425,4.83,302.858,27530.055,1474,Pennsylvania
5/31/2023,3.6,2212.347999,789918.5,PA,6.425,5.06,303.316,27530.055,1575,Pennsylvania
6/30/2023,3.5,2143.382556,789918.5,PA,6.714,5.08,304.099,27530.055,1464,Pennsylvania
7/31/2023,3.5,1805.371892,789918.5,PA,6.84,5.12,304.615,28074.846,1522,Pennsylvania
8/31/2023,3.6,1932.430161,789918.5,PA,7.072,5.33,306.138,28074.846,1561,Pennsylvania
9/30/2023,3.6,2319.34752,789918.5,PA,7.2,5.33,307.374,28074.846,1537,Pennsylvania
10/31/2023,3.7,3019.946529,789918.5,PA,7.62,5.33,307.653,28424.722,1528,Pennsylvania
11/30/2023,3.7,1981.827887,789918.5,PA,7.442,5.33,308.087,28424.722,1503,Pennsylvania
12/31/2023,3.7,1493.344702,789918.5,PA,6.815,5.33,308.735,28424.722,1519,Pennsylvania
1/31/2024,3.7,2107.169029,803232.5,PA,6.6425,5.33,309.794,28708.161,1545,Pennsylvania
2/29/2024,3.6,1968.874591,803232.5,PA,6.776,5.33,311.022,28708.161,1577,Pennsylvania
3/31/2024,3.6,2144.763464,803232.5,PA,6.82,5.33,312.107,28708.161,1476,Pennsylvania
4/30/2024,3.6,2036.955559,803232.5,PA,6.9925,5.33,313.016,29147.044,1459,Pennsylvania
5/31/2024,3.6,2239.22475,803232.5,PA,7.06,5.33,313.14,29147.044,1407,Pennsylvania
6/30/2024,3.6,2045.677713,803232.5,PA,6.9175,5.33,313.131,29147.044,1461,Pennsylvania
7/31/2024,3.6,2091.557131,803232.5,PA,6.8475,5.33,313.566,29511.664,1436,Pennsylvania
8/31/2024,3.6,2216.965064,803232.5,PA,6.5,5.33,314.131,29511.664,1476,Pennsylvania
9/30/2024,3.7,2023.771131,803232.5,PA,6.18,5.13,314.851,29511.664,1434,Pennsylvania
10/31/2024,3.7,2147.537687,803232.5,PA,6.428,4.83,315.564,29825.182,1428,Pennsylvania
11/30/2024,3.7,1959.444701,803232.5,PA,6.805,4.64,316.449,29825.182,1508,Pennsylvania
12/31/2024,3.7,2167.99497,803232.5,PA,6.715,4.48,317.603,29825.182,1480,Pennsylvania
1/31/2025,3.8,2232.313611,803232.5,PA,6.958,4.33,319.086,30042.113,1460,Pennsylvania
2/28/2025,3.8,2425.779494,803232.5,PA,6.8425,4.33,319.775,30042.113,1454,Pennsylvania
3/31/2025,3.8,2084.707865,803232.5,PA,6.65,4.33,319.615,30042.113,1481,Pennsylvania
4/30/2025,3.9,2207.751692,803232.5,PA,6.725,4.33,320.321,30485.729,1422,Pennsylvania
5/31/2025,3.9,1827.866928,803232.5,PA,6.816,4.33,320.58,30485.729,1394,Pennsylvania
6/30/2025,4,2039.854948,803232.5,PA,6.8175,4.33,321.5,30485.729,1393,Pennsylvania
7/31/2025,4,2004.660337,803232.5,PA,6.72,4.33,322.132,30485.729,1362,Pennsylvania
8/31/2025,4,1917.914518,803232.5,PA,6.5875,4.33,323.364,30485.729,1330,Pennsylvania
9/30/2025,4.4,1258.406926,803232.5,PA,6.3525,4.22,323.364,30485.729,1330,Pennsylvania
1/31/2012,10.9,71.77757153,56487.4,RI,3.915,0.08,227.842,16068.805,712,Rhode Island
2/29/2012,10.8,52.59898842,56487.4,RI,3.89,0.1,228.329,16068.805,738,Rhode Island
3/31/2012,10.7,55.20108342,56487.4,RI,3.954,0.13,228.807,16068.805,806,Rhode Island
4/30/2012,10.6,60.15444933,56487.4,RI,3.91,0.14,229.187,16207.115,732,Rhode Island
5/31/2012,10.5,58.50004936,56487.4,RI,3.798,0.16,228.713,16207.115,796,Rhode Island
6/30/2012,10.4,57.17250951,56487.4,RI,3.675,0.16,228.524,16207.115,794,Rhode Island
7/31/2012,10.3,69.75927729,56487.4,RI,3.55,0.16,228.59,16319.541,849,Rhode Island
8/31/2012,10.2,81.90981399,56487.4,RI,3.602,0.13,229.918,16319.541,840,Rhode Island
9/30/2012,10,66.85508277,56487.4,RI,3.4975,0.14,231.015,16319.541,930,Rhode Island
10/31/2012,9.9,55.86017754,56487.4,RI,3.3825,0.16,231.638,16420.419,887,Rhode Island
11/30/2012,9.7,71.87213878,56487.4,RI,3.352,0.16,231.249,16420.419,917,Rhode Island
12/31/2012,9.6,78.29539262,56487.4,RI,3.345,0.16,231.221,16420.419,941,Rhode Island
1/31/2013,9.6,83.08073579,57037.2,RI,3.414,0.14,231.679,16648.189,940,Rhode Island
2/28/2013,9.5,129.4559705,57037.2,RI,3.5325,0.15,232.937,16648.189,980,Rhode Island
3/31/2013,9.5,66.97663647,57037.2,RI,3.565,0.14,232.282,16648.189,936,Rhode Island
4/30/2013,9.5,83.62474171,57037.2,RI,3.445,0.15,231.797,16728.687,1012,Rhode Island
5/31/2013,9.6,72.66936685,57037.2,RI,3.536,0.11,231.893,16728.687,1003,Rhode Island
6/30/2013,9.6,69.55045611,57037.2,RI,4.07,0.09,232.445,16728.687,942,Rhode Island
7/31/2013,9.6,68.68831712,57037.2,RI,4.37,0.09,232.9,16953.838,997,Rhode Island
8/31/2013,9.6,69.78164251,57037.2,RI,4.456,0.08,233.456,16953.838,964,Rhode Island
9/30/2013,9.5,55.27632147,57037.2,RI,4.49,0.08,233.544,16953.838,1004,Rhode Island
10/31/2013,9.4,82.21745835,57037.2,RI,4.192,0.09,233.669,17192.019,1044,Rhode Island
11/30/2013,9.3,72.64079069,57037.2,RI,4.255,0.08,234.1,17192.019,1029,Rhode Island
12/31/2013,9.1,68.99124757,57037.2,RI,4.4575,0.09,234.719,17192.019,1005,Rhode Island
1/31/2014,8.9,69.28244437,57602.7,RI,4.432,0.07,235.288,17197.738,976,Rhode Island
2/28/2014,8.7,46.38816077,57602.7,RI,4.3025,0.07,235.547,17197.738,1039,Rhode Island
3/31/2014,8.5,88.97152114,57602.7,RI,4.3425,0.08,236.028,17197.738,1067,Rhode Island
4/30/2014,8.2,77.54305529,57602.7,RI,4.3375,0.09,236.468,17518.508,1090,Rhode Island
5/31/2014,8,79.15145073,57602.7,RI,4.192,0.09,236.918,17518.508,1018,Rhode Island
6/30/2014,7.8,82.73475583,57602.7,RI,4.1625,0.1,237.231,17518.508,1010,Rhode Island
7/31/2014,7.6,93.01646525,57602.7,RI,4.13,0.09,237.498,17804.228,1076,Rhode Island
8/31/2014,7.5,68.92249651,57602.7,RI,4.115,0.09,237.46,17804.228,1047,Rhode Island
9/30/2014,7.3,72.14918673,57602.7,RI,4.1625,0.09,237.477,17804.228,1077,Rhode Island
10/31/2014,7.1,87.21726714,57602.7,RI,4.036,0.09,237.43,17912.079,1094,Rhode Island
11/30/2014,6.9,60.42813991,57602.7,RI,3.9975,0.09,236.983,17912.079,1059,Rhode Island
12/31/2014,6.7,89.45509007,57602.7,RI,3.864,0.12,236.252,17912.079,1072,Rhode Island
1/31/2015,6.5,63.3850842,58387.9,RI,3.67,0.11,234.747,18063.529,1049,Rhode Island
2/28/2015,6.4,27.90629438,58387.9,RI,3.71,0.11,235.342,18063.529,1127,Rhode Island
3/31/2015,6.4,66.24326262,58387.9,RI,3.77,0.11,235.976,18063.529,1072,Rhode Island
4/30/2015,6.3,75.11228288,58387.9,RI,3.672,0.12,236.222,18279.784,1166,Rhode Island
5/31/2015,6.2,68.01920326,58387.9,RI,3.84,0.12,237.001,18279.784,1272,Rhode Island
6/30/2015,6,101.7465661,58387.9,RI,3.9825,0.13,237.657,18279.784,1379,Rhode Island
7/31/2015,5.9,74.12289617,58387.9,RI,4.046,0.13,238.034,18401.626,1140,Rhode Island
8/31/2015,5.8,68.16792386,58387.9,RI,3.905,0.14,238.033,18401.626,1165,Rhode Island
9/30/2015,5.7,99.0091315,58387.9,RI,3.89,0.14,237.498,18401.626,1144,Rhode Island
10/31/2015,5.7,75.66516499,58387.9,RI,3.796,0.12,237.733,18435.137,1160,Rhode Island
11/30/2015,5.7,93.92651975,58387.9,RI,3.9425,0.12,238.017,18435.137,1244,Rhode Island
12/31/2015,5.6,74.727345,58387.9,RI,3.964,0.24,237.761,18435.137,1211,Rhode Island
1/31/2016,5.6,81.38197337,58630,RI,3.8725,0.34,237.652,18525.933,1171,Rhode Island
2/29/2016,5.5,73.83489879,58630,RI,3.66,0.38,237.336,18525.933,1172,Rhode Island
3/31/2016,5.5,88.58267837,58630,RI,3.694,0.36,238.08,18525.933,1118,Rhode Island
4/30/2016,5.4,82.79742979,58630,RI,3.605,0.37,238.992,18711.702,1160,Rhode Island
5/31/2016,5.4,92.95924712,58630,RI,3.6,0.37,239.557,18711.702,1205,Rhode Island
6/30/2016,5.3,76.39009643,58630,RI,3.568,0.38,240.222,18711.702,1208,Rhode Island
7/31/2016,5.3,67.73153206,58630,RI,3.44,0.39,240.101,18892.639,1198,Rhode Island
8/31/2016,5.2,89.63336599,58630,RI,3.435,0.4,240.545,18892.639,1201,Rhode Island
9/30/2016,5.1,91.01376149,58630,RI,3.46,0.4,241.176,18892.639,1303,Rhode Island
10/31/2016,5,90.63811417,58630,RI,3.47,0.4,241.741,19089.379,1254,Rhode Island
11/30/2016,4.9,100.5385227,58630,RI,3.77,0.41,242.026,19089.379,1230,Rhode Island
12/31/2016,4.7,112.0734029,58630,RI,4.198,0.54,242.637,19089.379,1248,Rhode Island
1/31/2017,4.6,114.9191224,58771.6,RI,4.15,0.65,243.618,19280.084,1303,Rhode Island
2/28/2017,4.5,87.71760011,58771.6,RI,4.1675,0.66,244.006,19280.084,1234,Rhode Island
3/31/2017,4.5,100.3981678,58771.6,RI,4.196,0.79,243.892,19280.084,1272,Rhode Island
4/30/2017,4.4,75.11878887,58771.6,RI,4.045,0.9,244.193,19438.643,1251,Rhode Island
5/31/2017,4.4,91.11296055,58771.6,RI,4.01,0.91,244.004,19438.643,1208,Rhode Island
6/30/2017,4.4,98.92987465,58771.6,RI,3.904,1.04,244.163,19438.643,1353,Rhode Island
7/31/2017,4.4,103.8238567,58771.6,RI,3.9675,1.15,244.243,19692.595,1256,Rhode Island
8/31/2017,4.5,128.4182092,58771.6,RI,3.88,1.16,245.183,19692.595,1319,Rhode Island
9/30/2017,4.5,92.48989283,58771.6,RI,3.805,1.15,246.435,19692.595,1273,Rhode Island
10/31/2017,4.5,94.51881406,58771.6,RI,3.895,1.15,246.626,20037.088,1356,Rhode Island
11/30/2017,4.5,86.91939168,58771.6,RI,3.922,1.16,247.284,20037.088,1299,Rhode Island
12/31/2017,4.5,83.04090173,58771.6,RI,3.95,1.3,247.805,20037.088,1311,Rhode Island
1/31/2018,4.5,77.04688708,58740.1,RI,4.0325,1.41,248.859,20328.553,1317,Rhode Island
2/28/2018,4.4,116.981681,58740.1,RI,4.33,1.42,249.529,20328.553,1321,Rhode Island
3/31/2018,4.3,116.863566,58740.1,RI,4.444,1.51,249.577,20328.553,1385,Rhode Island
4/30/2018,4.1,106.538298,58740.1,RI,4.4675,1.69,250.227,20580.912,1378,Rhode Island
5/31/2018,4,125.6140524,58740.1,RI,4.586,1.7,250.792,20580.912,1338,Rhode Island
6/30/2018,4,76.60891993,58740.1,RI,4.57,1.82,251.018,20580.912,1345,Rhode Island
7/31/2018,3.9,99.05922213,58740.1,RI,4.5275,1.91,251.214,20798.73,1334,Rhode Island
8/31/2018,3.9,145.3917719,58740.1,RI,4.55,1.91,251.663,20798.73,1273,Rhode Island
9/30/2018,3.9,70.61541877,58740.1,RI,4.6275,1.95,252.182,20798.73,1314,Rhode Island
10/31/2018,3.9,89.9231084,58740.1,RI,4.83,2.19,252.772,20917.867,1272,Rhode Island
11/30/2018,3.9,85.12902813,58740.1,RI,4.866,2.2,252.594,20917.867,1340,Rhode Island
12/31/2018,3.8,67.80208569,58740.1,RI,4.6375,2.27,252.767,20917.867,1317,Rhode Island
1/31/2019,3.8,85.091018,60157.6,RI,4.464,2.4,252.561,21111.6,1254,Rhode Island
2/28/2019,3.7,88.36105144,60157.6,RI,4.37,2.4,253.319,21111.6,1286,Rhode Island
3/31/2019,3.6,67.29648592,60157.6,RI,4.265,2.41,254.277,21111.6,1295,Rhode Island
4/30/2019,3.5,94.69237391,60157.6,RI,4.1425,2.42,255.233,21397.938,1322,Rhode Island
5/31/2019,3.5,90.6479643,60157.6,RI,4.072,2.39,255.296,21397.938,1347,Rhode Island
6/30/2019,3.5,84.9811638,60157.6,RI,3.8025,2.38,255.213,21397.938,1299,Rhode Island
7/31/2019,3.5,115.778597,60157.6,RI,3.765,2.4,255.802,21717.171,1379,Rhode Island
8/31/2019,3.5,66.34784204,60157.6,RI,3.616,2.13,256.036,21717.171,1482,Rhode Island
9/30/2019,3.5,135.8284773,60157.6,RI,3.605,2.04,256.43,21717.171,1469,Rhode Island
10/31/2019,3.4,102.9736547,60157.6,RI,3.688,1.83,257.155,21933.217,1523,Rhode Island
11/30/2019,3.4,98.26446621,60157.6,RI,3.695,1.55,257.879,21933.217,1535,Rhode Island
12/31/2019,3.4,118.3606097,60157.6,RI,3.72,1.55,258.63,21933.217,1443,Rhode Island
1/31/2020,3.5,112.8195859,58132.3,RI,3.624,1.55,259.127,21751.238,1495,Rhode Island
2/29/2020,3.6,109.2106032,58132.3,RI,3.465,1.58,259.25,21751.238,1455,Rhode Island
3/31/2020,3.7,102.2416364,58132.3,RI,3.45,0.65,258.076,21751.238,1346,Rhode Island
4/30/2020,17.9,76.96148363,58132.3,RI,3.306,0.05,256.032,19958.291,1076,Rhode Island
5/31/2020,15.4,84.96044698,58132.3,RI,3.2325,0.05,255.802,19958.291,1250,Rhode Island
6/30/2020,13.4,119.098825,58132.3,RI,3.1625,0.08,257.042,19958.291,1334,Rhode Island
7/31/2020,12.2,92.78926763,58132.3,RI,3.016,0.09,258.352,21704.437,1546,Rhode Island
8/31/2020,10.4,101.1145123,58132.3,RI,2.935,0.1,259.316,21704.437,1533,Rhode Island
9/30/2020,10,136.8336723,58132.3,RI,2.89,0.09,259.997,21704.437,1636,Rhode Island
10/31/2020,7,119.2118625,58132.3,RI,2.834,0.09,260.319,22087.16,1613,Rhode Island
11/30/2020,7,127.4842717,58132.3,RI,2.765,0.09,260.911,22087.16,1703,Rhode Island
12/31/2020,7,123.3543832,58132.3,RI,2.684,0.09,262.045,22087.16,1752,Rhode Island
1/31/2021,6.6,123.0895639,60660,RI,2.735,0.09,262.639,22680.693,1855,Rhode Island
2/28/2021,6.4,115.1172936,60660,RI,2.81,0.08,263.573,22680.693,1711,Rhode Island
3/31/2021,6.3,138.1219497,60660,RI,3.0825,0.07,264.847,22680.693,1756,Rhode Island
4/30/2021,6.3,153.6187626,60660,RI,3.06,0.07,266.625,23425.91,1721,Rhode Island
5/31/2021,6.1,104.8705775,60660,RI,2.9625,0.06,268.404,23425.91,1703,Rhode Island
6/30/2021,6.2,138.1218175,60660,RI,2.975,0.08,270.71,23425.91,1654,Rhode Island
7/31/2021,5.9,111.2867363,60660,RI,2.868,0.1,271.965,23982.379,1658,Rhode Island
8/31/2021,5.6,123.9809911,60660,RI,2.8425,0.09,272.752,23982.379,1736,Rhode Island
9/30/2021,5.1,88.61856128,60660,RI,2.9,0.08,273.942,23982.379,1640,Rhode Island
10/31/2021,4.7,117.7105176,60660,RI,3.0675,0.08,276.528,24813.6,1707,Rhode Island
11/30/2021,4.2,144.7060906,60660,RI,3.0675,0.08,278.824,24813.6,1765,Rhode Island
12/31/2021,3.8,143.1167569,60660,RI,3.098,0.08,280.806,24813.6,1919,Rhode Island
1/31/2022,3.5,112.4004528,61517.3,RI,3.445,0.08,282.542,25250.347,1920,Rhode Island
2/28/2022,3.3,104.1405171,61517.3,RI,3.7625,0.08,284.525,25250.347,1857,Rhode Island
3/31/2022,3.2,88.35788528,61517.3,RI,4.172,0.2,287.467,25250.347,1868,Rhode Island
4/30/2022,3.1,120.8264429,61517.3,RI,4.9825,0.33,288.582,25861.292,1859,Rhode Island
5/31/2022,3.2,112.3130027,61517.3,RI,5.23,0.77,291.299,25861.292,1704,Rhode Island
6/30/2022,3.2,73.08645103,61517.3,RI,5.522,1.21,295.072,25861.292,1737,Rhode Island
7/31/2022,3.3,98.12839136,61517.3,RI,5.4125,1.68,294.94,26336.304,1703,Rhode Island
8/31/2022,3.4,113.975964,61517.3,RI,5.2225,2.33,295.162,26336.304,1557,Rhode Island
9/30/2022,3.3,142.9122361,61517.3,RI,6.112,2.56,296.421,26336.304,1600,Rhode Island
10/31/2022,3.2,85.50116731,61517.3,RI,6.9,3.08,297.979,26770.514,1594,Rhode Island
11/30/2022,3.1,73.64425755,61517.3,RI,6.805,3.78,298.708,26770.514,1401,Rhode Island
12/31/2022,3,90.50875347,61517.3,RI,6.364,4.1,298.808,26770.514,1410,Rhode Island
1/31/2023,2.9,88.21821467,62119.3,RI,6.2725,4.33,300.456,27216.445,1410,Rhode Island
2/28/2023,2.8,101.4206741,62119.3,RI,6.2575,4.57,301.476,27216.445,1618,Rhode Island
3/31/2023,2.8,105.8735639,62119.3,RI,6.544,4.65,301.643,27216.445,1480,Rhode Island
4/30/2023,2.7,88.4154008,62119.3,RI,6.3425,4.83,302.858,27530.055,1474,Rhode Island
5/31/2023,2.7,113.5010982,62119.3,RI,6.425,5.06,303.316,27530.055,1575,Rhode Island
6/30/2023,2.6,102.1190805,62119.3,RI,6.714,5.08,304.099,27530.055,1464,Rhode Island
7/31/2023,2.7,85.12934226,62119.3,RI,6.84,5.12,304.615,28074.846,1522,Rhode Island
8/31/2023,2.8,69.15811755,62119.3,RI,7.072,5.33,306.138,28074.846,1561,Rhode Island
9/30/2023,3.1,76.08233534,62119.3,RI,7.2,5.33,307.374,28074.846,1537,Rhode Island
10/31/2023,3.3,79.1039135,62119.3,RI,7.62,5.33,307.653,28424.722,1528,Rhode Island
11/30/2023,3.6,86.80410228,62119.3,RI,7.442,5.33,308.087,28424.722,1503,Rhode Island
12/31/2023,3.8,60.05074575,62119.3,RI,6.815,5.33,308.735,28424.722,1519,Rhode Island
1/31/2024,3.9,101.5874033,63459.1,RI,6.6425,5.33,309.794,28708.161,1545,Rhode Island
2/29/2024,4,131.7377865,63459.1,RI,6.776,5.33,311.022,28708.161,1577,Rhode Island
3/31/2024,4.1,105.2990949,63459.1,RI,6.82,5.33,312.107,28708.161,1476,Rhode Island
4/30/2024,4.2,83.29540575,63459.1,RI,6.9925,5.33,313.016,29147.044,1459,Rhode Island
5/31/2024,4.3,82.42663208,63459.1,RI,7.06,5.33,313.14,29147.044,1407,Rhode Island
6/30/2024,4.4,66.8259518,63459.1,RI,6.9175,5.33,313.131,29147.044,1461,Rhode Island
7/31/2024,4.4,150.9065436,63459.1,RI,6.8475,5.33,313.566,29511.664,1436,Rhode Island
8/31/2024,4.5,91.35921775,63459.1,RI,6.5,5.33,314.131,29511.664,1476,Rhode Island
9/30/2024,4.5,106.3177282,63459.1,RI,6.18,5.13,314.851,29511.664,1434,Rhode Island
10/31/2024,4.5,140.2819236,63459.1,RI,6.428,4.83,315.564,29825.182,1428,Rhode Island
11/30/2024,4.5,104.2856966,63459.1,RI,6.805,4.64,316.449,29825.182,1508,Rhode Island
12/31/2024,4.5,101.9035216,63459.1,RI,6.715,4.48,317.603,29825.182,1480,Rhode Island
1/31/2025,4.6,115.393704,63459.1,RI,6.958,4.33,319.086,30042.113,1460,Rhode Island
2/28/2025,4.7,120.915753,63459.1,RI,6.8425,4.33,319.775,30042.113,1454,Rhode Island
3/31/2025,4.8,86.87674083,63459.1,RI,6.65,4.33,319.615,30042.113,1481,Rhode Island
4/30/2025,4.9,124.0050267,63459.1,RI,6.725,4.33,320.321,30485.729,1422,Rhode Island
5/31/2025,4.9,121.689709,63459.1,RI,6.816,4.33,320.58,30485.729,1394,Rhode Island
6/30/2025,4.8,145.9621926,63459.1,RI,6.8175,4.33,321.5,30485.729,1393,Rhode Island
7/31/2025,4.8,142.7500465,63459.1,RI,6.72,4.33,322.132,30485.729,1362,Rhode Island
8/31/2025,4.6,140.388861,63459.1,RI,6.5875,4.33,323.364,30485.729,1330,Rhode Island
9/30/2025,4.4,1258.406926,63459.1,RI,6.3525,4.22,323.364,30485.729,1330,Rhode Island
1/31/2012,9.6,1439.204653,195406.1,SC,3.915,0.08,227.842,16068.805,712,South Carolina
2/29/2012,9.5,1489.127798,195406.1,SC,3.89,0.1,228.329,16068.805,738,South Carolina
3/31/2012,9.4,1495.119791,195406.1,SC,3.954,0.13,228.807,16068.805,806,South Carolina
4/30/2012,9.4,1327.211035,195406.1,SC,3.91,0.14,229.187,16207.115,732,South Carolina
5/31/2012,9.3,2148.9279,195406.1,SC,3.798,0.16,228.713,16207.115,796,South Carolina
6/30/2012,9.2,1563.44492,195406.1,SC,3.675,0.16,228.524,16207.115,794,South Carolina
7/31/2012,9,1421.554415,195406.1,SC,3.55,0.16,228.59,16319.541,849,South Carolina
8/31/2012,8.8,1527.99356,195406.1,SC,3.602,0.13,229.918,16319.541,840,South Carolina
9/30/2012,8.7,1567.649093,195406.1,SC,3.4975,0.14,231.015,16319.541,930,South Carolina
10/31/2012,8.6,1619.490093,195406.1,SC,3.3825,0.16,231.638,16420.419,887,South Carolina
11/30/2012,8.5,1859.579794,195406.1,SC,3.352,0.16,231.249,16420.419,917,South Carolina
12/31/2012,8.4,1638.026356,195406.1,SC,3.345,0.16,231.221,16420.419,941,South Carolina
1/31/2013,8.4,1854.774744,200147.3,SC,3.414,0.14,231.679,16648.189,940,South Carolina
2/28/2013,8.2,1652.110431,200147.3,SC,3.5325,0.15,232.937,16648.189,980,South Carolina
3/31/2013,8.1,1742.603306,200147.3,SC,3.565,0.14,232.282,16648.189,936,South Carolina
4/30/2013,7.9,1720.95111,200147.3,SC,3.445,0.15,231.797,16728.687,1012,South Carolina
5/31/2013,7.7,2147.445395,200147.3,SC,3.536,0.11,231.893,16728.687,1003,South Carolina
6/30/2013,7.6,1896.506772,200147.3,SC,4.07,0.09,232.445,16728.687,942,South Carolina
7/31/2013,7.4,1947.4719,200147.3,SC,4.37,0.09,232.9,16953.838,997,South Carolina
8/31/2013,7.2,1760.581089,200147.3,SC,4.456,0.08,233.456,16953.838,964,South Carolina
9/30/2013,7,2399.708692,200147.3,SC,4.49,0.08,233.544,16953.838,1004,South Carolina
10/31/2013,6.8,2156.883075,200147.3,SC,4.192,0.09,233.669,17192.019,1044,South Carolina
11/30/2013,6.5,2124.74794,200147.3,SC,4.255,0.08,234.1,17192.019,1029,South Carolina
12/31/2013,6.3,1995.592251,200147.3,SC,4.4575,0.09,234.719,17192.019,1005,South Carolina
1/31/2014,6.2,2402.169632,206077.9,SC,4.432,0.07,235.288,17197.738,976,South Carolina
2/28/2014,6,2558.458705,206077.9,SC,4.3025,0.07,235.547,17197.738,1039,South Carolina
3/31/2014,6,2061.027964,206077.9,SC,4.3425,0.08,236.028,17197.738,1067,South Carolina
4/30/2014,6,2232.236723,206077.9,SC,4.3375,0.09,236.468,17518.508,1090,South Carolina
5/31/2014,6.1,1998.188109,206077.9,SC,4.192,0.09,236.918,17518.508,1018,South Carolina
6/30/2014,6.2,1973.624167,206077.9,SC,4.1625,0.1,237.231,17518.508,1010,South Carolina
7/31/2014,6.4,2265.894477,206077.9,SC,4.13,0.09,237.498,17804.228,1076,South Carolina
8/31/2014,6.5,2074.966902,206077.9,SC,4.115,0.09,237.46,17804.228,1047,South Carolina
9/30/2014,6.6,2511.126045,206077.9,SC,4.1625,0.09,237.477,17804.228,1077,South Carolina
10/31/2014,6.6,2545.277027,206077.9,SC,4.036,0.09,237.43,17912.079,1094,South Carolina
11/30/2014,6.5,1951.446086,206077.9,SC,3.9975,0.09,236.983,17912.079,1059,South Carolina
12/31/2014,6.5,2702.947721,206077.9,SC,3.864,0.12,236.252,17912.079,1072,South Carolina
1/31/2015,6.4,2044.545502,213212.4,SC,3.67,0.11,234.747,18063.529,1049,South Carolina
2/28/2015,6.4,2632.919217,213212.4,SC,3.71,0.11,235.342,18063.529,1127,South Carolina
3/31/2015,6.3,2190.794249,213212.4,SC,3.77,0.11,235.976,18063.529,1072,South Carolina
4/30/2015,6.2,3240.339144,213212.4,SC,3.672,0.12,236.222,18279.784,1166,South Carolina
5/31/2015,6.1,2705.179599,213212.4,SC,3.84,0.12,237.001,18279.784,1272,South Carolina
6/30/2015,6,2351.879513,213212.4,SC,3.9825,0.13,237.657,18279.784,1379,South Carolina
7/31/2015,5.8,2749.854738,213212.4,SC,4.046,0.13,238.034,18401.626,1140,South Carolina
8/31/2015,5.7,2399.914506,213212.4,SC,3.905,0.14,238.033,18401.626,1165,South Carolina
9/30/2015,5.6,3077.467126,213212.4,SC,3.89,0.14,237.498,18401.626,1144,South Carolina
10/31/2015,5.5,2219.077253,213212.4,SC,3.796,0.12,237.733,18435.137,1160,South Carolina
11/30/2015,5.4,2217.792123,213212.4,SC,3.9425,0.12,238.017,18435.137,1244,South Carolina
12/31/2015,5.4,2493.029169,213212.4,SC,3.964,0.24,237.761,18435.137,1211,South Carolina
1/31/2016,5.3,2069.396175,220559.3,SC,3.8725,0.34,237.652,18525.933,1171,South Carolina
2/29/2016,5.3,2215.910635,220559.3,SC,3.66,0.38,237.336,18525.933,1172,South Carolina
3/31/2016,5.2,2541.376515,220559.3,SC,3.694,0.36,238.08,18525.933,1118,South Carolina
4/30/2016,5.1,2685.971054,220559.3,SC,3.605,0.37,238.992,18711.702,1160,South Carolina
5/31/2016,5.1,2729.207564,220559.3,SC,3.6,0.37,239.557,18711.702,1205,South Carolina
6/30/2016,5,2878.860459,220559.3,SC,3.568,0.38,240.222,18711.702,1208,South Carolina
7/31/2016,4.9,2687.267069,220559.3,SC,3.44,0.39,240.101,18892.639,1198,South Carolina
8/31/2016,4.7,2915.844431,220559.3,SC,3.435,0.4,240.545,18892.639,1201,South Carolina
9/30/2016,4.7,2750.19387,220559.3,SC,3.46,0.4,241.176,18892.639,1303,South Carolina
10/31/2016,4.6,2179.611937,220559.3,SC,3.47,0.4,241.741,19089.379,1254,South Carolina
11/30/2016,4.5,2862.154774,220559.3,SC,3.77,0.41,242.026,19089.379,1230,South Carolina
12/31/2016,4.4,2570.447934,220559.3,SC,4.198,0.54,242.637,19089.379,1248,South Carolina
1/31/2017,4.4,2785.133881,224937.6,SC,4.15,0.65,243.618,19280.084,1303,South Carolina
2/28/2017,4.3,2824.967477,224937.6,SC,4.1675,0.66,244.006,19280.084,1234,South Carolina
3/31/2017,4.2,2745.757141,224937.6,SC,4.196,0.79,243.892,19280.084,1272,South Carolina
4/30/2017,4.2,2401.419055,224937.6,SC,4.045,0.9,244.193,19438.643,1251,South Carolina
5/31/2017,4.1,2894.361545,224937.6,SC,4.01,0.91,244.004,19438.643,1208,South Carolina
6/30/2017,4.1,2888.703965,224937.6,SC,3.904,1.04,244.163,19438.643,1353,South Carolina
7/31/2017,4.2,2971.915642,224937.6,SC,3.9675,1.15,244.243,19692.595,1256,South Carolina
8/31/2017,4.2,3052.246034,224937.6,SC,3.88,1.16,245.183,19692.595,1319,South Carolina
9/30/2017,4.2,2657.963727,224937.6,SC,3.805,1.15,246.435,19692.595,1273,South Carolina
10/31/2017,4.2,2816.389042,224937.6,SC,3.895,1.15,246.626,20037.088,1356,South Carolina
11/30/2017,4.2,2996.467738,224937.6,SC,3.922,1.16,247.284,20037.088,1299,South Carolina
12/31/2017,4,2735.630308,224937.6,SC,3.95,1.3,247.805,20037.088,1311,South Carolina
1/31/2018,3.9,2992.698778,231663.3,SC,4.0325,1.41,248.859,20328.553,1317,South Carolina
2/28/2018,3.7,2779.242219,231663.3,SC,4.33,1.42,249.529,20328.553,1321,South Carolina
3/31/2018,3.5,3055.217183,231663.3,SC,4.444,1.51,249.577,20328.553,1385,South Carolina
4/30/2018,3.3,3104.764491,231663.3,SC,4.4675,1.69,250.227,20580.912,1378,South Carolina
5/31/2018,3.2,2902.319458,231663.3,SC,4.586,1.7,250.792,20580.912,1338,South Carolina
6/30/2018,3.2,3176.072644,231663.3,SC,4.57,1.82,251.018,20580.912,1345,South Carolina
7/31/2018,3.3,2833.419654,231663.3,SC,4.5275,1.91,251.214,20798.73,1334,South Carolina
8/31/2018,3.3,3440.228988,231663.3,SC,4.55,1.91,251.663,20798.73,1273,South Carolina
9/30/2018,3.3,2678.93525,231663.3,SC,4.6275,1.95,252.182,20798.73,1314,South Carolina
10/31/2018,3.3,2815.920921,231663.3,SC,4.83,2.19,252.772,20917.867,1272,South Carolina
11/30/2018,3.2,3122.980747,231663.3,SC,4.866,2.2,252.594,20917.867,1340,South Carolina
12/31/2018,3.2,3270.792569,231663.3,SC,4.6375,2.27,252.767,20917.867,1317,South Carolina
1/31/2019,3.2,3698.994076,239021.3,SC,4.464,2.4,252.561,21111.6,1254,South Carolina
2/28/2019,3.2,3028.960181,239021.3,SC,4.37,2.4,253.319,21111.6,1286,South Carolina
3/31/2019,3.1,2471.029146,239021.3,SC,4.265,2.41,254.277,21111.6,1295,South Carolina
4/30/2019,3.1,2994.265973,239021.3,SC,4.1425,2.42,255.233,21397.938,1322,South Carolina
5/31/2019,2.9,3424.933748,239021.3,SC,4.072,2.39,255.296,21397.938,1347,South Carolina
6/30/2019,2.7,2541.455869,239021.3,SC,3.8025,2.38,255.213,21397.938,1299,South Carolina
7/31/2019,2.6,2917.080325,239021.3,SC,3.765,2.4,255.802,21717.171,1379,South Carolina
8/31/2019,2.5,3016.723614,239021.3,SC,3.616,2.13,256.036,21717.171,1482,South Carolina
9/30/2019,2.4,2939.693315,239021.3,SC,3.605,2.04,256.43,21717.171,1469,South Carolina
10/31/2019,2.4,3011.584718,239021.3,SC,3.688,1.83,257.155,21933.217,1523,South Carolina
11/30/2019,2.5,2788.654689,239021.3,SC,3.695,1.55,257.879,21933.217,1535,South Carolina
12/31/2019,2.6,2894.370226,239021.3,SC,3.72,1.55,258.63,21933.217,1443,South Carolina
1/31/2020,2.8,3014.306944,233294.4,SC,3.624,1.55,259.127,21751.238,1495,South Carolina
2/29/2020,2.9,3049.987434,233294.4,SC,3.465,1.58,259.25,21751.238,1455,South Carolina
3/31/2020,3.1,3097.279635,233294.4,SC,3.45,0.65,258.076,21751.238,1346,South Carolina
4/30/2020,11.7,2618.088171,233294.4,SC,3.306,0.05,256.032,19958.291,1076,South Carolina
5/31/2020,9.3,2572.923854,233294.4,SC,3.2325,0.05,255.802,19958.291,1250,South Carolina
6/30/2020,7.8,3299.269105,233294.4,SC,3.1625,0.08,257.042,19958.291,1334,South Carolina
7/31/2020,7.1,3937.384865,233294.4,SC,3.016,0.09,258.352,21704.437,1546,South Carolina
8/31/2020,6.2,3376.966705,233294.4,SC,2.935,0.1,259.316,21704.437,1533,South Carolina
9/30/2020,5.8,3766.860599,233294.4,SC,2.89,0.09,259.997,21704.437,1636,South Carolina
10/31/2020,5.3,4070.125091,233294.4,SC,2.834,0.09,260.319,22087.16,1613,South Carolina
11/30/2020,5.1,4355.612353,233294.4,SC,2.765,0.09,260.911,22087.16,1703,South Carolina
12/31/2020,4.9,4684.953128,233294.4,SC,2.684,0.09,262.045,22087.16,1752,South Carolina
1/31/2021,4.6,3739.399388,245812,SC,2.735,0.09,262.639,22680.693,1855,South Carolina
2/28/2021,4.4,3865.292983,245812,SC,2.81,0.08,263.573,22680.693,1711,South Carolina
3/31/2021,4.3,3951.561867,245812,SC,3.0825,0.07,264.847,22680.693,1756,South Carolina
4/30/2021,4.2,4177.781792,245812,SC,3.06,0.07,266.625,23425.91,1721,South Carolina
5/31/2021,4.1,3699.872892,245812,SC,2.9625,0.06,268.404,23425.91,1703,South Carolina
6/30/2021,4,5079.540974,245812,SC,2.975,0.08,270.71,23425.91,1654,South Carolina
7/31/2021,3.9,4108.074629,245812,SC,2.868,0.1,271.965,23982.379,1658,South Carolina
8/31/2021,3.8,3481.8912,245812,SC,2.8425,0.09,272.752,23982.379,1736,South Carolina
9/30/2021,3.6,4365.143068,245812,SC,2.9,0.08,273.942,23982.379,1640,South Carolina
10/31/2021,3.5,4239.656768,245812,SC,3.0675,0.08,276.528,24813.6,1707,South Carolina
11/30/2021,3.4,4613.676153,245812,SC,3.0675,0.08,278.824,24813.6,1765,South Carolina
12/31/2021,3.3,3988.970884,245812,SC,3.098,0.08,280.806,24813.6,1919,South Carolina
1/31/2022,3.3,4237.93416,256608.5,SC,3.445,0.08,282.542,25250.347,1920,South Carolina
2/28/2022,3.2,4063.782267,256608.5,SC,3.7625,0.08,284.525,25250.347,1857,South Carolina
3/31/2022,3.2,4285.507236,256608.5,SC,4.172,0.2,287.467,25250.347,1868,South Carolina
4/30/2022,3.2,4266.627048,256608.5,SC,4.9825,0.33,288.582,25861.292,1859,South Carolina
5/31/2022,3.2,3937.51681,256608.5,SC,5.23,0.77,291.299,25861.292,1704,South Carolina
6/30/2022,3.2,3798.892816,256608.5,SC,5.522,1.21,295.072,25861.292,1737,South Carolina
7/31/2022,3.2,3735.805013,256608.5,SC,5.4125,1.68,294.94,26336.304,1703,South Carolina
8/31/2022,3.2,3698.274689,256608.5,SC,5.2225,2.33,295.162,26336.304,1557,South Carolina
9/30/2022,3.2,3400.314277,256608.5,SC,6.112,2.56,296.421,26336.304,1600,South Carolina
10/31/2022,3.2,3594.294798,256608.5,SC,6.9,3.08,297.979,26770.514,1594,South Carolina
11/30/2022,3.2,3249.375361,256608.5,SC,6.805,3.78,298.708,26770.514,1401,South Carolina
12/31/2022,3.1,3378.872214,256608.5,SC,6.364,4.1,298.808,26770.514,1410,South Carolina
1/31/2023,3.1,3101.756336,266037.8,SC,6.2725,4.33,300.456,27216.445,1410,South Carolina
2/28/2023,3,3236.926002,266037.8,SC,6.2575,4.57,301.476,27216.445,1618,South Carolina
3/31/2023,3,3388.070708,266037.8,SC,6.544,4.65,301.643,27216.445,1480,South Carolina
4/30/2023,2.9,3310.603315,266037.8,SC,6.3425,4.83,302.858,27530.055,1474,South Carolina
5/31/2023,2.8,3979.803663,266037.8,SC,6.425,5.06,303.316,27530.055,1575,South Carolina
6/30/2023,2.8,3434.425828,266037.8,SC,6.714,5.08,304.099,27530.055,1464,South Carolina
7/31/2023,2.8,3310.351303,266037.8,SC,6.84,5.12,304.615,28074.846,1522,South Carolina
8/31/2023,2.9,4031.789567,266037.8,SC,7.072,5.33,306.138,28074.846,1561,South Carolina
9/30/2023,3,3572.527316,266037.8,SC,7.2,5.33,307.374,28074.846,1537,South Carolina
10/31/2023,3.1,3558.773735,266037.8,SC,7.62,5.33,307.653,28424.722,1528,South Carolina
11/30/2023,3.2,3430.956894,266037.8,SC,7.442,5.33,308.087,28424.722,1503,South Carolina
12/31/2023,3.3,3231.096076,266037.8,SC,6.815,5.33,308.735,28424.722,1519,South Carolina
1/31/2024,3.4,4040.006722,278032.8,SC,6.6425,5.33,309.794,28708.161,1545,South Carolina
2/29/2024,3.5,4399.342792,278032.8,SC,6.776,5.33,311.022,28708.161,1577,South Carolina
3/31/2024,3.7,3390.997268,278032.8,SC,6.82,5.33,312.107,28708.161,1476,South Carolina
4/30/2024,3.9,3969.660247,278032.8,SC,6.9925,5.33,313.016,29147.044,1459,South Carolina
5/31/2024,4.2,4174.106715,278032.8,SC,7.06,5.33,313.14,29147.044,1407,South Carolina
6/30/2024,4.4,3796.359515,278032.8,SC,6.9175,5.33,313.131,29147.044,1461,South Carolina
7/31/2024,4.5,4464.387,278032.8,SC,6.8475,5.33,313.566,29511.664,1436,South Carolina
8/31/2024,4.6,3755.15119,278032.8,SC,6.5,5.33,314.131,29511.664,1476,South Carolina
9/30/2024,4.5,3790.310562,278032.8,SC,6.18,5.13,314.851,29511.664,1434,South Carolina
10/31/2024,4.5,3665.748527,278032.8,SC,6.428,4.83,315.564,29825.182,1428,South Carolina
11/30/2024,4.4,3585.103414,278032.8,SC,6.805,4.64,316.449,29825.182,1508,South Carolina
12/31/2024,4.4,3875.907492,278032.8,SC,6.715,4.48,317.603,29825.182,1480,South Carolina
1/31/2025,4.3,4012.371238,278032.8,SC,6.958,4.33,319.086,30042.113,1460,South Carolina
2/28/2025,4.2,4062.691344,278032.8,SC,6.8425,4.33,319.775,30042.113,1454,South Carolina
3/31/2025,4.1,3814.022956,278032.8,SC,6.65,4.33,319.615,30042.113,1481,South Carolina
4/30/2025,4.2,3738.637252,278032.8,SC,6.725,4.33,320.321,30485.729,1422,South Carolina
5/31/2025,4.1,4032.029234,278032.8,SC,6.816,4.33,320.58,30485.729,1394,South Carolina
6/30/2025,4.1,3851.68307,278032.8,SC,6.8175,4.33,321.5,30485.729,1393,South Carolina
7/31/2025,4.2,3677.855363,278032.8,SC,6.72,4.33,322.132,30485.729,1362,South Carolina
8/31/2025,4.3,3652.46492,278032.8,SC,6.5875,4.33,323.364,30485.729,1330,South Carolina
9/30/2025,4.4,1258.406926,278032.8,SC,6.3525,4.22,323.364,30485.729,1330,South Carolina
1/31/2012,7.8,770.8373715,199540.8,SD,3.915,0.08,227.842,16068.805,712,South Dakota
2/29/2012,7.7,807.912776,199540.8,SD,3.89,0.1,228.329,16068.805,738,South Dakota
3/31/2012,7.6,788.1770759,199540.8,SD,3.954,0.13,228.807,16068.805,806,South Dakota
4/30/2012,7.55,763.7433888,199540.8,SD,3.91,0.14,229.187,16207.115,732,South Dakota
5/31/2012,7.65,955.6021729,199540.8,SD,3.798,0.16,228.713,16207.115,796,South Dakota
6/30/2012,7.7,766.3690878,199540.8,SD,3.675,0.16,228.524,16207.115,794,South Dakota
7/31/2012,7.65,763.0131929,199540.8,SD,3.55,0.16,228.59,16319.541,849,South Dakota
8/31/2012,7.6,989.1819617,199540.8,SD,3.602,0.13,229.918,16319.541,840,South Dakota
9/30/2012,7.45,976.5440169,199540.8,SD,3.4975,0.14,231.015,16319.541,930,South Dakota
10/31/2012,7.45,986.0678376,199540.8,SD,3.3825,0.16,231.638,16420.419,887,South Dakota
11/30/2012,7.4,1017.992439,199540.8,SD,3.352,0.16,231.249,16420.419,917,South Dakota
12/31/2012,7.4,884.896888,199540.8,SD,3.345,0.16,231.221,16420.419,941,South Dakota
1/31/2013,7.4,1057.460702,203555.1,SD,3.414,0.14,231.679,16648.189,940,South Dakota
2/28/2013,7.3,1057.275823,203555.1,SD,3.5325,0.15,232.937,16648.189,980,South Dakota
3/31/2013,7.25,1049.012188,203555.1,SD,3.565,0.14,232.282,16648.189,936,South Dakota
4/30/2013,7.2,1091.462577,203555.1,SD,3.445,0.15,231.797,16728.687,1012,South Dakota
5/31/2013,7.15,1055.705253,203555.1,SD,3.536,0.11,231.893,16728.687,1003,South Dakota
6/30/2013,7.1,952.5250941,203555.1,SD,4.07,0.09,232.445,16728.687,942,South Dakota
7/31/2013,7.1,1123.854863,203555.1,SD,4.37,0.09,232.9,16953.838,997,South Dakota
8/31/2013,7.05,1105.30175,203555.1,SD,4.456,0.08,233.456,16953.838,964,South Dakota
9/30/2013,6.95,1048.513301,203555.1,SD,4.49,0.08,233.544,16953.838,1004,South Dakota
10/31/2013,6.85,1035.549375,203555.1,SD,4.192,0.09,233.669,17192.019,1044,South Dakota
11/30/2013,6.7,994.0667857,203555.1,SD,4.255,0.08,234.1,17192.019,1029,South Dakota
12/31/2013,6.6,968.7848964,203555.1,SD,4.4575,0.09,234.719,17192.019,1005,South Dakota
1/31/2014,6.45,1184.295795,206073.95,SD,4.432,0.07,235.288,17197.738,976,South Dakota
2/28/2014,6.35,1033.097412,206073.95,SD,4.3025,0.07,235.547,17197.738,1039,South Dakota
3/31/2014,6.25,1056.902816,206073.95,SD,4.3425,0.08,236.028,17197.738,1067,South Dakota
4/30/2014,6.15,1104.70702,206073.95,SD,4.3375,0.09,236.468,17518.508,1090,South Dakota
5/31/2014,6.1,1106.132476,206073.95,SD,4.192,0.09,236.918,17518.508,1018,South Dakota
6/30/2014,6.2,1140.411397,206073.95,SD,4.1625,0.1,237.231,17518.508,1010,South Dakota
7/31/2014,6.1,1203.593038,206073.95,SD,4.13,0.09,237.498,17804.228,1076,South Dakota
8/31/2014,6.05,1021.924831,206073.95,SD,4.115,0.09,237.46,17804.228,1047,South Dakota
9/30/2014,5.9,1262.815376,206073.95,SD,4.1625,0.09,237.477,17804.228,1077,South Dakota
10/31/2014,5.75,1283.484284,206073.95,SD,4.036,0.09,237.43,17912.079,1094,South Dakota
11/30/2014,5.65,998.4800824,206073.95,SD,3.9975,0.09,236.983,17912.079,1059,South Dakota
12/31/2014,5.6,1194.73778,206073.95,SD,3.864,0.12,236.252,17912.079,1072,South Dakota
1/31/2015,5.55,1015.967511,211081.35,SD,3.67,0.11,234.747,18063.529,1049,South Dakota
2/28/2015,5.6,1080.359105,211081.35,SD,3.71,0.11,235.342,18063.529,1127,South Dakota
3/31/2015,5.55,983.2187761,211081.35,SD,3.77,0.11,235.976,18063.529,1072,South Dakota
4/30/2015,5.5,1071.225361,211081.35,SD,3.672,0.12,236.222,18279.784,1166,South Dakota
5/31/2015,5.35,1118.562121,211081.35,SD,3.84,0.12,237.001,18279.784,1272,South Dakota
6/30/2015,5.25,1178.828793,211081.35,SD,3.9825,0.13,237.657,18279.784,1379,South Dakota
7/31/2015,5.15,1230.957428,211081.35,SD,4.046,0.13,238.034,18401.626,1140,South Dakota
8/31/2015,5.1,1276.596037,211081.35,SD,3.905,0.14,238.033,18401.626,1165,South Dakota
9/30/2015,5,1161.541954,211081.35,SD,3.89,0.14,237.498,18401.626,1144,South Dakota
10/31/2015,4.95,1294.096538,211081.35,SD,3.796,0.12,237.733,18435.137,1160,South Dakota
11/30/2015,4.9,1186.267891,211081.35,SD,3.9425,0.12,238.017,18435.137,1244,South Dakota
12/31/2015,4.9,1301.692609,211081.35,SD,3.964,0.24,237.761,18435.137,1211,South Dakota
1/31/2016,4.9,1202.756665,217664.3,SD,3.8725,0.34,237.652,18525.933,1171,South Dakota
2/29/2016,4.9,1210.550369,217664.3,SD,3.66,0.38,237.336,18525.933,1172,South Dakota
3/31/2016,4.9,1170.136778,217664.3,SD,3.694,0.36,238.08,18525.933,1118,South Dakota
4/30/2016,4.9,1232.27603,217664.3,SD,3.605,0.37,238.992,18711.702,1160,South Dakota
5/31/2016,4.9,1166.487075,217664.3,SD,3.6,0.37,239.557,18711.702,1205,South Dakota
6/30/2016,4.9,1286.868976,217664.3,SD,3.568,0.38,240.222,18711.702,1208,South Dakota
7/31/2016,4.9,1073.062299,217664.3,SD,3.44,0.39,240.101,18892.639,1198,South Dakota
8/31/2016,4.8,1327.012607,217664.3,SD,3.435,0.4,240.545,18892.639,1201,South Dakota
9/30/2016,4.7,1330.227411,217664.3,SD,3.46,0.4,241.176,18892.639,1303,South Dakota
10/31/2016,4.65,1116.781137,217664.3,SD,3.47,0.4,241.741,19089.379,1254,South Dakota
11/30/2016,4.6,1146.387016,217664.3,SD,3.77,0.41,242.026,19089.379,1230,South Dakota
12/31/2016,4.6,1148.49765,217664.3,SD,4.198,0.54,242.637,19089.379,1248,South Dakota
1/31/2017,4.6,1113.027287,225236.05,SD,4.15,0.65,243.618,19280.084,1303,South Dakota
2/28/2017,4.5,1199.682064,225236.05,SD,4.1675,0.66,244.006,19280.084,1234,South Dakota
3/31/2017,4.45,1324.544488,225236.05,SD,4.196,0.79,243.892,19280.084,1272,South Dakota
4/30/2017,4.4,1088.068897,225236.05,SD,4.045,0.9,244.193,19438.643,1251,South Dakota
5/31/2017,4.3,1378.764859,225236.05,SD,4.01,0.91,244.004,19438.643,1208,South Dakota
6/30/2017,4.3,1234.142193,225236.05,SD,3.904,1.04,244.163,19438.643,1353,South Dakota
7/31/2017,4.25,1187.437912,225236.05,SD,3.9675,1.15,244.243,19692.595,1256,South Dakota
8/31/2017,4.2,1387.511433,225236.05,SD,3.88,1.16,245.183,19692.595,1319,South Dakota
9/30/2017,4.15,1297.123935,225236.05,SD,3.805,1.15,246.435,19692.595,1273,South Dakota
10/31/2017,4.2,1269.097485,225236.05,SD,3.895,1.15,246.626,20037.088,1356,South Dakota
11/30/2017,4.2,1291.991671,225236.05,SD,3.922,1.16,247.284,20037.088,1299,South Dakota
12/31/2017,4.1,1348.43109,225236.05,SD,3.95,1.3,247.805,20037.088,1311,South Dakota
1/31/2018,4.1,1296.291245,232985.8,SD,4.0325,1.41,248.859,20328.553,1317,South Dakota
2/28/2018,4,1278.229389,232985.8,SD,4.33,1.42,249.529,20328.553,1321,South Dakota
3/31/2018,4,1375.658009,232985.8,SD,4.444,1.51,249.577,20328.553,1385,South Dakota
4/30/2018,3.9,1420.851893,232985.8,SD,4.4675,1.69,250.227,20580.912,1378,South Dakota
5/31/2018,3.85,1423.550752,232985.8,SD,4.586,1.7,250.792,20580.912,1338,South Dakota
6/30/2018,3.8,1197.333337,232985.8,SD,4.57,1.82,251.018,20580.912,1345,South Dakota
7/31/2018,3.75,1151.242076,232985.8,SD,4.5275,1.91,251.214,20798.73,1334,South Dakota
8/31/2018,3.75,1327.21545,232985.8,SD,4.55,1.91,251.663,20798.73,1273,South Dakota
9/30/2018,3.75,1284.69425,232985.8,SD,4.6275,1.95,252.182,20798.73,1314,South Dakota
10/31/2018,3.7,1271.388444,232985.8,SD,4.83,2.19,252.772,20917.867,1272,South Dakota
11/30/2018,3.7,1301.260492,232985.8,SD,4.866,2.2,252.594,20917.867,1340,South Dakota
12/31/2018,3.65,1126.900837,232985.8,SD,4.6375,2.27,252.767,20917.867,1317,South Dakota
1/31/2019,3.65,1223.369901,239408.05,SD,4.464,2.4,252.561,21111.6,1254,South Dakota
2/28/2019,3.6,1170.745641,239408.05,SD,4.37,2.4,253.319,21111.6,1286,South Dakota
3/31/2019,3.5,1088.366248,239408.05,SD,4.265,2.41,254.277,21111.6,1295,South Dakota
4/30/2019,3.45,1315.153053,239408.05,SD,4.1425,2.42,255.233,21397.938,1322,South Dakota
5/31/2019,3.4,1297.468494,239408.05,SD,4.072,2.39,255.296,21397.938,1347,South Dakota
6/30/2019,3.4,1083.190939,239408.05,SD,3.8025,2.38,255.213,21397.938,1299,South Dakota
7/31/2019,3.45,1424.481144,239408.05,SD,3.765,2.4,255.802,21717.171,1379,South Dakota
8/31/2019,3.5,1400.132793,239408.05,SD,3.616,2.13,256.036,21717.171,1482,South Dakota
9/30/2019,3.5,1253.875438,239408.05,SD,3.605,2.04,256.43,21717.171,1469,South Dakota
10/31/2019,3.4,1522.005571,239408.05,SD,3.688,1.83,257.155,21933.217,1523,South Dakota
11/30/2019,3.4,1278.827325,239408.05,SD,3.695,1.55,257.879,21933.217,1535,South Dakota
12/31/2019,3.45,1443.936238,239408.05,SD,3.72,1.55,258.63,21933.217,1443,South Dakota
1/31/2020,3.5,1496.232908,229465.2,SD,3.624,1.55,259.127,21751.238,1495,South Dakota
2/29/2020,3.6,1343.136325,229465.2,SD,3.465,1.58,259.25,21751.238,1455,South Dakota
3/31/2020,3.7,1264.407414,229465.2,SD,3.45,0.65,258.076,21751.238,1346,South Dakota
4/30/2020,13.4,1022.93096,229465.2,SD,3.306,0.05,256.032,19958.291,1076,South Dakota
5/31/2020,11.7,1181.980891,229465.2,SD,3.2325,0.05,255.802,19958.291,1250,South Dakota
6/30/2020,9.8,1381.405868,229465.2,SD,3.1625,0.08,257.042,19958.291,1334,South Dakota
7/31/2020,8.5,1476.415765,229465.2,SD,3.016,0.09,258.352,21704.437,1546,South Dakota
8/31/2020,7.4,1314.777776,229465.2,SD,2.935,0.1,259.316,21704.437,1533,South Dakota
9/30/2020,7.1,1525.576407,229465.2,SD,2.89,0.09,259.997,21704.437,1636,South Dakota
10/31/2020,6.45,1469.288006,229465.2,SD,2.834,0.09,260.319,22087.16,1613,South Dakota
11/30/2020,6.3,1600.002112,229465.2,SD,2.765,0.09,260.911,22087.16,1703,South Dakota
12/31/2020,6.25,1578.583834,229465.2,SD,2.684,0.09,262.045,22087.16,1752,South Dakota
1/31/2021,5.95,1442.356658,244197.05,SD,2.735,0.09,262.639,22680.693,1855,South Dakota
2/28/2021,6,1590.586187,244197.05,SD,2.81,0.08,263.573,22680.693,1711,South Dakota
3/31/2021,5.95,1765.985333,244197.05,SD,3.0825,0.07,264.847,22680.693,1756,South Dakota
4/30/2021,5.85,1723.152859,244197.05,SD,3.06,0.07,266.625,23425.91,1721,South Dakota
5/31/2021,5.6,1480.416519,244197.05,SD,2.9625,0.06,268.404,23425.91,1703,South Dakota
6/30/2021,5.35,1581.24158,244197.05,SD,2.975,0.08,270.71,23425.91,1654,South Dakota
7/31/2021,5,1498.283567,244197.05,SD,2.868,0.1,271.965,23982.379,1658,South Dakota
8/31/2021,4.7,1470.798757,244197.05,SD,2.8425,0.09,272.752,23982.379,1736,South Dakota
9/30/2021,4.45,1589.968726,244197.05,SD,2.9,0.08,273.942,23982.379,1640,South Dakota
10/31/2021,4.25,1446.34853,244197.05,SD,3.0675,0.08,276.528,24813.6,1707,South Dakota
11/30/2021,4.05,1523.07433,244197.05,SD,3.0675,0.08,278.824,24813.6,1765,South Dakota
12/31/2021,3.8,1692.128556,244197.05,SD,3.098,0.08,280.806,24813.6,1919,South Dakota
1/31/2022,3.65,1649.20631,247140.25,SD,3.445,0.08,282.542,25250.347,1920,South Dakota
2/28/2022,3.45,1716.198558,247140.25,SD,3.7625,0.08,284.525,25250.347,1857,South Dakota
3/31/2022,3.25,1654.647657,247140.25,SD,4.172,0.2,287.467,25250.347,1868,South Dakota
4/30/2022,3.25,1826.257035,247140.25,SD,4.9825,0.33,288.582,25861.292,1859,South Dakota
5/31/2022,3.25,1501.951031,247140.25,SD,5.23,0.77,291.299,25861.292,1704,South Dakota
6/30/2022,3.25,1687.429454,247140.25,SD,5.522,1.21,295.072,25861.292,1737,South Dakota
7/31/2022,3.3,1471.852946,247140.25,SD,5.4125,1.68,294.94,26336.304,1703,South Dakota
8/31/2022,3.25,1351.704048,247140.25,SD,5.2225,2.33,295.162,26336.304,1557,South Dakota
9/30/2022,3.3,1500.85975,247140.25,SD,6.112,2.56,296.421,26336.304,1600,South Dakota
10/31/2022,3.3,1258.406926,247140.25,SD,6.9,3.08,297.979,26770.514,1594,South Dakota
11/30/2022,3.3,1178.79923,247140.25,SD,6.805,3.78,298.708,26770.514,1401,South Dakota
12/31/2022,3.3,1226.314187,247140.25,SD,6.364,4.1,298.808,26770.514,1410,South Dakota
1/31/2023,3.3,1250.780745,253486.4,SD,6.2725,4.33,300.456,27216.445,1410,South Dakota
2/28/2023,3.3,1302.023951,253486.4,SD,6.2575,4.57,301.476,27216.445,1618,South Dakota
3/31/2023,3.2,1272.514423,253486.4,SD,6.544,4.65,301.643,27216.445,1480,South Dakota
4/30/2023,3.1,1291.546743,253486.4,SD,6.3425,4.83,302.858,27530.055,1474,South Dakota
5/31/2023,3.15,1482.584697,253486.4,SD,6.425,5.06,303.316,27530.055,1575,South Dakota
6/30/2023,3.2,1294.540265,253486.4,SD,6.714,5.08,304.099,27530.055,1464,South Dakota
7/31/2023,3.25,1379.229405,253486.4,SD,6.84,5.12,304.615,28074.846,1522,South Dakota
8/31/2023,3.3,1328.345044,253486.4,SD,7.072,5.33,306.138,28074.846,1561,South Dakota
9/30/2023,3.4,1282.042936,253486.4,SD,7.2,5.33,307.374,28074.846,1537,South Dakota
10/31/2023,3.4,1255.585444,253486.4,SD,7.62,5.33,307.653,28424.722,1528,South Dakota
11/30/2023,3.55,1389.205899,253486.4,SD,7.442,5.33,308.087,28424.722,1503,South Dakota
12/31/2023,3.55,1325.617412,253486.4,SD,6.815,5.33,308.735,28424.722,1519,South Dakota
1/31/2024,3.5,1363.15034,260201.8,SD,6.6425,5.33,309.794,28708.161,1545,South Dakota
2/29/2024,3.5,1416.826634,260201.8,SD,6.776,5.33,311.022,28708.161,1577,South Dakota
3/31/2024,3.55,1292.951903,260201.8,SD,6.82,5.33,312.107,28708.161,1476,South Dakota
4/30/2024,3.6,1283.745514,260201.8,SD,6.9925,5.33,313.016,29147.044,1459,South Dakota
5/31/2024,3.6,1316.718797,260201.8,SD,7.06,5.33,313.14,29147.044,1407,South Dakota
6/30/2024,3.65,1312.826292,260201.8,SD,6.9175,5.33,313.131,29147.044,1461,South Dakota
7/31/2024,3.7,1358.046786,260201.8,SD,6.8475,5.33,313.566,29511.664,1436,South Dakota
8/31/2024,3.7,1492.984046,260201.8,SD,6.5,5.33,314.131,29511.664,1476,South Dakota
9/30/2024,3.75,1296.556872,260201.8,SD,6.18,5.13,314.851,29511.664,1434,South Dakota
10/31/2024,3.75,1328.763232,260201.8,SD,6.428,4.83,315.564,29825.182,1428,South Dakota
11/30/2024,3.75,1248.913287,260201.8,SD,6.805,4.64,316.449,29825.182,1508,South Dakota
12/31/2024,3.75,1269.969383,260201.8,SD,6.715,4.48,317.603,29825.182,1480,South Dakota
1/31/2025,3.8,1337.422505,260201.8,SD,6.958,4.33,319.086,30042.113,1460,South Dakota
2/28/2025,3.8,1337.822022,260201.8,SD,6.8425,4.33,319.775,30042.113,1454,South Dakota
3/31/2025,3.8,1206.603998,260201.8,SD,6.65,4.33,319.615,30042.113,1481,South Dakota
4/30/2025,3.9,1400.80925,260201.8,SD,6.725,4.33,320.321,30485.729,1422,South Dakota
5/31/2025,3.95,1297.098311,260201.8,SD,6.816,4.33,320.58,30485.729,1394,South Dakota
6/30/2025,4,1242.885615,260201.8,SD,6.8175,4.33,321.5,30485.729,1393,South Dakota
7/31/2025,3.95,1234.287131,260201.8,SD,6.72,4.33,322.132,30485.729,1362,South Dakota
8/31/2025,3.95,1322.321914,260201.8,SD,6.5875,4.33,323.364,30485.729,1330,South Dakota
9/30/2025,4.4,1258.406926,260201.8,SD,6.3525,4.22,323.364,30485.729,1330,South Dakota
1/31/2012,7.8,770.8373715,199540.8,TN,3.915,0.08,227.842,16068.805,712,Tennessee
2/29/2012,7.7,807.912776,199540.8,TN,3.89,0.1,228.329,16068.805,738,Tennessee
3/31/2012,7.6,788.1770759,199540.8,TN,3.954,0.13,228.807,16068.805,806,Tennessee
4/30/2012,7.55,763.7433888,199540.8,TN,3.91,0.14,229.187,16207.115,732,Tennessee
5/31/2012,7.65,955.6021729,199540.8,TN,3.798,0.16,228.713,16207.115,796,Tennessee
6/30/2012,7.7,766.3690878,199540.8,TN,3.675,0.16,228.524,16207.115,794,Tennessee
7/31/2012,7.65,763.0131929,199540.8,TN,3.55,0.16,228.59,16319.541,849,Tennessee
8/31/2012,7.6,989.1819617,199540.8,TN,3.602,0.13,229.918,16319.541,840,Tennessee
9/30/2012,7.45,976.5440169,199540.8,TN,3.4975,0.14,231.015,16319.541,930,Tennessee
10/31/2012,7.45,986.0678376,199540.8,TN,3.3825,0.16,231.638,16420.419,887,Tennessee
11/30/2012,7.4,1017.992439,199540.8,TN,3.352,0.16,231.249,16420.419,917,Tennessee
12/31/2012,7.4,884.896888,199540.8,TN,3.345,0.16,231.221,16420.419,941,Tennessee
1/31/2013,7.4,1057.460702,203555.1,TN,3.414,0.14,231.679,16648.189,940,Tennessee
2/28/2013,7.3,1057.275823,203555.1,TN,3.5325,0.15,232.937,16648.189,980,Tennessee
3/31/2013,7.25,1049.012188,203555.1,TN,3.565,0.14,232.282,16648.189,936,Tennessee
4/30/2013,7.2,1091.462577,203555.1,TN,3.445,0.15,231.797,16728.687,1012,Tennessee
5/31/2013,7.15,1055.705253,203555.1,TN,3.536,0.11,231.893,16728.687,1003,Tennessee
6/30/2013,7.1,952.5250941,203555.1,TN,4.07,0.09,232.445,16728.687,942,Tennessee
7/31/2013,7.1,1123.854863,203555.1,TN,4.37,0.09,232.9,16953.838,997,Tennessee
8/31/2013,7.05,1105.30175,203555.1,TN,4.456,0.08,233.456,16953.838,964,Tennessee
9/30/2013,6.95,1048.513301,203555.1,TN,4.49,0.08,233.544,16953.838,1004,Tennessee
10/31/2013,6.85,1035.549375,203555.1,TN,4.192,0.09,233.669,17192.019,1044,Tennessee
11/30/2013,6.7,994.0667857,203555.1,TN,4.255,0.08,234.1,17192.019,1029,Tennessee
12/31/2013,6.6,968.7848964,203555.1,TN,4.4575,0.09,234.719,17192.019,1005,Tennessee
1/31/2014,6.45,1184.295795,206073.95,TN,4.432,0.07,235.288,17197.738,976,Tennessee
2/28/2014,6.35,1033.097412,206073.95,TN,4.3025,0.07,235.547,17197.738,1039,Tennessee
3/31/2014,6.25,1056.902816,206073.95,TN,4.3425,0.08,236.028,17197.738,1067,Tennessee
4/30/2014,6.15,1104.70702,206073.95,TN,4.3375,0.09,236.468,17518.508,1090,Tennessee
5/31/2014,6.1,1106.132476,206073.95,TN,4.192,0.09,236.918,17518.508,1018,Tennessee
6/30/2014,6.2,1140.411397,206073.95,TN,4.1625,0.1,237.231,17518.508,1010,Tennessee
7/31/2014,6.1,1203.593038,206073.95,TN,4.13,0.09,237.498,17804.228,1076,Tennessee
8/31/2014,6.05,1021.924831,206073.95,TN,4.115,0.09,237.46,17804.228,1047,Tennessee
9/30/2014,5.9,1262.815376,206073.95,TN,4.1625,0.09,237.477,17804.228,1077,Tennessee
10/31/2014,5.75,1283.484284,206073.95,TN,4.036,0.09,237.43,17912.079,1094,Tennessee
11/30/2014,5.65,998.4800824,206073.95,TN,3.9975,0.09,236.983,17912.079,1059,Tennessee
12/31/2014,5.6,1194.73778,206073.95,TN,3.864,0.12,236.252,17912.079,1072,Tennessee
1/31/2015,5.55,1015.967511,211081.35,TN,3.67,0.11,234.747,18063.529,1049,Tennessee
2/28/2015,5.6,1080.359105,211081.35,TN,3.71,0.11,235.342,18063.529,1127,Tennessee
3/31/2015,5.55,983.2187761,211081.35,TN,3.77,0.11,235.976,18063.529,1072,Tennessee
4/30/2015,5.5,1071.225361,211081.35,TN,3.672,0.12,236.222,18279.784,1166,Tennessee
5/31/2015,5.35,1118.562121,211081.35,TN,3.84,0.12,237.001,18279.784,1272,Tennessee
6/30/2015,5.25,1178.828793,211081.35,TN,3.9825,0.13,237.657,18279.784,1379,Tennessee
7/31/2015,5.15,1230.957428,211081.35,TN,4.046,0.13,238.034,18401.626,1140,Tennessee
8/31/2015,5.1,1276.596037,211081.35,TN,3.905,0.14,238.033,18401.626,1165,Tennessee
9/30/2015,5,1161.541954,211081.35,TN,3.89,0.14,237.498,18401.626,1144,Tennessee
10/31/2015,4.95,1294.096538,211081.35,TN,3.796,0.12,237.733,18435.137,1160,Tennessee
11/30/2015,4.9,1186.267891,211081.35,TN,3.9425,0.12,238.017,18435.137,1244,Tennessee
12/31/2015,4.9,1301.692609,211081.35,TN,3.964,0.24,237.761,18435.137,1211,Tennessee
1/31/2016,4.9,1202.756665,217664.3,TN,3.8725,0.34,237.652,18525.933,1171,Tennessee
2/29/2016,4.9,1210.550369,217664.3,TN,3.66,0.38,237.336,18525.933,1172,Tennessee
3/31/2016,4.9,1170.136778,217664.3,TN,3.694,0.36,238.08,18525.933,1118,Tennessee
4/30/2016,4.9,1232.27603,217664.3,TN,3.605,0.37,238.992,18711.702,1160,Tennessee
5/31/2016,4.9,1166.487075,217664.3,TN,3.6,0.37,239.557,18711.702,1205,Tennessee
6/30/2016,4.9,1286.868976,217664.3,TN,3.568,0.38,240.222,18711.702,1208,Tennessee
7/31/2016,4.9,1073.062299,217664.3,TN,3.44,0.39,240.101,18892.639,1198,Tennessee
8/31/2016,4.8,1327.012607,217664.3,TN,3.435,0.4,240.545,18892.639,1201,Tennessee
9/30/2016,4.7,1330.227411,217664.3,TN,3.46,0.4,241.176,18892.639,1303,Tennessee
10/31/2016,4.65,1116.781137,217664.3,TN,3.47,0.4,241.741,19089.379,1254,Tennessee
11/30/2016,4.6,1146.387016,217664.3,TN,3.77,0.41,242.026,19089.379,1230,Tennessee
12/31/2016,4.6,1148.49765,217664.3,TN,4.198,0.54,242.637,19089.379,1248,Tennessee
1/31/2017,4.6,1113.027287,225236.05,TN,4.15,0.65,243.618,19280.084,1303,Tennessee
2/28/2017,4.5,1199.682064,225236.05,TN,4.1675,0.66,244.006,19280.084,1234,Tennessee
3/31/2017,4.45,1324.544488,225236.05,TN,4.196,0.79,243.892,19280.084,1272,Tennessee
4/30/2017,4.4,1088.068897,225236.05,TN,4.045,0.9,244.193,19438.643,1251,Tennessee
5/31/2017,4.3,1378.764859,225236.05,TN,4.01,0.91,244.004,19438.643,1208,Tennessee
6/30/2017,4.3,1234.142193,225236.05,TN,3.904,1.04,244.163,19438.643,1353,Tennessee
7/31/2017,4.25,1187.437912,225236.05,TN,3.9675,1.15,244.243,19692.595,1256,Tennessee
8/31/2017,4.2,1387.511433,225236.05,TN,3.88,1.16,245.183,19692.595,1319,Tennessee
9/30/2017,4.15,1297.123935,225236.05,TN,3.805,1.15,246.435,19692.595,1273,Tennessee
10/31/2017,4.2,1269.097485,225236.05,TN,3.895,1.15,246.626,20037.088,1356,Tennessee
11/30/2017,4.2,1291.991671,225236.05,TN,3.922,1.16,247.284,20037.088,1299,Tennessee
12/31/2017,4.1,1348.43109,225236.05,TN,3.95,1.3,247.805,20037.088,1311,Tennessee
1/31/2018,4.1,1296.291245,232985.8,TN,4.0325,1.41,248.859,20328.553,1317,Tennessee
2/28/2018,4,1278.229389,232985.8,TN,4.33,1.42,249.529,20328.553,1321,Tennessee
3/31/2018,4,1375.658009,232985.8,TN,4.444,1.51,249.577,20328.553,1385,Tennessee
4/30/2018,3.9,1420.851893,232985.8,TN,4.4675,1.69,250.227,20580.912,1378,Tennessee
5/31/2018,3.85,1423.550752,232985.8,TN,4.586,1.7,250.792,20580.912,1338,Tennessee
6/30/2018,3.8,1197.333337,232985.8,TN,4.57,1.82,251.018,20580.912,1345,Tennessee
7/31/2018,3.75,1151.242076,232985.8,TN,4.5275,1.91,251.214,20798.73,1334,Tennessee
8/31/2018,3.75,1327.21545,232985.8,TN,4.55,1.91,251.663,20798.73,1273,Tennessee
9/30/2018,3.75,1284.69425,232985.8,TN,4.6275,1.95,252.182,20798.73,1314,Tennessee
10/31/2018,3.7,1271.388444,232985.8,TN,4.83,2.19,252.772,20917.867,1272,Tennessee
11/30/2018,3.7,1301.260492,232985.8,TN,4.866,2.2,252.594,20917.867,1340,Tennessee
12/31/2018,3.65,1126.900837,232985.8,TN,4.6375,2.27,252.767,20917.867,1317,Tennessee
1/31/2019,3.65,1223.369901,239408.05,TN,4.464,2.4,252.561,21111.6,1254,Tennessee
2/28/2019,3.6,1170.745641,239408.05,TN,4.37,2.4,253.319,21111.6,1286,Tennessee
3/31/2019,3.5,1088.366248,239408.05,TN,4.265,2.41,254.277,21111.6,1295,Tennessee
4/30/2019,3.45,1315.153053,239408.05,TN,4.1425,2.42,255.233,21397.938,1322,Tennessee
5/31/2019,3.4,1297.468494,239408.05,TN,4.072,2.39,255.296,21397.938,1347,Tennessee
6/30/2019,3.4,1083.190939,239408.05,TN,3.8025,2.38,255.213,21397.938,1299,Tennessee
7/31/2019,3.45,1424.481144,239408.05,TN,3.765,2.4,255.802,21717.171,1379,Tennessee
8/31/2019,3.5,1400.132793,239408.05,TN,3.616,2.13,256.036,21717.171,1482,Tennessee
9/30/2019,3.5,1253.875438,239408.05,TN,3.605,2.04,256.43,21717.171,1469,Tennessee
10/31/2019,3.4,1522.005571,239408.05,TN,3.688,1.83,257.155,21933.217,1523,Tennessee
11/30/2019,3.4,1278.827325,239408.05,TN,3.695,1.55,257.879,21933.217,1535,Tennessee
12/31/2019,3.45,1443.936238,239408.05,TN,3.72,1.55,258.63,21933.217,1443,Tennessee
1/31/2020,3.5,1496.232908,229465.2,TN,3.624,1.55,259.127,21751.238,1495,Tennessee
2/29/2020,3.6,1343.136325,229465.2,TN,3.465,1.58,259.25,21751.238,1455,Tennessee
3/31/2020,3.7,1264.407414,229465.2,TN,3.45,0.65,258.076,21751.238,1346,Tennessee
4/30/2020,13.4,1022.93096,229465.2,TN,3.306,0.05,256.032,19958.291,1076,Tennessee
5/31/2020,11.7,1181.980891,229465.2,TN,3.2325,0.05,255.802,19958.291,1250,Tennessee
6/30/2020,9.8,1381.405868,229465.2,TN,3.1625,0.08,257.042,19958.291,1334,Tennessee
7/31/2020,8.5,1476.415765,229465.2,TN,3.016,0.09,258.352,21704.437,1546,Tennessee
8/31/2020,7.4,1314.777776,229465.2,TN,2.935,0.1,259.316,21704.437,1533,Tennessee
9/30/2020,7.1,1525.576407,229465.2,TN,2.89,0.09,259.997,21704.437,1636,Tennessee
10/31/2020,6.45,1469.288006,229465.2,TN,2.834,0.09,260.319,22087.16,1613,Tennessee
11/30/2020,6.3,1600.002112,229465.2,TN,2.765,0.09,260.911,22087.16,1703,Tennessee
12/31/2020,6.25,1578.583834,229465.2,TN,2.684,0.09,262.045,22087.16,1752,Tennessee
1/31/2021,5.95,1442.356658,244197.05,TN,2.735,0.09,262.639,22680.693,1855,Tennessee
2/28/2021,6,1590.586187,244197.05,TN,2.81,0.08,263.573,22680.693,1711,Tennessee
3/31/2021,5.95,1765.985333,244197.05,TN,3.0825,0.07,264.847,22680.693,1756,Tennessee
4/30/2021,5.85,1723.152859,244197.05,TN,3.06,0.07,266.625,23425.91,1721,Tennessee
5/31/2021,5.6,1480.416519,244197.05,TN,2.9625,0.06,268.404,23425.91,1703,Tennessee
6/30/2021,5.35,1581.24158,244197.05,TN,2.975,0.08,270.71,23425.91,1654,Tennessee
7/31/2021,5,1498.283567,244197.05,TN,2.868,0.1,271.965,23982.379,1658,Tennessee
8/31/2021,4.7,1470.798757,244197.05,TN,2.8425,0.09,272.752,23982.379,1736,Tennessee
9/30/2021,4.45,1589.968726,244197.05,TN,2.9,0.08,273.942,23982.379,1640,Tennessee
10/31/2021,4.25,1446.34853,244197.05,TN,3.0675,0.08,276.528,24813.6,1707,Tennessee
11/30/2021,4.05,1523.07433,244197.05,TN,3.0675,0.08,278.824,24813.6,1765,Tennessee
12/31/2021,3.8,1692.128556,244197.05,TN,3.098,0.08,280.806,24813.6,1919,Tennessee
1/31/2022,3.65,1649.20631,247140.25,TN,3.445,0.08,282.542,25250.347,1920,Tennessee
2/28/2022,3.45,1716.198558,247140.25,TN,3.7625,0.08,284.525,25250.347,1857,Tennessee
3/31/2022,3.25,1654.647657,247140.25,TN,4.172,0.2,287.467,25250.347,1868,Tennessee
4/30/2022,3.25,1826.257035,247140.25,TN,4.9825,0.33,288.582,25861.292,1859,Tennessee
5/31/2022,3.25,1501.951031,247140.25,TN,5.23,0.77,291.299,25861.292,1704,Tennessee
6/30/2022,3.25,1687.429454,247140.25,TN,5.522,1.21,295.072,25861.292,1737,Tennessee
7/31/2022,3.3,1471.852946,247140.25,TN,5.4125,1.68,294.94,26336.304,1703,Tennessee
8/31/2022,3.25,1351.704048,247140.25,TN,5.2225,2.33,295.162,26336.304,1557,Tennessee
9/30/2022,3.3,1500.85975,247140.25,TN,6.112,2.56,296.421,26336.304,1600,Tennessee
10/31/2022,3.3,1258.406926,247140.25,TN,6.9,3.08,297.979,26770.514,1594,Tennessee
11/30/2022,3.3,1178.79923,247140.25,TN,6.805,3.78,298.708,26770.514,1401,Tennessee
12/31/2022,3.3,1226.314187,247140.25,TN,6.364,4.1,298.808,26770.514,1410,Tennessee
1/31/2023,3.3,1250.780745,253486.4,TN,6.2725,4.33,300.456,27216.445,1410,Tennessee
2/28/2023,3.3,1302.023951,253486.4,TN,6.2575,4.57,301.476,27216.445,1618,Tennessee
3/31/2023,3.2,1272.514423,253486.4,TN,6.544,4.65,301.643,27216.445,1480,Tennessee
4/30/2023,3.1,1291.546743,253486.4,TN,6.3425,4.83,302.858,27530.055,1474,Tennessee
5/31/2023,3.15,1482.584697,253486.4,TN,6.425,5.06,303.316,27530.055,1575,Tennessee
6/30/2023,3.2,1294.540265,253486.4,TN,6.714,5.08,304.099,27530.055,1464,Tennessee
7/31/2023,3.25,1379.229405,253486.4,TN,6.84,5.12,304.615,28074.846,1522,Tennessee
8/31/2023,3.3,1328.345044,253486.4,TN,7.072,5.33,306.138,28074.846,1561,Tennessee
9/30/2023,3.4,1282.042936,253486.4,TN,7.2,5.33,307.374,28074.846,1537,Tennessee
10/31/2023,3.4,1255.585444,253486.4,TN,7.62,5.33,307.653,28424.722,1528,Tennessee
11/30/2023,3.55,1389.205899,253486.4,TN,7.442,5.33,308.087,28424.722,1503,Tennessee
12/31/2023,3.55,1325.617412,253486.4,TN,6.815,5.33,308.735,28424.722,1519,Tennessee
1/31/2024,3.5,1363.15034,260201.8,TN,6.6425,5.33,309.794,28708.161,1545,Tennessee
2/29/2024,3.5,1416.826634,260201.8,TN,6.776,5.33,311.022,28708.161,1577,Tennessee
3/31/2024,3.55,1292.951903,260201.8,TN,6.82,5.33,312.107,28708.161,1476,Tennessee
4/30/2024,3.6,1283.745514,260201.8,TN,6.9925,5.33,313.016,29147.044,1459,Tennessee
5/31/2024,3.6,1316.718797,260201.8,TN,7.06,5.33,313.14,29147.044,1407,Tennessee
6/30/2024,3.65,1312.826292,260201.8,TN,6.9175,5.33,313.131,29147.044,1461,Tennessee
7/31/2024,3.7,1358.046786,260201.8,TN,6.8475,5.33,313.566,29511.664,1436,Tennessee
8/31/2024,3.7,1492.984046,260201.8,TN,6.5,5.33,314.131,29511.664,1476,Tennessee
9/30/2024,3.75,1296.556872,260201.8,TN,6.18,5.13,314.851,29511.664,1434,Tennessee
10/31/2024,3.75,1328.763232,260201.8,TN,6.428,4.83,315.564,29825.182,1428,Tennessee
11/30/2024,3.75,1248.913287,260201.8,TN,6.805,4.64,316.449,29825.182,1508,Tennessee
12/31/2024,3.75,1269.969383,260201.8,TN,6.715,4.48,317.603,29825.182,1480,Tennessee
1/31/2025,3.8,1337.422505,260201.8,TN,6.958,4.33,319.086,30042.113,1460,Tennessee
2/28/2025,3.8,1337.822022,260201.8,TN,6.8425,4.33,319.775,30042.113,1454,Tennessee
3/31/2025,3.8,1206.603998,260201.8,TN,6.65,4.33,319.615,30042.113,1481,Tennessee
4/30/2025,3.9,1400.80925,260201.8,TN,6.725,4.33,320.321,30485.729,1422,Tennessee
5/31/2025,3.95,1297.098311,260201.8,TN,6.816,4.33,320.58,30485.729,1394,Tennessee
6/30/2025,4,1242.885615,260201.8,TN,6.8175,4.33,321.5,30485.729,1393,Tennessee
7/31/2025,3.95,1234.287131,260201.8,TN,6.72,4.33,322.132,30485.729,1362,Tennessee
8/31/2025,3.95,1322.321914,260201.8,TN,6.5875,4.33,323.364,30485.729,1330,Tennessee
9/30/2025,4.4,1258.406926,260201.8,TN,6.3525,4.22,323.364,30485.729,1330,Tennessee
1/31/2012,7.8,770.8373715,199540.8,TX,3.915,0.08,227.842,16068.805,712,Texas
2/29/2012,7.7,807.912776,199540.8,TX,3.89,0.1,228.329,16068.805,738,Texas
3/31/2012,7.6,788.1770759,199540.8,TX,3.954,0.13,228.807,16068.805,806,Texas
4/30/2012,7.55,763.7433888,199540.8,TX,3.91,0.14,229.187,16207.115,732,Texas
5/31/2012,7.65,955.6021729,199540.8,TX,3.798,0.16,228.713,16207.115,796,Texas
6/30/2012,7.7,766.3690878,199540.8,TX,3.675,0.16,228.524,16207.115,794,Texas
7/31/2012,7.65,763.0131929,199540.8,TX,3.55,0.16,228.59,16319.541,849,Texas
8/31/2012,7.6,989.1819617,199540.8,TX,3.602,0.13,229.918,16319.541,840,Texas
9/30/2012,7.45,976.5440169,199540.8,TX,3.4975,0.14,231.015,16319.541,930,Texas
10/31/2012,7.45,986.0678376,199540.8,TX,3.3825,0.16,231.638,16420.419,887,Texas
11/30/2012,7.4,1017.992439,199540.8,TX,3.352,0.16,231.249,16420.419,917,Texas
12/31/2012,7.4,884.896888,199540.8,TX,3.345,0.16,231.221,16420.419,941,Texas
1/31/2013,7.4,1057.460702,203555.1,TX,3.414,0.14,231.679,16648.189,940,Texas
2/28/2013,7.3,1057.275823,203555.1,TX,3.5325,0.15,232.937,16648.189,980,Texas
3/31/2013,7.25,1049.012188,203555.1,TX,3.565,0.14,232.282,16648.189,936,Texas
4/30/2013,7.2,1091.462577,203555.1,TX,3.445,0.15,231.797,16728.687,1012,Texas
5/31/2013,7.15,1055.705253,203555.1,TX,3.536,0.11,231.893,16728.687,1003,Texas
6/30/2013,7.1,952.5250941,203555.1,TX,4.07,0.09,232.445,16728.687,942,Texas
7/31/2013,7.1,1123.854863,203555.1,TX,4.37,0.09,232.9,16953.838,997,Texas
8/31/2013,7.05,1105.30175,203555.1,TX,4.456,0.08,233.456,16953.838,964,Texas
9/30/2013,6.95,1048.513301,203555.1,TX,4.49,0.08,233.544,16953.838,1004,Texas
10/31/2013,6.85,1035.549375,203555.1,TX,4.192,0.09,233.669,17192.019,1044,Texas
11/30/2013,6.7,994.0667857,203555.1,TX,4.255,0.08,234.1,17192.019,1029,Texas
12/31/2013,6.6,968.7848964,203555.1,TX,4.4575,0.09,234.719,17192.019,1005,Texas
1/31/2014,6.45,1184.295795,206073.95,TX,4.432,0.07,235.288,17197.738,976,Texas
2/28/2014,6.35,1033.097412,206073.95,TX,4.3025,0.07,235.547,17197.738,1039,Texas
3/31/2014,6.25,1056.902816,206073.95,TX,4.3425,0.08,236.028,17197.738,1067,Texas
4/30/2014,6.15,1104.70702,206073.95,TX,4.3375,0.09,236.468,17518.508,1090,Texas
5/31/2014,6.1,1106.132476,206073.95,TX,4.192,0.09,236.918,17518.508,1018,Texas
6/30/2014,6.2,1140.411397,206073.95,TX,4.1625,0.1,237.231,17518.508,1010,Texas
7/31/2014,6.1,1203.593038,206073.95,TX,4.13,0.09,237.498,17804.228,1076,Texas
8/31/2014,6.05,1021.924831,206073.95,TX,4.115,0.09,237.46,17804.228,1047,Texas
9/30/2014,5.9,1262.815376,206073.95,TX,4.1625,0.09,237.477,17804.228,1077,Texas
10/31/2014,5.75,1283.484284,206073.95,TX,4.036,0.09,237.43,17912.079,1094,Texas
11/30/2014,5.65,998.4800824,206073.95,TX,3.9975,0.09,236.983,17912.079,1059,Texas
12/31/2014,5.6,1194.73778,206073.95,TX,3.864,0.12,236.252,17912.079,1072,Texas
1/31/2015,5.55,1015.967511,211081.35,TX,3.67,0.11,234.747,18063.529,1049,Texas
2/28/2015,5.6,1080.359105,211081.35,TX,3.71,0.11,235.342,18063.529,1127,Texas
3/31/2015,5.55,983.2187761,211081.35,TX,3.77,0.11,235.976,18063.529,1072,Texas
4/30/2015,5.5,1071.225361,211081.35,TX,3.672,0.12,236.222,18279.784,1166,Texas
5/31/2015,5.35,1118.562121,211081.35,TX,3.84,0.12,237.001,18279.784,1272,Texas
6/30/2015,5.25,1178.828793,211081.35,TX,3.9825,0.13,237.657,18279.784,1379,Texas
7/31/2015,5.15,1230.957428,211081.35,TX,4.046,0.13,238.034,18401.626,1140,Texas
8/31/2015,5.1,1276.596037,211081.35,TX,3.905,0.14,238.033,18401.626,1165,Texas
9/30/2015,5,1161.541954,211081.35,TX,3.89,0.14,237.498,18401.626,1144,Texas
10/31/2015,4.95,1294.096538,211081.35,TX,3.796,0.12,237.733,18435.137,1160,Texas
11/30/2015,4.9,1186.267891,211081.35,TX,3.9425,0.12,238.017,18435.137,1244,Texas
12/31/2015,4.9,1301.692609,211081.35,TX,3.964,0.24,237.761,18435.137,1211,Texas
1/31/2016,4.9,1202.756665,217664.3,TX,3.8725,0.34,237.652,18525.933,1171,Texas
2/29/2016,4.9,1210.550369,217664.3,TX,3.66,0.38,237.336,18525.933,1172,Texas
3/31/2016,4.9,1170.136778,217664.3,TX,3.694,0.36,238.08,18525.933,1118,Texas
4/30/2016,4.9,1232.27603,217664.3,TX,3.605,0.37,238.992,18711.702,1160,Texas
5/31/2016,4.9,1166.487075,217664.3,TX,3.6,0.37,239.557,18711.702,1205,Texas
6/30/2016,4.9,1286.868976,217664.3,TX,3.568,0.38,240.222,18711.702,1208,Texas
7/31/2016,4.9,1073.062299,217664.3,TX,3.44,0.39,240.101,18892.639,1198,Texas
8/31/2016,4.8,1327.012607,217664.3,TX,3.435,0.4,240.545,18892.639,1201,Texas
9/30/2016,4.7,1330.227411,217664.3,TX,3.46,0.4,241.176,18892.639,1303,Texas
10/31/2016,4.65,1116.781137,217664.3,TX,3.47,0.4,241.741,19089.379,1254,Texas
11/30/2016,4.6,1146.387016,217664.3,TX,3.77,0.41,242.026,19089.379,1230,Texas
12/31/2016,4.6,1148.49765,217664.3,TX,4.198,0.54,242.637,19089.379,1248,Texas
1/31/2017,4.6,1113.027287,225236.05,TX,4.15,0.65,243.618,19280.084,1303,Texas
2/28/2017,4.5,1199.682064,225236.05,TX,4.1675,0.66,244.006,19280.084,1234,Texas
3/31/2017,4.45,1324.544488,225236.05,TX,4.196,0.79,243.892,19280.084,1272,Texas
4/30/2017,4.4,1088.068897,225236.05,TX,4.045,0.9,244.193,19438.643,1251,Texas
5/31/2017,4.3,1378.764859,225236.05,TX,4.01,0.91,244.004,19438.643,1208,Texas
6/30/2017,4.3,1234.142193,225236.05,TX,3.904,1.04,244.163,19438.643,1353,Texas
7/31/2017,4.25,1187.437912,225236.05,TX,3.9675,1.15,244.243,19692.595,1256,Texas
8/31/2017,4.2,1387.511433,225236.05,TX,3.88,1.16,245.183,19692.595,1319,Texas
9/30/2017,4.15,1297.123935,225236.05,TX,3.805,1.15,246.435,19692.595,1273,Texas
10/31/2017,4.2,1269.097485,225236.05,TX,3.895,1.15,246.626,20037.088,1356,Texas
11/30/2017,4.2,1291.991671,225236.05,TX,3.922,1.16,247.284,20037.088,1299,Texas
12/31/2017,4.1,1348.43109,225236.05,TX,3.95,1.3,247.805,20037.088,1311,Texas
1/31/2018,4.1,1296.291245,232985.8,TX,4.0325,1.41,248.859,20328.553,1317,Texas
2/28/2018,4,1278.229389,232985.8,TX,4.33,1.42,249.529,20328.553,1321,Texas
3/31/2018,4,1375.658009,232985.8,TX,4.444,1.51,249.577,20328.553,1385,Texas
4/30/2018,3.9,1420.851893,232985.8,TX,4.4675,1.69,250.227,20580.912,1378,Texas
5/31/2018,3.85,1423.550752,232985.8,TX,4.586,1.7,250.792,20580.912,1338,Texas
6/30/2018,3.8,1197.333337,232985.8,TX,4.57,1.82,251.018,20580.912,1345,Texas
7/31/2018,3.75,1151.242076,232985.8,TX,4.5275,1.91,251.214,20798.73,1334,Texas
8/31/2018,3.75,1327.21545,232985.8,TX,4.55,1.91,251.663,20798.73,1273,Texas
9/30/2018,3.75,1284.69425,232985.8,TX,4.6275,1.95,252.182,20798.73,1314,Texas
10/31/2018,3.7,1271.388444,232985.8,TX,4.83,2.19,252.772,20917.867,1272,Texas
11/30/2018,3.7,1301.260492,232985.8,TX,4.866,2.2,252.594,20917.867,1340,Texas
12/31/2018,3.65,1126.900837,232985.8,TX,4.6375,2.27,252.767,20917.867,1317,Texas
1/31/2019,3.65,1223.369901,239408.05,TX,4.464,2.4,252.561,21111.6,1254,Texas
2/28/2019,3.6,1170.745641,239408.05,TX,4.37,2.4,253.319,21111.6,1286,Texas
3/31/2019,3.5,1088.366248,239408.05,TX,4.265,2.41,254.277,21111.6,1295,Texas
4/30/2019,3.45,1315.153053,239408.05,TX,4.1425,2.42,255.233,21397.938,1322,Texas
5/31/2019,3.4,1297.468494,239408.05,TX,4.072,2.39,255.296,21397.938,1347,Texas
6/30/2019,3.4,1083.190939,239408.05,TX,3.8025,2.38,255.213,21397.938,1299,Texas
7/31/2019,3.45,1424.481144,239408.05,TX,3.765,2.4,255.802,21717.171,1379,Texas
8/31/2019,3.5,1400.132793,239408.05,TX,3.616,2.13,256.036,21717.171,1482,Texas
9/30/2019,3.5,1253.875438,239408.05,TX,3.605,2.04,256.43,21717.171,1469,Texas
10/31/2019,3.4,1522.005571,239408.05,TX,3.688,1.83,257.155,21933.217,1523,Texas
11/30/2019,3.4,1278.827325,239408.05,TX,3.695,1.55,257.879,21933.217,1535,Texas
12/31/2019,3.45,1443.936238,239408.05,TX,3.72,1.55,258.63,21933.217,1443,Texas
1/31/2020,3.5,1496.232908,229465.2,TX,3.624,1.55,259.127,21751.238,1495,Texas
2/29/2020,3.6,1343.136325,229465.2,TX,3.465,1.58,259.25,21751.238,1455,Texas
3/31/2020,3.7,1264.407414,229465.2,TX,3.45,0.65,258.076,21751.238,1346,Texas
4/30/2020,13.4,1022.93096,229465.2,TX,3.306,0.05,256.032,19958.291,1076,Texas
5/31/2020,11.7,1181.980891,229465.2,TX,3.2325,0.05,255.802,19958.291,1250,Texas
6/30/2020,9.8,1381.405868,229465.2,TX,3.1625,0.08,257.042,19958.291,1334,Texas
7/31/2020,8.5,1476.415765,229465.2,TX,3.016,0.09,258.352,21704.437,1546,Texas
8/31/2020,7.4,1314.777776,229465.2,TX,2.935,0.1,259.316,21704.437,1533,Texas
9/30/2020,7.1,1525.576407,229465.2,TX,2.89,0.09,259.997,21704.437,1636,Texas
10/31/2020,6.45,1469.288006,229465.2,TX,2.834,0.09,260.319,22087.16,1613,Texas
11/30/2020,6.3,1600.002112,229465.2,TX,2.765,0.09,260.911,22087.16,1703,Texas
12/31/2020,6.25,1578.583834,229465.2,TX,2.684,0.09,262.045,22087.16,1752,Texas
1/31/2021,5.95,1442.356658,244197.05,TX,2.735,0.09,262.639,22680.693,1855,Texas
2/28/2021,6,1590.586187,244197.05,TX,2.81,0.08,263.573,22680.693,1711,Texas
3/31/2021,5.95,1765.985333,244197.05,TX,3.0825,0.07,264.847,22680.693,1756,Texas
4/30/2021,5.85,1723.152859,244197.05,TX,3.06,0.07,266.625,23425.91,1721,Texas
5/31/2021,5.6,1480.416519,244197.05,TX,2.9625,0.06,268.404,23425.91,1703,Texas
6/30/2021,5.35,1581.24158,244197.05,TX,2.975,0.08,270.71,23425.91,1654,Texas
7/31/2021,5,1498.283567,244197.05,TX,2.868,0.1,271.965,23982.379,1658,Texas
8/31/2021,4.7,1470.798757,244197.05,TX,2.8425,0.09,272.752,23982.379,1736,Texas
9/30/2021,4.45,1589.968726,244197.05,TX,2.9,0.08,273.942,23982.379,1640,Texas
10/31/2021,4.25,1446.34853,244197.05,TX,3.0675,0.08,276.528,24813.6,1707,Texas
11/30/2021,4.05,1523.07433,244197.05,TX,3.0675,0.08,278.824,24813.6,1765,Texas
12/31/2021,3.8,1692.128556,244197.05,TX,3.098,0.08,280.806,24813.6,1919,Texas
1/31/2022,3.65,1649.20631,247140.25,TX,3.445,0.08,282.542,25250.347,1920,Texas
2/28/2022,3.45,1716.198558,247140.25,TX,3.7625,0.08,284.525,25250.347,1857,Texas
3/31/2022,3.25,1654.647657,247140.25,TX,4.172,0.2,287.467,25250.347,1868,Texas
4/30/2022,3.25,1826.257035,247140.25,TX,4.9825,0.33,288.582,25861.292,1859,Texas
5/31/2022,3.25,1501.951031,247140.25,TX,5.23,0.77,291.299,25861.292,1704,Texas
6/30/2022,3.25,1687.429454,247140.25,TX,5.522,1.21,295.072,25861.292,1737,Texas
7/31/2022,3.3,1471.852946,247140.25,TX,5.4125,1.68,294.94,26336.304,1703,Texas
8/31/2022,3.25,1351.704048,247140.25,TX,5.2225,2.33,295.162,26336.304,1557,Texas
9/30/2022,3.3,1500.85975,247140.25,TX,6.112,2.56,296.421,26336.304,1600,Texas
10/31/2022,3.3,1258.406926,247140.25,TX,6.9,3.08,297.979,26770.514,1594,Texas
11/30/2022,3.3,1178.79923,247140.25,TX,6.805,3.78,298.708,26770.514,1401,Texas
12/31/2022,3.3,1226.314187,247140.25,TX,6.364,4.1,298.808,26770.514,1410,Texas
1/31/2023,3.3,1250.780745,253486.4,TX,6.2725,4.33,300.456,27216.445,1410,Texas
2/28/2023,3.3,1302.023951,253486.4,TX,6.2575,4.57,301.476,27216.445,1618,Texas
3/31/2023,3.2,1272.514423,253486.4,TX,6.544,4.65,301.643,27216.445,1480,Texas
4/30/2023,3.1,1291.546743,253486.4,TX,6.3425,4.83,302.858,27530.055,1474,Texas
5/31/2023,3.15,1482.584697,253486.4,TX,6.425,5.06,303.316,27530.055,1575,Texas
6/30/2023,3.2,1294.540265,253486.4,TX,6.714,5.08,304.099,27530.055,1464,Texas
7/31/2023,3.25,1379.229405,253486.4,TX,6.84,5.12,304.615,28074.846,1522,Texas
8/31/2023,3.3,1328.345044,253486.4,TX,7.072,5.33,306.138,28074.846,1561,Texas
9/30/2023,3.4,1282.042936,253486.4,TX,7.2,5.33,307.374,28074.846,1537,Texas
10/31/2023,3.4,1255.585444,253486.4,TX,7.62,5.33,307.653,28424.722,1528,Texas
11/30/2023,3.55,1389.205899,253486.4,TX,7.442,5.33,308.087,28424.722,1503,Texas
12/31/2023,3.55,1325.617412,253486.4,TX,6.815,5.33,308.735,28424.722,1519,Texas
1/31/2024,3.5,1363.15034,260201.8,TX,6.6425,5.33,309.794,28708.161,1545,Texas
2/29/2024,3.5,1416.826634,260201.8,TX,6.776,5.33,311.022,28708.161,1577,Texas
3/31/2024,3.55,1292.951903,260201.8,TX,6.82,5.33,312.107,28708.161,1476,Texas
4/30/2024,3.6,1283.745514,260201.8,TX,6.9925,5.33,313.016,29147.044,1459,Texas
5/31/2024,3.6,1316.718797,260201.8,TX,7.06,5.33,313.14,29147.044,1407,Texas
6/30/2024,3.65,1312.826292,260201.8,TX,6.9175,5.33,313.131,29147.044,1461,Texas
7/31/2024,3.7,1358.046786,260201.8,TX,6.8475,5.33,313.566,29511.664,1436,Texas
8/31/2024,3.7,1492.984046,260201.8,TX,6.5,5.33,314.131,29511.664,1476,Texas
9/30/2024,3.75,1296.556872,260201.8,TX,6.18,5.13,314.851,29511.664,1434,Texas
10/31/2024,3.75,1328.763232,260201.8,TX,6.428,4.83,315.564,29825.182,1428,Texas
11/30/2024,3.75,1248.913287,260201.8,TX,6.805,4.64,316.449,29825.182,1508,Texas
12/31/2024,3.75,1269.969383,260201.8,TX,6.715,4.48,317.603,29825.182,1480,Texas
1/31/2025,3.8,1337.422505,260201.8,TX,6.958,4.33,319.086,30042.113,1460,Texas
2/28/2025,3.8,1337.822022,260201.8,TX,6.8425,4.33,319.775,30042.113,1454,Texas
3/31/2025,3.8,1206.603998,260201.8,TX,6.65,4.33,319.615,30042.113,1481,Texas
4/30/2025,3.9,1400.80925,260201.8,TX,6.725,4.33,320.321,30485.729,1422,Texas
5/31/2025,3.95,1297.098311,260201.8,TX,6.816,4.33,320.58,30485.729,1394,Texas
6/30/2025,4,1242.885615,260201.8,TX,6.8175,4.33,321.5,30485.729,1393,Texas
7/31/2025,3.95,1234.287131,260201.8,TX,6.72,4.33,322.132,30485.729,1362,Texas
8/31/2025,3.95,1322.321914,260201.8,TX,6.5875,4.33,323.364,30485.729,1330,Texas
9/30/2025,4.4,1258.406926,260201.8,TX,6.3525,4.22,323.364,30485.729,1330,Texas
1/31/2012,7.8,770.8373715,199540.8,UT,3.915,0.08,227.842,16068.805,712,Utah
2/29/2012,7.7,807.912776,199540.8,UT,3.89,0.1,228.329,16068.805,738,Utah
3/31/2012,7.6,788.1770759,199540.8,UT,3.954,0.13,228.807,16068.805,806,Utah
4/30/2012,7.55,763.7433888,199540.8,UT,3.91,0.14,229.187,16207.115,732,Utah
5/31/2012,7.65,955.6021729,199540.8,UT,3.798,0.16,228.713,16207.115,796,Utah
6/30/2012,7.7,766.3690878,199540.8,UT,3.675,0.16,228.524,16207.115,794,Utah
7/31/2012,7.65,763.0131929,199540.8,UT,3.55,0.16,228.59,16319.541,849,Utah
8/31/2012,7.6,989.1819617,199540.8,UT,3.602,0.13,229.918,16319.541,840,Utah
9/30/2012,7.45,976.5440169,199540.8,UT,3.4975,0.14,231.015,16319.541,930,Utah
10/31/2012,7.45,986.0678376,199540.8,UT,3.3825,0.16,231.638,16420.419,887,Utah
11/30/2012,7.4,1017.992439,199540.8,UT,3.352,0.16,231.249,16420.419,917,Utah
12/31/2012,7.4,884.896888,199540.8,UT,3.345,0.16,231.221,16420.419,941,Utah
1/31/2013,7.4,1057.460702,203555.1,UT,3.414,0.14,231.679,16648.189,940,Utah
2/28/2013,7.3,1057.275823,203555.1,UT,3.5325,0.15,232.937,16648.189,980,Utah
3/31/2013,7.25,1049.012188,203555.1,UT,3.565,0.14,232.282,16648.189,936,Utah
4/30/2013,7.2,1091.462577,203555.1,UT,3.445,0.15,231.797,16728.687,1012,Utah
5/31/2013,7.15,1055.705253,203555.1,UT,3.536,0.11,231.893,16728.687,1003,Utah
6/30/2013,7.1,952.5250941,203555.1,UT,4.07,0.09,232.445,16728.687,942,Utah
7/31/2013,7.1,1123.854863,203555.1,UT,4.37,0.09,232.9,16953.838,997,Utah
8/31/2013,7.05,1105.30175,203555.1,UT,4.456,0.08,233.456,16953.838,964,Utah
9/30/2013,6.95,1048.513301,203555.1,UT,4.49,0.08,233.544,16953.838,1004,Utah
10/31/2013,6.85,1035.549375,203555.1,UT,4.192,0.09,233.669,17192.019,1044,Utah
11/30/2013,6.7,994.0667857,203555.1,UT,4.255,0.08,234.1,17192.019,1029,Utah
12/31/2013,6.6,968.7848964,203555.1,UT,4.4575,0.09,234.719,17192.019,1005,Utah
1/31/2014,6.45,1184.295795,206073.95,UT,4.432,0.07,235.288,17197.738,976,Utah
2/28/2014,6.35,1033.097412,206073.95,UT,4.3025,0.07,235.547,17197.738,1039,Utah
3/31/2014,6.25,1056.902816,206073.95,UT,4.3425,0.08,236.028,17197.738,1067,Utah
4/30/2014,6.15,1104.70702,206073.95,UT,4.3375,0.09,236.468,17518.508,1090,Utah
5/31/2014,6.1,1106.132476,206073.95,UT,4.192,0.09,236.918,17518.508,1018,Utah
6/30/2014,6.2,1140.411397,206073.95,UT,4.1625,0.1,237.231,17518.508,1010,Utah
7/31/2014,6.1,1203.593038,206073.95,UT,4.13,0.09,237.498,17804.228,1076,Utah
8/31/2014,6.05,1021.924831,206073.95,UT,4.115,0.09,237.46,17804.228,1047,Utah
9/30/2014,5.9,1262.815376,206073.95,UT,4.1625,0.09,237.477,17804.228,1077,Utah
10/31/2014,5.75,1283.484284,206073.95,UT,4.036,0.09,237.43,17912.079,1094,Utah
11/30/2014,5.65,998.4800824,206073.95,UT,3.9975,0.09,236.983,17912.079,1059,Utah
12/31/2014,5.6,1194.73778,206073.95,UT,3.864,0.12,236.252,17912.079,1072,Utah
1/31/2015,5.55,1015.967511,211081.35,UT,3.67,0.11,234.747,18063.529,1049,Utah
2/28/2015,5.6,1080.359105,211081.35,UT,3.71,0.11,235.342,18063.529,1127,Utah
3/31/2015,5.55,983.2187761,211081.35,UT,3.77,0.11,235.976,18063.529,1072,Utah
4/30/2015,5.5,1071.225361,211081.35,UT,3.672,0.12,236.222,18279.784,1166,Utah
5/31/2015,5.35,1118.562121,211081.35,UT,3.84,0.12,237.001,18279.784,1272,Utah
6/30/2015,5.25,1178.828793,211081.35,UT,3.9825,0.13,237.657,18279.784,1379,Utah
7/31/2015,5.15,1230.957428,211081.35,UT,4.046,0.13,238.034,18401.626,1140,Utah
8/31/2015,5.1,1276.596037,211081.35,UT,3.905,0.14,238.033,18401.626,1165,Utah
9/30/2015,5,1161.541954,211081.35,UT,3.89,0.14,237.498,18401.626,1144,Utah
10/31/2015,4.95,1294.096538,211081.35,UT,3.796,0.12,237.733,18435.137,1160,Utah
11/30/2015,4.9,1186.267891,211081.35,UT,3.9425,0.12,238.017,18435.137,1244,Utah
12/31/2015,4.9,1301.692609,211081.35,UT,3.964,0.24,237.761,18435.137,1211,Utah
1/31/2016,4.9,1202.756665,217664.3,UT,3.8725,0.34,237.652,18525.933,1171,Utah
2/29/2016,4.9,1210.550369,217664.3,UT,3.66,0.38,237.336,18525.933,1172,Utah
3/31/2016,4.9,1170.136778,217664.3,UT,3.694,0.36,238.08,18525.933,1118,Utah
4/30/2016,4.9,1232.27603,217664.3,UT,3.605,0.37,238.992,18711.702,1160,Utah
5/31/2016,4.9,1166.487075,217664.3,UT,3.6,0.37,239.557,18711.702,1205,Utah
6/30/2016,4.9,1286.868976,217664.3,UT,3.568,0.38,240.222,18711.702,1208,Utah
7/31/2016,4.9,1073.062299,217664.3,UT,3.44,0.39,240.101,18892.639,1198,Utah
8/31/2016,4.8,1327.012607,217664.3,UT,3.435,0.4,240.545,18892.639,1201,Utah
9/30/2016,4.7,1330.227411,217664.3,UT,3.46,0.4,241.176,18892.639,1303,Utah
10/31/2016,4.65,1116.781137,217664.3,UT,3.47,0.4,241.741,19089.379,1254,Utah
11/30/2016,4.6,1146.387016,217664.3,UT,3.77,0.41,242.026,19089.379,1230,Utah
12/31/2016,4.6,1148.49765,217664.3,UT,4.198,0.54,242.637,19089.379,1248,Utah
1/31/2017,4.6,1113.027287,225236.05,UT,4.15,0.65,243.618,19280.084,1303,Utah
2/28/2017,4.5,1199.682064,225236.05,UT,4.1675,0.66,244.006,19280.084,1234,Utah
3/31/2017,4.45,1324.544488,225236.05,UT,4.196,0.79,243.892,19280.084,1272,Utah
4/30/2017,4.4,1088.068897,225236.05,UT,4.045,0.9,244.193,19438.643,1251,Utah
5/31/2017,4.3,1378.764859,225236.05,UT,4.01,0.91,244.004,19438.643,1208,Utah
6/30/2017,4.3,1234.142193,225236.05,UT,3.904,1.04,244.163,19438.643,1353,Utah
7/31/2017,4.25,1187.437912,225236.05,UT,3.9675,1.15,244.243,19692.595,1256,Utah
8/31/2017,4.2,1387.511433,225236.05,UT,3.88,1.16,245.183,19692.595,1319,Utah
9/30/2017,4.15,1297.123935,225236.05,UT,3.805,1.15,246.435,19692.595,1273,Utah
10/31/2017,4.2,1269.097485,225236.05,UT,3.895,1.15,246.626,20037.088,1356,Utah
11/30/2017,4.2,1291.991671,225236.05,UT,3.922,1.16,247.284,20037.088,1299,Utah
12/31/2017,4.1,1348.43109,225236.05,UT,3.95,1.3,247.805,20037.088,1311,Utah
1/31/2018,4.1,1296.291245,232985.8,UT,4.0325,1.41,248.859,20328.553,1317,Utah
2/28/2018,4,1278.229389,232985.8,UT,4.33,1.42,249.529,20328.553,1321,Utah
3/31/2018,4,1375.658009,232985.8,UT,4.444,1.51,249.577,20328.553,1385,Utah
4/30/2018,3.9,1420.851893,232985.8,UT,4.4675,1.69,250.227,20580.912,1378,Utah
5/31/2018,3.85,1423.550752,232985.8,UT,4.586,1.7,250.792,20580.912,1338,Utah
6/30/2018,3.8,1197.333337,232985.8,UT,4.57,1.82,251.018,20580.912,1345,Utah
7/31/2018,3.75,1151.242076,232985.8,UT,4.5275,1.91,251.214,20798.73,1334,Utah
8/31/2018,3.75,1327.21545,232985.8,UT,4.55,1.91,251.663,20798.73,1273,Utah
9/30/2018,3.75,1284.69425,232985.8,UT,4.6275,1.95,252.182,20798.73,1314,Utah
10/31/2018,3.7,1271.388444,232985.8,UT,4.83,2.19,252.772,20917.867,1272,Utah
11/30/2018,3.7,1301.260492,232985.8,UT,4.866,2.2,252.594,20917.867,1340,Utah
12/31/2018,3.65,1126.900837,232985.8,UT,4.6375,2.27,252.767,20917.867,1317,Utah
1/31/2019,3.65,1223.369901,239408.05,UT,4.464,2.4,252.561,21111.6,1254,Utah
2/28/2019,3.6,1170.745641,239408.05,UT,4.37,2.4,253.319,21111.6,1286,Utah
3/31/2019,3.5,1088.366248,239408.05,UT,4.265,2.41,254.277,21111.6,1295,Utah
4/30/2019,3.45,1315.153053,239408.05,UT,4.1425,2.42,255.233,21397.938,1322,Utah
5/31/2019,3.4,1297.468494,239408.05,UT,4.072,2.39,255.296,21397.938,1347,Utah
6/30/2019,3.4,1083.190939,239408.05,UT,3.8025,2.38,255.213,21397.938,1299,Utah
7/31/2019,3.45,1424.481144,239408.05,UT,3.765,2.4,255.802,21717.171,1379,Utah
8/31/2019,3.5,1400.132793,239408.05,UT,3.616,2.13,256.036,21717.171,1482,Utah
9/30/2019,3.5,1253.875438,239408.05,UT,3.605,2.04,256.43,21717.171,1469,Utah
10/31/2019,3.4,1522.005571,239408.05,UT,3.688,1.83,257.155,21933.217,1523,Utah
11/30/2019,3.4,1278.827325,239408.05,UT,3.695,1.55,257.879,21933.217,1535,Utah
12/31/2019,3.45,1443.936238,239408.05,UT,3.72,1.55,258.63,21933.217,1443,Utah
1/31/2020,3.5,1496.232908,229465.2,UT,3.624,1.55,259.127,21751.238,1495,Utah
2/29/2020,3.6,1343.136325,229465.2,UT,3.465,1.58,259.25,21751.238,1455,Utah
3/31/2020,3.7,1264.407414,229465.2,UT,3.45,0.65,258.076,21751.238,1346,Utah
4/30/2020,13.4,1022.93096,229465.2,UT,3.306,0.05,256.032,19958.291,1076,Utah
5/31/2020,11.7,1181.980891,229465.2,UT,3.2325,0.05,255.802,19958.291,1250,Utah
6/30/2020,9.8,1381.405868,229465.2,UT,3.1625,0.08,257.042,19958.291,1334,Utah
7/31/2020,8.5,1476.415765,229465.2,UT,3.016,0.09,258.352,21704.437,1546,Utah
8/31/2020,7.4,1314.777776,229465.2,UT,2.935,0.1,259.316,21704.437,1533,Utah
9/30/2020,7.1,1525.576407,229465.2,UT,2.89,0.09,259.997,21704.437,1636,Utah
10/31/2020,6.45,1469.288006,229465.2,UT,2.834,0.09,260.319,22087.16,1613,Utah
11/30/2020,6.3,1600.002112,229465.2,UT,2.765,0.09,260.911,22087.16,1703,Utah
12/31/2020,6.25,1578.583834,229465.2,UT,2.684,0.09,262.045,22087.16,1752,Utah
1/31/2021,5.95,1442.356658,244197.05,UT,2.735,0.09,262.639,22680.693,1855,Utah
2/28/2021,6,1590.586187,244197.05,UT,2.81,0.08,263.573,22680.693,1711,Utah
3/31/2021,5.95,1765.985333,244197.05,UT,3.0825,0.07,264.847,22680.693,1756,Utah
4/30/2021,5.85,1723.152859,244197.05,UT,3.06,0.07,266.625,23425.91,1721,Utah
5/31/2021,5.6,1480.416519,244197.05,UT,2.9625,0.06,268.404,23425.91,1703,Utah
6/30/2021,5.35,1581.24158,244197.05,UT,2.975,0.08,270.71,23425.91,1654,Utah
7/31/2021,5,1498.283567,244197.05,UT,2.868,0.1,271.965,23982.379,1658,Utah
8/31/2021,4.7,1470.798757,244197.05,UT,2.8425,0.09,272.752,23982.379,1736,Utah
9/30/2021,4.45,1589.968726,244197.05,UT,2.9,0.08,273.942,23982.379,1640,Utah
10/31/2021,4.25,1446.34853,244197.05,UT,3.0675,0.08,276.528,24813.6,1707,Utah
11/30/2021,4.05,1523.07433,244197.05,UT,3.0675,0.08,278.824,24813.6,1765,Utah
12/31/2021,3.8,1692.128556,244197.05,UT,3.098,0.08,280.806,24813.6,1919,Utah
1/31/2022,3.65,1649.20631,247140.25,UT,3.445,0.08,282.542,25250.347,1920,Utah
2/28/2022,3.45,1716.198558,247140.25,UT,3.7625,0.08,284.525,25250.347,1857,Utah
3/31/2022,3.25,1654.647657,247140.25,UT,4.172,0.2,287.467,25250.347,1868,Utah
4/30/2022,3.25,1826.257035,247140.25,UT,4.9825,0.33,288.582,25861.292,1859,Utah
5/31/2022,3.25,1501.951031,247140.25,UT,5.23,0.77,291.299,25861.292,1704,Utah
6/30/2022,3.25,1687.429454,247140.25,UT,5.522,1.21,295.072,25861.292,1737,Utah
7/31/2022,3.3,1471.852946,247140.25,UT,5.4125,1.68,294.94,26336.304,1703,Utah
8/31/2022,3.25,1351.704048,247140.25,UT,5.2225,2.33,295.162,26336.304,1557,Utah
9/30/2022,3.3,1500.85975,247140.25,UT,6.112,2.56,296.421,26336.304,1600,Utah
10/31/2022,3.3,1258.406926,247140.25,UT,6.9,3.08,297.979,26770.514,1594,Utah
11/30/2022,3.3,1178.79923,247140.25,UT,6.805,3.78,298.708,26770.514,1401,Utah
12/31/2022,3.3,1226.314187,247140.25,UT,6.364,4.1,298.808,26770.514,1410,Utah
1/31/2023,3.3,1250.780745,253486.4,UT,6.2725,4.33,300.456,27216.445,1410,Utah
2/28/2023,3.3,1302.023951,253486.4,UT,6.2575,4.57,301.476,27216.445,1618,Utah
3/31/2023,3.2,1272.514423,253486.4,UT,6.544,4.65,301.643,27216.445,1480,Utah
4/30/2023,3.1,1291.546743,253486.4,UT,6.3425,4.83,302.858,27530.055,1474,Utah
5/31/2023,3.15,1482.584697,253486.4,UT,6.425,5.06,303.316,27530.055,1575,Utah
6/30/2023,3.2,1294.540265,253486.4,UT,6.714,5.08,304.099,27530.055,1464,Utah
7/31/2023,3.25,1379.229405,253486.4,UT,6.84,5.12,304.615,28074.846,1522,Utah
8/31/2023,3.3,1328.345044,253486.4,UT,7.072,5.33,306.138,28074.846,1561,Utah
9/30/2023,3.4,1282.042936,253486.4,UT,7.2,5.33,307.374,28074.846,1537,Utah
10/31/2023,3.4,1255.585444,253486.4,UT,7.62,5.33,307.653,28424.722,1528,Utah
11/30/2023,3.55,1389.205899,253486.4,UT,7.442,5.33,308.087,28424.722,1503,Utah
12/31/2023,3.55,1325.617412,253486.4,UT,6.815,5.33,308.735,28424.722,1519,Utah
1/31/2024,3.5,1363.15034,260201.8,UT,6.6425,5.33,309.794,28708.161,1545,Utah
2/29/2024,3.5,1416.826634,260201.8,UT,6.776,5.33,311.022,28708.161,1577,Utah
3/31/2024,3.55,1292.951903,260201.8,UT,6.82,5.33,312.107,28708.161,1476,Utah
4/30/2024,3.6,1283.745514,260201.8,UT,6.9925,5.33,313.016,29147.044,1459,Utah
5/31/2024,3.6,1316.718797,260201.8,UT,7.06,5.33,313.14,29147.044,1407,Utah
6/30/2024,3.65,1312.826292,260201.8,UT,6.9175,5.33,313.131,29147.044,1461,Utah
7/31/2024,3.7,1358.046786,260201.8,UT,6.8475,5.33,313.566,29511.664,1436,Utah
8/31/2024,3.7,1492.984046,260201.8,UT,6.5,5.33,314.131,29511.664,1476,Utah
9/30/2024,3.75,1296.556872,260201.8,UT,6.18,5.13,314.851,29511.664,1434,Utah
10/31/2024,3.75,1328.763232,260201.8,UT,6.428,4.83,315.564,29825.182,1428,Utah
11/30/2024,3.75,1248.913287,260201.8,UT,6.805,4.64,316.449,29825.182,1508,Utah
12/31/2024,3.75,1269.969383,260201.8,UT,6.715,4.48,317.603,29825.182,1480,Utah
1/31/2025,3.8,1337.422505,260201.8,UT,6.958,4.33,319.086,30042.113,1460,Utah
2/28/2025,3.8,1337.822022,260201.8,UT,6.8425,4.33,319.775,30042.113,1454,Utah
3/31/2025,3.8,1206.603998,260201.8,UT,6.65,4.33,319.615,30042.113,1481,Utah
4/30/2025,3.9,1400.80925,260201.8,UT,6.725,4.33,320.321,30485.729,1422,Utah
5/31/2025,3.95,1297.098311,260201.8,UT,6.816,4.33,320.58,30485.729,1394,Utah
6/30/2025,4,1242.885615,260201.8,UT,6.8175,4.33,321.5,30485.729,1393,Utah
7/31/2025,3.95,1234.287131,260201.8,UT,6.72,4.33,322.132,30485.729,1362,Utah
8/31/2025,3.95,1322.321914,260201.8,UT,6.5875,4.33,323.364,30485.729,1330,Utah
9/30/2025,4.4,1258.406926,260201.8,UT,6.3525,4.22,323.364,30485.729,1330,Utah
1/31/2012,7.8,770.8373715,199540.8,VT,3.915,0.08,227.842,16068.805,712,Vermont
2/29/2012,7.7,807.912776,199540.8,VT,3.89,0.1,228.329,16068.805,738,Vermont
3/31/2012,7.6,788.1770759,199540.8,VT,3.954,0.13,228.807,16068.805,806,Vermont
4/30/2012,7.55,763.7433888,199540.8,VT,3.91,0.14,229.187,16207.115,732,Vermont
5/31/2012,7.65,955.6021729,199540.8,VT,3.798,0.16,228.713,16207.115,796,Vermont
6/30/2012,7.7,766.3690878,199540.8,VT,3.675,0.16,228.524,16207.115,794,Vermont
7/31/2012,7.65,763.0131929,199540.8,VT,3.55,0.16,228.59,16319.541,849,Vermont
8/31/2012,7.6,989.1819617,199540.8,VT,3.602,0.13,229.918,16319.541,840,Vermont
9/30/2012,7.45,976.5440169,199540.8,VT,3.4975,0.14,231.015,16319.541,930,Vermont
10/31/2012,7.45,986.0678376,199540.8,VT,3.3825,0.16,231.638,16420.419,887,Vermont
11/30/2012,7.4,1017.992439,199540.8,VT,3.352,0.16,231.249,16420.419,917,Vermont
12/31/2012,7.4,884.896888,199540.8,VT,3.345,0.16,231.221,16420.419,941,Vermont
1/31/2013,7.4,1057.460702,203555.1,VT,3.414,0.14,231.679,16648.189,940,Vermont
2/28/2013,7.3,1057.275823,203555.1,VT,3.5325,0.15,232.937,16648.189,980,Vermont
3/31/2013,7.25,1049.012188,203555.1,VT,3.565,0.14,232.282,16648.189,936,Vermont
4/30/2013,7.2,1091.462577,203555.1,VT,3.445,0.15,231.797,16728.687,1012,Vermont
5/31/2013,7.15,1055.705253,203555.1,VT,3.536,0.11,231.893,16728.687,1003,Vermont
6/30/2013,7.1,952.5250941,203555.1,VT,4.07,0.09,232.445,16728.687,942,Vermont
7/31/2013,7.1,1123.854863,203555.1,VT,4.37,0.09,232.9,16953.838,997,Vermont
8/31/2013,7.05,1105.30175,203555.1,VT,4.456,0.08,233.456,16953.838,964,Vermont
9/30/2013,6.95,1048.513301,203555.1,VT,4.49,0.08,233.544,16953.838,1004,Vermont
10/31/2013,6.85,1035.549375,203555.1,VT,4.192,0.09,233.669,17192.019,1044,Vermont
11/30/2013,6.7,994.0667857,203555.1,VT,4.255,0.08,234.1,17192.019,1029,Vermont
12/31/2013,6.6,968.7848964,203555.1,VT,4.4575,0.09,234.719,17192.019,1005,Vermont
1/31/2014,6.45,1184.295795,206073.95,VT,4.432,0.07,235.288,17197.738,976,Vermont
2/28/2014,6.35,1033.097412,206073.95,VT,4.3025,0.07,235.547,17197.738,1039,Vermont
3/31/2014,6.25,1056.902816,206073.95,VT,4.3425,0.08,236.028,17197.738,1067,Vermont
4/30/2014,6.15,1104.70702,206073.95,VT,4.3375,0.09,236.468,17518.508,1090,Vermont
5/31/2014,6.1,1106.132476,206073.95,VT,4.192,0.09,236.918,17518.508,1018,Vermont
6/30/2014,6.2,1140.411397,206073.95,VT,4.1625,0.1,237.231,17518.508,1010,Vermont
7/31/2014,6.1,1203.593038,206073.95,VT,4.13,0.09,237.498,17804.228,1076,Vermont
8/31/2014,6.05,1021.924831,206073.95,VT,4.115,0.09,237.46,17804.228,1047,Vermont
9/30/2014,5.9,1262.815376,206073.95,VT,4.1625,0.09,237.477,17804.228,1077,Vermont
10/31/2014,5.75,1283.484284,206073.95,VT,4.036,0.09,237.43,17912.079,1094,Vermont
11/30/2014,5.65,998.4800824,206073.95,VT,3.9975,0.09,236.983,17912.079,1059,Vermont
12/31/2014,5.6,1194.73778,206073.95,VT,3.864,0.12,236.252,17912.079,1072,Vermont
1/31/2015,5.55,1015.967511,211081.35,VT,3.67,0.11,234.747,18063.529,1049,Vermont
2/28/2015,5.6,1080.359105,211081.35,VT,3.71,0.11,235.342,18063.529,1127,Vermont
3/31/2015,5.55,983.2187761,211081.35,VT,3.77,0.11,235.976,18063.529,1072,Vermont
4/30/2015,5.5,1071.225361,211081.35,VT,3.672,0.12,236.222,18279.784,1166,Vermont
5/31/2015,5.35,1118.562121,211081.35,VT,3.84,0.12,237.001,18279.784,1272,Vermont
6/30/2015,5.25,1178.828793,211081.35,VT,3.9825,0.13,237.657,18279.784,1379,Vermont
7/31/2015,5.15,1230.957428,211081.35,VT,4.046,0.13,238.034,18401.626,1140,Vermont
8/31/2015,5.1,1276.596037,211081.35,VT,3.905,0.14,238.033,18401.626,1165,Vermont
9/30/2015,5,1161.541954,211081.35,VT,3.89,0.14,237.498,18401.626,1144,Vermont
10/31/2015,4.95,1294.096538,211081.35,VT,3.796,0.12,237.733,18435.137,1160,Vermont
11/30/2015,4.9,1186.267891,211081.35,VT,3.9425,0.12,238.017,18435.137,1244,Vermont
12/31/2015,4.9,1301.692609,211081.35,VT,3.964,0.24,237.761,18435.137,1211,Vermont
1/31/2016,4.9,1202.756665,217664.3,VT,3.8725,0.34,237.652,18525.933,1171,Vermont
2/29/2016,4.9,1210.550369,217664.3,VT,3.66,0.38,237.336,18525.933,1172,Vermont
3/31/2016,4.9,1170.136778,217664.3,VT,3.694,0.36,238.08,18525.933,1118,Vermont
4/30/2016,4.9,1232.27603,217664.3,VT,3.605,0.37,238.992,18711.702,1160,Vermont
5/31/2016,4.9,1166.487075,217664.3,VT,3.6,0.37,239.557,18711.702,1205,Vermont
6/30/2016,4.9,1286.868976,217664.3,VT,3.568,0.38,240.222,18711.702,1208,Vermont
7/31/2016,4.9,1073.062299,217664.3,VT,3.44,0.39,240.101,18892.639,1198,Vermont
8/31/2016,4.8,1327.012607,217664.3,VT,3.435,0.4,240.545,18892.639,1201,Vermont
9/30/2016,4.7,1330.227411,217664.3,VT,3.46,0.4,241.176,18892.639,1303,Vermont
10/31/2016,4.65,1116.781137,217664.3,VT,3.47,0.4,241.741,19089.379,1254,Vermont
11/30/2016,4.6,1146.387016,217664.3,VT,3.77,0.41,242.026,19089.379,1230,Vermont
12/31/2016,4.6,1148.49765,217664.3,VT,4.198,0.54,242.637,19089.379,1248,Vermont
1/31/2017,4.6,1113.027287,225236.05,VT,4.15,0.65,243.618,19280.084,1303,Vermont
2/28/2017,4.5,1199.682064,225236.05,VT,4.1675,0.66,244.006,19280.084,1234,Vermont
3/31/2017,4.45,1324.544488,225236.05,VT,4.196,0.79,243.892,19280.084,1272,Vermont
4/30/2017,4.4,1088.068897,225236.05,VT,4.045,0.9,244.193,19438.643,1251,Vermont
5/31/2017,4.3,1378.764859,225236.05,VT,4.01,0.91,244.004,19438.643,1208,Vermont
6/30/2017,4.3,1234.142193,225236.05,VT,3.904,1.04,244.163,19438.643,1353,Vermont
7/31/2017,4.25,1187.437912,225236.05,VT,3.9675,1.15,244.243,19692.595,1256,Vermont
8/31/2017,4.2,1387.511433,225236.05,VT,3.88,1.16,245.183,19692.595,1319,Vermont
9/30/2017,4.15,1297.123935,225236.05,VT,3.805,1.15,246.435,19692.595,1273,Vermont
10/31/2017,4.2,1269.097485,225236.05,VT,3.895,1.15,246.626,20037.088,1356,Vermont
11/30/2017,4.2,1291.991671,225236.05,VT,3.922,1.16,247.284,20037.088,1299,Vermont
12/31/2017,4.1,1348.43109,225236.05,VT,3.95,1.3,247.805,20037.088,1311,Vermont
1/31/2018,4.1,1296.291245,232985.8,VT,4.0325,1.41,248.859,20328.553,1317,Vermont
2/28/2018,4,1278.229389,232985.8,VT,4.33,1.42,249.529,20328.553,1321,Vermont
3/31/2018,4,1375.658009,232985.8,VT,4.444,1.51,249.577,20328.553,1385,Vermont
4/30/2018,3.9,1420.851893,232985.8,VT,4.4675,1.69,250.227,20580.912,1378,Vermont
5/31/2018,3.85,1423.550752,232985.8,VT,4.586,1.7,250.792,20580.912,1338,Vermont
6/30/2018,3.8,1197.333337,232985.8,VT,4.57,1.82,251.018,20580.912,1345,Vermont
7/31/2018,3.75,1151.242076,232985.8,VT,4.5275,1.91,251.214,20798.73,1334,Vermont
8/31/2018,3.75,1327.21545,232985.8,VT,4.55,1.91,251.663,20798.73,1273,Vermont
9/30/2018,3.75,1284.69425,232985.8,VT,4.6275,1.95,252.182,20798.73,1314,Vermont
10/31/2018,3.7,1271.388444,232985.8,VT,4.83,2.19,252.772,20917.867,1272,Vermont
11/30/2018,3.7,1301.260492,232985.8,VT,4.866,2.2,252.594,20917.867,1340,Vermont
12/31/2018,3.65,1126.900837,232985.8,VT,4.6375,2.27,252.767,20917.867,1317,Vermont
1/31/2019,3.65,1223.369901,239408.05,VT,4.464,2.4,252.561,21111.6,1254,Vermont
2/28/2019,3.6,1170.745641,239408.05,VT,4.37,2.4,253.319,21111.6,1286,Vermont
3/31/2019,3.5,1088.366248,239408.05,VT,4.265,2.41,254.277,21111.6,1295,Vermont
4/30/2019,3.45,1315.153053,239408.05,VT,4.1425,2.42,255.233,21397.938,1322,Vermont
5/31/2019,3.4,1297.468494,239408.05,VT,4.072,2.39,255.296,21397.938,1347,Vermont
6/30/2019,3.4,1083.190939,239408.05,VT,3.8025,2.38,255.213,21397.938,1299,Vermont
7/31/2019,3.45,1424.481144,239408.05,VT,3.765,2.4,255.802,21717.171,1379,Vermont
8/31/2019,3.5,1400.132793,239408.05,VT,3.616,2.13,256.036,21717.171,1482,Vermont
9/30/2019,3.5,1253.875438,239408.05,VT,3.605,2.04,256.43,21717.171,1469,Vermont
10/31/2019,3.4,1522.005571,239408.05,VT,3.688,1.83,257.155,21933.217,1523,Vermont
11/30/2019,3.4,1278.827325,239408.05,VT,3.695,1.55,257.879,21933.217,1535,Vermont
12/31/2019,3.45,1443.936238,239408.05,VT,3.72,1.55,258.63,21933.217,1443,Vermont
1/31/2020,3.5,1496.232908,229465.2,VT,3.624,1.55,259.127,21751.238,1495,Vermont
2/29/2020,3.6,1343.136325,229465.2,VT,3.465,1.58,259.25,21751.238,1455,Vermont
3/31/2020,3.7,1264.407414,229465.2,VT,3.45,0.65,258.076,21751.238,1346,Vermont
4/30/2020,13.4,1022.93096,229465.2,VT,3.306,0.05,256.032,19958.291,1076,Vermont
5/31/2020,11.7,1181.980891,229465.2,VT,3.2325,0.05,255.802,19958.291,1250,Vermont
6/30/2020,9.8,1381.405868,229465.2,VT,3.1625,0.08,257.042,19958.291,1334,Vermont
7/31/2020,8.5,1476.415765,229465.2,VT,3.016,0.09,258.352,21704.437,1546,Vermont
8/31/2020,7.4,1314.777776,229465.2,VT,2.935,0.1,259.316,21704.437,1533,Vermont
9/30/2020,7.1,1525.576407,229465.2,VT,2.89,0.09,259.997,21704.437,1636,Vermont
10/31/2020,6.45,1469.288006,229465.2,VT,2.834,0.09,260.319,22087.16,1613,Vermont
11/30/2020,6.3,1600.002112,229465.2,VT,2.765,0.09,260.911,22087.16,1703,Vermont
12/31/2020,6.25,1578.583834,229465.2,VT,2.684,0.09,262.045,22087.16,1752,Vermont
1/31/2021,5.95,1442.356658,244197.05,VT,2.735,0.09,262.639,22680.693,1855,Vermont
2/28/2021,6,1590.586187,244197.05,VT,2.81,0.08,263.573,22680.693,1711,Vermont
3/31/2021,5.95,1765.985333,244197.05,VT,3.0825,0.07,264.847,22680.693,1756,Vermont
4/30/2021,5.85,1723.152859,244197.05,VT,3.06,0.07,266.625,23425.91,1721,Vermont
5/31/2021,5.6,1480.416519,244197.05,VT,2.9625,0.06,268.404,23425.91,1703,Vermont
6/30/2021,5.35,1581.24158,244197.05,VT,2.975,0.08,270.71,23425.91,1654,Vermont
7/31/2021,5,1498.283567,244197.05,VT,2.868,0.1,271.965,23982.379,1658,Vermont
8/31/2021,4.7,1470.798757,244197.05,VT,2.8425,0.09,272.752,23982.379,1736,Vermont
9/30/2021,4.45,1589.968726,244197.05,VT,2.9,0.08,273.942,23982.379,1640,Vermont
10/31/2021,4.25,1446.34853,244197.05,VT,3.0675,0.08,276.528,24813.6,1707,Vermont
11/30/2021,4.05,1523.07433,244197.05,VT,3.0675,0.08,278.824,24813.6,1765,Vermont
12/31/2021,3.8,1692.128556,244197.05,VT,3.098,0.08,280.806,24813.6,1919,Vermont
1/31/2022,3.65,1649.20631,247140.25,VT,3.445,0.08,282.542,25250.347,1920,Vermont
2/28/2022,3.45,1716.198558,247140.25,VT,3.7625,0.08,284.525,25250.347,1857,Vermont
3/31/2022,3.25,1654.647657,247140.25,VT,4.172,0.2,287.467,25250.347,1868,Vermont
4/30/2022,3.25,1826.257035,247140.25,VT,4.9825,0.33,288.582,25861.292,1859,Vermont
5/31/2022,3.25,1501.951031,247140.25,VT,5.23,0.77,291.299,25861.292,1704,Vermont
6/30/2022,3.25,1687.429454,247140.25,VT,5.522,1.21,295.072,25861.292,1737,Vermont
7/31/2022,3.3,1471.852946,247140.25,VT,5.4125,1.68,294.94,26336.304,1703,Vermont
8/31/2022,3.25,1351.704048,247140.25,VT,5.2225,2.33,295.162,26336.304,1557,Vermont
9/30/2022,3.3,1500.85975,247140.25,VT,6.112,2.56,296.421,26336.304,1600,Vermont
10/31/2022,3.3,1258.406926,247140.25,VT,6.9,3.08,297.979,26770.514,1594,Vermont
11/30/2022,3.3,1178.79923,247140.25,VT,6.805,3.78,298.708,26770.514,1401,Vermont
12/31/2022,3.3,1226.314187,247140.25,VT,6.364,4.1,298.808,26770.514,1410,Vermont
1/31/2023,3.3,1250.780745,253486.4,VT,6.2725,4.33,300.456,27216.445,1410,Vermont
2/28/2023,3.3,1302.023951,253486.4,VT,6.2575,4.57,301.476,27216.445,1618,Vermont
3/31/2023,3.2,1272.514423,253486.4,VT,6.544,4.65,301.643,27216.445,1480,Vermont
4/30/2023,3.1,1291.546743,253486.4,VT,6.3425,4.83,302.858,27530.055,1474,Vermont
5/31/2023,3.15,1482.584697,253486.4,VT,6.425,5.06,303.316,27530.055,1575,Vermont
6/30/2023,3.2,1294.540265,253486.4,VT,6.714,5.08,304.099,27530.055,1464,Vermont
7/31/2023,3.25,1379.229405,253486.4,VT,6.84,5.12,304.615,28074.846,1522,Vermont
8/31/2023,3.3,1328.345044,253486.4,VT,7.072,5.33,306.138,28074.846,1561,Vermont
9/30/2023,3.4,1282.042936,253486.4,VT,7.2,5.33,307.374,28074.846,1537,Vermont
10/31/2023,3.4,1255.585444,253486.4,VT,7.62,5.33,307.653,28424.722,1528,Vermont
11/30/2023,3.55,1389.205899,253486.4,VT,7.442,5.33,308.087,28424.722,1503,Vermont
12/31/2023,3.55,1325.617412,253486.4,VT,6.815,5.33,308.735,28424.722,1519,Vermont
1/31/2024,3.5,1363.15034,260201.8,VT,6.6425,5.33,309.794,28708.161,1545,Vermont
2/29/2024,3.5,1416.826634,260201.8,VT,6.776,5.33,311.022,28708.161,1577,Vermont
3/31/2024,3.55,1292.951903,260201.8,VT,6.82,5.33,312.107,28708.161,1476,Vermont
4/30/2024,3.6,1283.745514,260201.8,VT,6.9925,5.33,313.016,29147.044,1459,Vermont
5/31/2024,3.6,1316.718797,260201.8,VT,7.06,5.33,313.14,29147.044,1407,Vermont
6/30/2024,3.65,1312.826292,260201.8,VT,6.9175,5.33,313.131,29147.044,1461,Vermont
7/31/2024,3.7,1358.046786,260201.8,VT,6.8475,5.33,313.566,29511.664,1436,Vermont
8/31/2024,3.7,1492.984046,260201.8,VT,6.5,5.33,314.131,29511.664,1476,Vermont
9/30/2024,3.75,1296.556872,260201.8,VT,6.18,5.13,314.851,29511.664,1434,Vermont
10/31/2024,3.75,1328.763232,260201.8,VT,6.428,4.83,315.564,29825.182,1428,Vermont
11/30/2024,3.75,1248.913287,260201.8,VT,6.805,4.64,316.449,29825.182,1508,Vermont
12/31/2024,3.75,1269.969383,260201.8,VT,6.715,4.48,317.603,29825.182,1480,Vermont
1/31/2025,3.8,1337.422505,260201.8,VT,6.958,4.33,319.086,30042.113,1460,Vermont
2/28/2025,3.8,1337.822022,260201.8,VT,6.8425,4.33,319.775,30042.113,1454,Vermont
3/31/2025,3.8,1206.603998,260201.8,VT,6.65,4.33,319.615,30042.113,1481,Vermont
4/30/2025,3.9,1400.80925,260201.8,VT,6.725,4.33,320.321,30485.729,1422,Vermont
5/31/2025,3.95,1297.098311,260201.8,VT,6.816,4.33,320.58,30485.729,1394,Vermont
6/30/2025,4,1242.885615,260201.8,VT,6.8175,4.33,321.5,30485.729,1393,Vermont
7/31/2025,3.95,1234.287131,260201.8,VT,6.72,4.33,322.132,30485.729,1362,Vermont
8/31/2025,3.95,1322.321914,260201.8,VT,6.5875,4.33,323.364,30485.729,1330,Vermont
9/30/2025,4.4,1258.406926,260201.8,VT,6.3525,4.22,323.364,30485.729,1330,Vermont
1/31/2012,7.8,770.8373715,199540.8,VA,3.915,0.08,227.842,16068.805,712,Virginia
2/29/2012,7.7,807.912776,199540.8,VA,3.89,0.1,228.329,16068.805,738,Virginia
3/31/2012,7.6,788.1770759,199540.8,VA,3.954,0.13,228.807,16068.805,806,Virginia
4/30/2012,7.55,763.7433888,199540.8,VA,3.91,0.14,229.187,16207.115,732,Virginia
5/31/2012,7.65,955.6021729,199540.8,VA,3.798,0.16,228.713,16207.115,796,Virginia
6/30/2012,7.7,766.3690878,199540.8,VA,3.675,0.16,228.524,16207.115,794,Virginia
7/31/2012,7.65,763.0131929,199540.8,VA,3.55,0.16,228.59,16319.541,849,Virginia
8/31/2012,7.6,989.1819617,199540.8,VA,3.602,0.13,229.918,16319.541,840,Virginia
9/30/2012,7.45,976.5440169,199540.8,VA,3.4975,0.14,231.015,16319.541,930,Virginia
10/31/2012,7.45,986.0678376,199540.8,VA,3.3825,0.16,231.638,16420.419,887,Virginia
11/30/2012,7.4,1017.992439,199540.8,VA,3.352,0.16,231.249,16420.419,917,Virginia
12/31/2012,7.4,884.896888,199540.8,VA,3.345,0.16,231.221,16420.419,941,Virginia
1/31/2013,7.4,1057.460702,203555.1,VA,3.414,0.14,231.679,16648.189,940,Virginia
2/28/2013,7.3,1057.275823,203555.1,VA,3.5325,0.15,232.937,16648.189,980,Virginia
3/31/2013,7.25,1049.012188,203555.1,VA,3.565,0.14,232.282,16648.189,936,Virginia
4/30/2013,7.2,1091.462577,203555.1,VA,3.445,0.15,231.797,16728.687,1012,Virginia
5/31/2013,7.15,1055.705253,203555.1,VA,3.536,0.11,231.893,16728.687,1003,Virginia
6/30/2013,7.1,952.5250941,203555.1,VA,4.07,0.09,232.445,16728.687,942,Virginia
7/31/2013,7.1,1123.854863,203555.1,VA,4.37,0.09,232.9,16953.838,997,Virginia
8/31/2013,7.05,1105.30175,203555.1,VA,4.456,0.08,233.456,16953.838,964,Virginia
9/30/2013,6.95,1048.513301,203555.1,VA,4.49,0.08,233.544,16953.838,1004,Virginia
10/31/2013,6.85,1035.549375,203555.1,VA,4.192,0.09,233.669,17192.019,1044,Virginia
11/30/2013,6.7,994.0667857,203555.1,VA,4.255,0.08,234.1,17192.019,1029,Virginia
12/31/2013,6.6,968.7848964,203555.1,VA,4.4575,0.09,234.719,17192.019,1005,Virginia
1/31/2014,6.45,1184.295795,206073.95,VA,4.432,0.07,235.288,17197.738,976,Virginia
2/28/2014,6.35,1033.097412,206073.95,VA,4.3025,0.07,235.547,17197.738,1039,Virginia
3/31/2014,6.25,1056.902816,206073.95,VA,4.3425,0.08,236.028,17197.738,1067,Virginia
4/30/2014,6.15,1104.70702,206073.95,VA,4.3375,0.09,236.468,17518.508,1090,Virginia
5/31/2014,6.1,1106.132476,206073.95,VA,4.192,0.09,236.918,17518.508,1018,Virginia
6/30/2014,6.2,1140.411397,206073.95,VA,4.1625,0.1,237.231,17518.508,1010,Virginia
7/31/2014,6.1,1203.593038,206073.95,VA,4.13,0.09,237.498,17804.228,1076,Virginia
8/31/2014,6.05,1021.924831,206073.95,VA,4.115,0.09,237.46,17804.228,1047,Virginia
9/30/2014,5.9,1262.815376,206073.95,VA,4.1625,0.09,237.477,17804.228,1077,Virginia
10/31/2014,5.75,1283.484284,206073.95,VA,4.036,0.09,237.43,17912.079,1094,Virginia
11/30/2014,5.65,998.4800824,206073.95,VA,3.9975,0.09,236.983,17912.079,1059,Virginia
12/31/2014,5.6,1194.73778,206073.95,VA,3.864,0.12,236.252,17912.079,1072,Virginia
1/31/2015,5.55,1015.967511,211081.35,VA,3.67,0.11,234.747,18063.529,1049,Virginia
2/28/2015,5.6,1080.359105,211081.35,VA,3.71,0.11,235.342,18063.529,1127,Virginia
3/31/2015,5.55,983.2187761,211081.35,VA,3.77,0.11,235.976,18063.529,1072,Virginia
4/30/2015,5.5,1071.225361,211081.35,VA,3.672,0.12,236.222,18279.784,1166,Virginia
5/31/2015,5.35,1118.562121,211081.35,VA,3.84,0.12,237.001,18279.784,1272,Virginia
6/30/2015,5.25,1178.828793,211081.35,VA,3.9825,0.13,237.657,18279.784,1379,Virginia
7/31/2015,5.15,1230.957428,211081.35,VA,4.046,0.13,238.034,18401.626,1140,Virginia
8/31/2015,5.1,1276.596037,211081.35,VA,3.905,0.14,238.033,18401.626,1165,Virginia
9/30/2015,5,1161.541954,211081.35,VA,3.89,0.14,237.498,18401.626,1144,Virginia
10/31/2015,4.95,1294.096538,211081.35,VA,3.796,0.12,237.733,18435.137,1160,Virginia
11/30/2015,4.9,1186.267891,211081.35,VA,3.9425,0.12,238.017,18435.137,1244,Virginia
12/31/2015,4.9,1301.692609,211081.35,VA,3.964,0.24,237.761,18435.137,1211,Virginia
1/31/2016,4.9,1202.756665,217664.3,VA,3.8725,0.34,237.652,18525.933,1171,Virginia
2/29/2016,4.9,1210.550369,217664.3,VA,3.66,0.38,237.336,18525.933,1172,Virginia
3/31/2016,4.9,1170.136778,217664.3,VA,3.694,0.36,238.08,18525.933,1118,Virginia
4/30/2016,4.9,1232.27603,217664.3,VA,3.605,0.37,238.992,18711.702,1160,Virginia
5/31/2016,4.9,1166.487075,217664.3,VA,3.6,0.37,239.557,18711.702,1205,Virginia
6/30/2016,4.9,1286.868976,217664.3,VA,3.568,0.38,240.222,18711.702,1208,Virginia
7/31/2016,4.9,1073.062299,217664.3,VA,3.44,0.39,240.101,18892.639,1198,Virginia
8/31/2016,4.8,1327.012607,217664.3,VA,3.435,0.4,240.545,18892.639,1201,Virginia
9/30/2016,4.7,1330.227411,217664.3,VA,3.46,0.4,241.176,18892.639,1303,Virginia
10/31/2016,4.65,1116.781137,217664.3,VA,3.47,0.4,241.741,19089.379,1254,Virginia
11/30/2016,4.6,1146.387016,217664.3,VA,3.77,0.41,242.026,19089.379,1230,Virginia
12/31/2016,4.6,1148.49765,217664.3,VA,4.198,0.54,242.637,19089.379,1248,Virginia
1/31/2017,4.6,1113.027287,225236.05,VA,4.15,0.65,243.618,19280.084,1303,Virginia
2/28/2017,4.5,1199.682064,225236.05,VA,4.1675,0.66,244.006,19280.084,1234,Virginia
3/31/2017,4.45,1324.544488,225236.05,VA,4.196,0.79,243.892,19280.084,1272,Virginia
4/30/2017,4.4,1088.068897,225236.05,VA,4.045,0.9,244.193,19438.643,1251,Virginia
5/31/2017,4.3,1378.764859,225236.05,VA,4.01,0.91,244.004,19438.643,1208,Virginia
6/30/2017,4.3,1234.142193,225236.05,VA,3.904,1.04,244.163,19438.643,1353,Virginia
7/31/2017,4.25,1187.437912,225236.05,VA,3.9675,1.15,244.243,19692.595,1256,Virginia
8/31/2017,4.2,1387.511433,225236.05,VA,3.88,1.16,245.183,19692.595,1319,Virginia
9/30/2017,4.15,1297.123935,225236.05,VA,3.805,1.15,246.435,19692.595,1273,Virginia
10/31/2017,4.2,1269.097485,225236.05,VA,3.895,1.15,246.626,20037.088,1356,Virginia
11/30/2017,4.2,1291.991671,225236.05,VA,3.922,1.16,247.284,20037.088,1299,Virginia
12/31/2017,4.1,1348.43109,225236.05,VA,3.95,1.3,247.805,20037.088,1311,Virginia
1/31/2018,4.1,1296.291245,232985.8,VA,4.0325,1.41,248.859,20328.553,1317,Virginia
2/28/2018,4,1278.229389,232985.8,VA,4.33,1.42,249.529,20328.553,1321,Virginia
3/31/2018,4,1375.658009,232985.8,VA,4.444,1.51,249.577,20328.553,1385,Virginia
4/30/2018,3.9,1420.851893,232985.8,VA,4.4675,1.69,250.227,20580.912,1378,Virginia
5/31/2018,3.85,1423.550752,232985.8,VA,4.586,1.7,250.792,20580.912,1338,Virginia
6/30/2018,3.8,1197.333337,232985.8,VA,4.57,1.82,251.018,20580.912,1345,Virginia
7/31/2018,3.75,1151.242076,232985.8,VA,4.5275,1.91,251.214,20798.73,1334,Virginia
8/31/2018,3.75,1327.21545,232985.8,VA,4.55,1.91,251.663,20798.73,1273,Virginia
9/30/2018,3.75,1284.69425,232985.8,VA,4.6275,1.95,252.182,20798.73,1314,Virginia
10/31/2018,3.7,1271.388444,232985.8,VA,4.83,2.19,252.772,20917.867,1272,Virginia
11/30/2018,3.7,1301.260492,232985.8,VA,4.866,2.2,252.594,20917.867,1340,Virginia
12/31/2018,3.65,1126.900837,232985.8,VA,4.6375,2.27,252.767,20917.867,1317,Virginia
1/31/2019,3.65,1223.369901,239408.05,VA,4.464,2.4,252.561,21111.6,1254,Virginia
2/28/2019,3.6,1170.745641,239408.05,VA,4.37,2.4,253.319,21111.6,1286,Virginia
3/31/2019,3.5,1088.366248,239408.05,VA,4.265,2.41,254.277,21111.6,1295,Virginia
4/30/2019,3.45,1315.153053,239408.05,VA,4.1425,2.42,255.233,21397.938,1322,Virginia
5/31/2019,3.4,1297.468494,239408.05,VA,4.072,2.39,255.296,21397.938,1347,Virginia
6/30/2019,3.4,1083.190939,239408.05,VA,3.8025,2.38,255.213,21397.938,1299,Virginia
7/31/2019,3.45,1424.481144,239408.05,VA,3.765,2.4,255.802,21717.171,1379,Virginia
8/31/2019,3.5,1400.132793,239408.05,VA,3.616,2.13,256.036,21717.171,1482,Virginia
9/30/2019,3.5,1253.875438,239408.05,VA,3.605,2.04,256.43,21717.171,1469,Virginia
10/31/2019,3.4,1522.005571,239408.05,VA,3.688,1.83,257.155,21933.217,1523,Virginia
11/30/2019,3.4,1278.827325,239408.05,VA,3.695,1.55,257.879,21933.217,1535,Virginia
12/31/2019,3.45,1443.936238,239408.05,VA,3.72,1.55,258.63,21933.217,1443,Virginia
1/31/2020,3.5,1496.232908,229465.2,VA,3.624,1.55,259.127,21751.238,1495,Virginia
2/29/2020,3.6,1343.136325,229465.2,VA,3.465,1.58,259.25,21751.238,1455,Virginia
3/31/2020,3.7,1264.407414,229465.2,VA,3.45,0.65,258.076,21751.238,1346,Virginia
4/30/2020,13.4,1022.93096,229465.2,VA,3.306,0.05,256.032,19958.291,1076,Virginia
5/31/2020,11.7,1181.980891,229465.2,VA,3.2325,0.05,255.802,19958.291,1250,Virginia
6/30/2020,9.8,1381.405868,229465.2,VA,3.1625,0.08,257.042,19958.291,1334,Virginia
7/31/2020,8.5,1476.415765,229465.2,VA,3.016,0.09,258.352,21704.437,1546,Virginia
8/31/2020,7.4,1314.777776,229465.2,VA,2.935,0.1,259.316,21704.437,1533,Virginia
9/30/2020,7.1,1525.576407,229465.2,VA,2.89,0.09,259.997,21704.437,1636,Virginia
10/31/2020,6.45,1469.288006,229465.2,VA,2.834,0.09,260.319,22087.16,1613,Virginia
11/30/2020,6.3,1600.002112,229465.2,VA,2.765,0.09,260.911,22087.16,1703,Virginia
12/31/2020,6.25,1578.583834,229465.2,VA,2.684,0.09,262.045,22087.16,1752,Virginia
1/31/2021,5.95,1442.356658,244197.05,VA,2.735,0.09,262.639,22680.693,1855,Virginia
2/28/2021,6,1590.586187,244197.05,VA,2.81,0.08,263.573,22680.693,1711,Virginia
3/31/2021,5.95,1765.985333,244197.05,VA,3.0825,0.07,264.847,22680.693,1756,Virginia
4/30/2021,5.85,1723.152859,244197.05,VA,3.06,0.07,266.625,23425.91,1721,Virginia
5/31/2021,5.6,1480.416519,244197.05,VA,2.9625,0.06,268.404,23425.91,1703,Virginia
6/30/2021,5.35,1581.24158,244197.05,VA,2.975,0.08,270.71,23425.91,1654,Virginia
7/31/2021,5,1498.283567,244197.05,VA,2.868,0.1,271.965,23982.379,1658,Virginia
8/31/2021,4.7,1470.798757,244197.05,VA,2.8425,0.09,272.752,23982.379,1736,Virginia
9/30/2021,4.45,1589.968726,244197.05,VA,2.9,0.08,273.942,23982.379,1640,Virginia
10/31/2021,4.25,1446.34853,244197.05,VA,3.0675,0.08,276.528,24813.6,1707,Virginia
11/30/2021,4.05,1523.07433,244197.05,VA,3.0675,0.08,278.824,24813.6,1765,Virginia
12/31/2021,3.8,1692.128556,244197.05,VA,3.098,0.08,280.806,24813.6,1919,Virginia
1/31/2022,3.65,1649.20631,247140.25,VA,3.445,0.08,282.542,25250.347,1920,Virginia
2/28/2022,3.45,1716.198558,247140.25,VA,3.7625,0.08,284.525,25250.347,1857,Virginia
3/31/2022,3.25,1654.647657,247140.25,VA,4.172,0.2,287.467,25250.347,1868,Virginia
4/30/2022,3.25,1826.257035,247140.25,VA,4.9825,0.33,288.582,25861.292,1859,Virginia
5/31/2022,3.25,1501.951031,247140.25,VA,5.23,0.77,291.299,25861.292,1704,Virginia
6/30/2022,3.25,1687.429454,247140.25,VA,5.522,1.21,295.072,25861.292,1737,Virginia
7/31/2022,3.3,1471.852946,247140.25,VA,5.4125,1.68,294.94,26336.304,1703,Virginia
8/31/2022,3.25,1351.704048,247140.25,VA,5.2225,2.33,295.162,26336.304,1557,Virginia
9/30/2022,3.3,1500.85975,247140.25,VA,6.112,2.56,296.421,26336.304,1600,Virginia
10/31/2022,3.3,1258.406926,247140.25,VA,6.9,3.08,297.979,26770.514,1594,Virginia
11/30/2022,3.3,1178.79923,247140.25,VA,6.805,3.78,298.708,26770.514,1401,Virginia
12/31/2022,3.3,1226.314187,247140.25,VA,6.364,4.1,298.808,26770.514,1410,Virginia
1/31/2023,3.3,1250.780745,253486.4,VA,6.2725,4.33,300.456,27216.445,1410,Virginia
2/28/2023,3.3,1302.023951,253486.4,VA,6.2575,4.57,301.476,27216.445,1618,Virginia
3/31/2023,3.2,1272.514423,253486.4,VA,6.544,4.65,301.643,27216.445,1480,Virginia
4/30/2023,3.1,1291.546743,253486.4,VA,6.3425,4.83,302.858,27530.055,1474,Virginia
5/31/2023,3.15,1482.584697,253486.4,VA,6.425,5.06,303.316,27530.055,1575,Virginia
6/30/2023,3.2,1294.540265,253486.4,VA,6.714,5.08,304.099,27530.055,1464,Virginia
7/31/2023,3.25,1379.229405,253486.4,VA,6.84,5.12,304.615,28074.846,1522,Virginia
8/31/2023,3.3,1328.345044,253486.4,VA,7.072,5.33,306.138,28074.846,1561,Virginia
9/30/2023,3.4,1282.042936,253486.4,VA,7.2,5.33,307.374,28074.846,1537,Virginia
10/31/2023,3.4,1255.585444,253486.4,VA,7.62,5.33,307.653,28424.722,1528,Virginia
11/30/2023,3.55,1389.205899,253486.4,VA,7.442,5.33,308.087,28424.722,1503,Virginia
12/31/2023,3.55,1325.617412,253486.4,VA,6.815,5.33,308.735,28424.722,1519,Virginia
1/31/2024,3.5,1363.15034,260201.8,VA,6.6425,5.33,309.794,28708.161,1545,Virginia
2/29/2024,3.5,1416.826634,260201.8,VA,6.776,5.33,311.022,28708.161,1577,Virginia
3/31/2024,3.55,1292.951903,260201.8,VA,6.82,5.33,312.107,28708.161,1476,Virginia
4/30/2024,3.6,1283.745514,260201.8,VA,6.9925,5.33,313.016,29147.044,1459,Virginia
5/31/2024,3.6,1316.718797,260201.8,VA,7.06,5.33,313.14,29147.044,1407,Virginia
6/30/2024,3.65,1312.826292,260201.8,VA,6.9175,5.33,313.131,29147.044,1461,Virginia
7/31/2024,3.7,1358.046786,260201.8,VA,6.8475,5.33,313.566,29511.664,1436,Virginia
8/31/2024,3.7,1492.984046,260201.8,VA,6.5,5.33,314.131,29511.664,1476,Virginia
9/30/2024,3.75,1296.556872,260201.8,VA,6.18,5.13,314.851,29511.664,1434,Virginia
10/31/2024,3.75,1328.763232,260201.8,VA,6.428,4.83,315.564,29825.182,1428,Virginia
11/30/2024,3.75,1248.913287,260201.8,VA,6.805,4.64,316.449,29825.182,1508,Virginia
12/31/2024,3.75,1269.969383,260201.8,VA,6.715,4.48,317.603,29825.182,1480,Virginia
1/31/2025,3.8,1337.422505,260201.8,VA,6.958,4.33,319.086,30042.113,1460,Virginia
2/28/2025,3.8,1337.822022,260201.8,VA,6.8425,4.33,319.775,30042.113,1454,Virginia
3/31/2025,3.8,1206.603998,260201.8,VA,6.65,4.33,319.615,30042.113,1481,Virginia
4/30/2025,3.9,1400.80925,260201.8,VA,6.725,4.33,320.321,30485.729,1422,Virginia
5/31/2025,3.95,1297.098311,260201.8,VA,6.816,4.33,320.58,30485.729,1394,Virginia
6/30/2025,4,1242.885615,260201.8,VA,6.8175,4.33,321.5,30485.729,1393,Virginia
7/31/2025,3.95,1234.287131,260201.8,VA,6.72,4.33,322.132,30485.729,1362,Virginia
8/31/2025,3.95,1322.321914,260201.8,VA,6.5875,4.33,323.364,30485.729,1330,Virginia
9/30/2025,4.4,1258.406926,260201.8,VA,6.3525,4.22,323.364,30485.729,1330,Virginia
1/31/2012,7.8,770.8373715,199540.8,WA,3.915,0.08,227.842,16068.805,712,Washington
2/29/2012,7.7,807.912776,199540.8,WA,3.89,0.1,228.329,16068.805,738,Washington
3/31/2012,7.6,788.1770759,199540.8,WA,3.954,0.13,228.807,16068.805,806,Washington
4/30/2012,7.55,763.7433888,199540.8,WA,3.91,0.14,229.187,16207.115,732,Washington
5/31/2012,7.65,955.6021729,199540.8,WA,3.798,0.16,228.713,16207.115,796,Washington
6/30/2012,7.7,766.3690878,199540.8,WA,3.675,0.16,228.524,16207.115,794,Washington
7/31/2012,7.65,763.0131929,199540.8,WA,3.55,0.16,228.59,16319.541,849,Washington
8/31/2012,7.6,989.1819617,199540.8,WA,3.602,0.13,229.918,16319.541,840,Washington
9/30/2012,7.45,976.5440169,199540.8,WA,3.4975,0.14,231.015,16319.541,930,Washington
10/31/2012,7.45,986.0678376,199540.8,WA,3.3825,0.16,231.638,16420.419,887,Washington
11/30/2012,7.4,1017.992439,199540.8,WA,3.352,0.16,231.249,16420.419,917,Washington
12/31/2012,7.4,884.896888,199540.8,WA,3.345,0.16,231.221,16420.419,941,Washington
1/31/2013,7.4,1057.460702,203555.1,WA,3.414,0.14,231.679,16648.189,940,Washington
2/28/2013,7.3,1057.275823,203555.1,WA,3.5325,0.15,232.937,16648.189,980,Washington
3/31/2013,7.25,1049.012188,203555.1,WA,3.565,0.14,232.282,16648.189,936,Washington
4/30/2013,7.2,1091.462577,203555.1,WA,3.445,0.15,231.797,16728.687,1012,Washington
5/31/2013,7.15,1055.705253,203555.1,WA,3.536,0.11,231.893,16728.687,1003,Washington
6/30/2013,7.1,952.5250941,203555.1,WA,4.07,0.09,232.445,16728.687,942,Washington
7/31/2013,7.1,1123.854863,203555.1,WA,4.37,0.09,232.9,16953.838,997,Washington
8/31/2013,7.05,1105.30175,203555.1,WA,4.456,0.08,233.456,16953.838,964,Washington
9/30/2013,6.95,1048.513301,203555.1,WA,4.49,0.08,233.544,16953.838,1004,Washington
10/31/2013,6.85,1035.549375,203555.1,WA,4.192,0.09,233.669,17192.019,1044,Washington
11/30/2013,6.7,994.0667857,203555.1,WA,4.255,0.08,234.1,17192.019,1029,Washington
12/31/2013,6.6,968.7848964,203555.1,WA,4.4575,0.09,234.719,17192.019,1005,Washington
1/31/2014,6.45,1184.295795,206073.95,WA,4.432,0.07,235.288,17197.738,976,Washington
2/28/2014,6.35,1033.097412,206073.95,WA,4.3025,0.07,235.547,17197.738,1039,Washington
3/31/2014,6.25,1056.902816,206073.95,WA,4.3425,0.08,236.028,17197.738,1067,Washington
4/30/2014,6.15,1104.70702,206073.95,WA,4.3375,0.09,236.468,17518.508,1090,Washington
5/31/2014,6.1,1106.132476,206073.95,WA,4.192,0.09,236.918,17518.508,1018,Washington
6/30/2014,6.2,1140.411397,206073.95,WA,4.1625,0.1,237.231,17518.508,1010,Washington
7/31/2014,6.1,1203.593038,206073.95,WA,4.13,0.09,237.498,17804.228,1076,Washington
8/31/2014,6.05,1021.924831,206073.95,WA,4.115,0.09,237.46,17804.228,1047,Washington
9/30/2014,5.9,1262.815376,206073.95,WA,4.1625,0.09,237.477,17804.228,1077,Washington
10/31/2014,5.75,1283.484284,206073.95,WA,4.036,0.09,237.43,17912.079,1094,Washington
11/30/2014,5.65,998.4800824,206073.95,WA,3.9975,0.09,236.983,17912.079,1059,Washington
12/31/2014,5.6,1194.73778,206073.95,WA,3.864,0.12,236.252,17912.079,1072,Washington
1/31/2015,5.55,1015.967511,211081.35,WA,3.67,0.11,234.747,18063.529,1049,Washington
2/28/2015,5.6,1080.359105,211081.35,WA,3.71,0.11,235.342,18063.529,1127,Washington
3/31/2015,5.55,983.2187761,211081.35,WA,3.77,0.11,235.976,18063.529,1072,Washington
4/30/2015,5.5,1071.225361,211081.35,WA,3.672,0.12,236.222,18279.784,1166,Washington
5/31/2015,5.35,1118.562121,211081.35,WA,3.84,0.12,237.001,18279.784,1272,Washington
6/30/2015,5.25,1178.828793,211081.35,WA,3.9825,0.13,237.657,18279.784,1379,Washington
7/31/2015,5.15,1230.957428,211081.35,WA,4.046,0.13,238.034,18401.626,1140,Washington
8/31/2015,5.1,1276.596037,211081.35,WA,3.905,0.14,238.033,18401.626,1165,Washington
9/30/2015,5,1161.541954,211081.35,WA,3.89,0.14,237.498,18401.626,1144,Washington
10/31/2015,4.95,1294.096538,211081.35,WA,3.796,0.12,237.733,18435.137,1160,Washington
11/30/2015,4.9,1186.267891,211081.35,WA,3.9425,0.12,238.017,18435.137,1244,Washington
12/31/2015,4.9,1301.692609,211081.35,WA,3.964,0.24,237.761,18435.137,1211,Washington
1/31/2016,4.9,1202.756665,217664.3,WA,3.8725,0.34,237.652,18525.933,1171,Washington
2/29/2016,4.9,1210.550369,217664.3,WA,3.66,0.38,237.336,18525.933,1172,Washington
3/31/2016,4.9,1170.136778,217664.3,WA,3.694,0.36,238.08,18525.933,1118,Washington
4/30/2016,4.9,1232.27603,217664.3,WA,3.605,0.37,238.992,18711.702,1160,Washington
5/31/2016,4.9,1166.487075,217664.3,WA,3.6,0.37,239.557,18711.702,1205,Washington
6/30/2016,4.9,1286.868976,217664.3,WA,3.568,0.38,240.222,18711.702,1208,Washington
7/31/2016,4.9,1073.062299,217664.3,WA,3.44,0.39,240.101,18892.639,1198,Washington
8/31/2016,4.8,1327.012607,217664.3,WA,3.435,0.4,240.545,18892.639,1201,Washington
9/30/2016,4.7,1330.227411,217664.3,WA,3.46,0.4,241.176,18892.639,1303,Washington
10/31/2016,4.65,1116.781137,217664.3,WA,3.47,0.4,241.741,19089.379,1254,Washington
11/30/2016,4.6,1146.387016,217664.3,WA,3.77,0.41,242.026,19089.379,1230,Washington
12/31/2016,4.6,1148.49765,217664.3,WA,4.198,0.54,242.637,19089.379,1248,Washington
1/31/2017,4.6,1113.027287,225236.05,WA,4.15,0.65,243.618,19280.084,1303,Washington
2/28/2017,4.5,1199.682064,225236.05,WA,4.1675,0.66,244.006,19280.084,1234,Washington
3/31/2017,4.45,1324.544488,225236.05,WA,4.196,0.79,243.892,19280.084,1272,Washington
4/30/2017,4.4,1088.068897,225236.05,WA,4.045,0.9,244.193,19438.643,1251,Washington
5/31/2017,4.3,1378.764859,225236.05,WA,4.01,0.91,244.004,19438.643,1208,Washington
6/30/2017,4.3,1234.142193,225236.05,WA,3.904,1.04,244.163,19438.643,1353,Washington
7/31/2017,4.25,1187.437912,225236.05,WA,3.9675,1.15,244.243,19692.595,1256,Washington
8/31/2017,4.2,1387.511433,225236.05,WA,3.88,1.16,245.183,19692.595,1319,Washington
9/30/2017,4.15,1297.123935,225236.05,WA,3.805,1.15,246.435,19692.595,1273,Washington
10/31/2017,4.2,1269.097485,225236.05,WA,3.895,1.15,246.626,20037.088,1356,Washington
11/30/2017,4.2,1291.991671,225236.05,WA,3.922,1.16,247.284,20037.088,1299,Washington
12/31/2017,4.1,1348.43109,225236.05,WA,3.95,1.3,247.805,20037.088,1311,Washington
1/31/2018,4.1,1296.291245,232985.8,WA,4.0325,1.41,248.859,20328.553,1317,Washington
2/28/2018,4,1278.229389,232985.8,WA,4.33,1.42,249.529,20328.553,1321,Washington
3/31/2018,4,1375.658009,232985.8,WA,4.444,1.51,249.577,20328.553,1385,Washington
4/30/2018,3.9,1420.851893,232985.8,WA,4.4675,1.69,250.227,20580.912,1378,Washington
5/31/2018,3.85,1423.550752,232985.8,WA,4.586,1.7,250.792,20580.912,1338,Washington
6/30/2018,3.8,1197.333337,232985.8,WA,4.57,1.82,251.018,20580.912,1345,Washington
7/31/2018,3.75,1151.242076,232985.8,WA,4.5275,1.91,251.214,20798.73,1334,Washington
8/31/2018,3.75,1327.21545,232985.8,WA,4.55,1.91,251.663,20798.73,1273,Washington
9/30/2018,3.75,1284.69425,232985.8,WA,4.6275,1.95,252.182,20798.73,1314,Washington
10/31/2018,3.7,1271.388444,232985.8,WA,4.83,2.19,252.772,20917.867,1272,Washington
11/30/2018,3.7,1301.260492,232985.8,WA,4.866,2.2,252.594,20917.867,1340,Washington
12/31/2018,3.65,1126.900837,232985.8,WA,4.6375,2.27,252.767,20917.867,1317,Washington
1/31/2019,3.65,1223.369901,239408.05,WA,4.464,2.4,252.561,21111.6,1254,Washington
2/28/2019,3.6,1170.745641,239408.05,WA,4.37,2.4,253.319,21111.6,1286,Washington
3/31/2019,3.5,1088.366248,239408.05,WA,4.265,2.41,254.277,21111.6,1295,Washington
4/30/2019,3.45,1315.153053,239408.05,WA,4.1425,2.42,255.233,21397.938,1322,Washington
5/31/2019,3.4,1297.468494,239408.05,WA,4.072,2.39,255.296,21397.938,1347,Washington
6/30/2019,3.4,1083.190939,239408.05,WA,3.8025,2.38,255.213,21397.938,1299,Washington
7/31/2019,3.45,1424.481144,239408.05,WA,3.765,2.4,255.802,21717.171,1379,Washington
8/31/2019,3.5,1400.132793,239408.05,WA,3.616,2.13,256.036,21717.171,1482,Washington
9/30/2019,3.5,1253.875438,239408.05,WA,3.605,2.04,256.43,21717.171,1469,Washington
10/31/2019,3.4,1522.005571,239408.05,WA,3.688,1.83,257.155,21933.217,1523,Washington
11/30/2019,3.4,1278.827325,239408.05,WA,3.695,1.55,257.879,21933.217,1535,Washington
12/31/2019,3.45,1443.936238,239408.05,WA,3.72,1.55,258.63,21933.217,1443,Washington
1/31/2020,3.5,1496.232908,229465.2,WA,3.624,1.55,259.127,21751.238,1495,Washington
2/29/2020,3.6,1343.136325,229465.2,WA,3.465,1.58,259.25,21751.238,1455,Washington
3/31/2020,3.7,1264.407414,229465.2,WA,3.45,0.65,258.076,21751.238,1346,Washington
4/30/2020,13.4,1022.93096,229465.2,WA,3.306,0.05,256.032,19958.291,1076,Washington
5/31/2020,11.7,1181.980891,229465.2,WA,3.2325,0.05,255.802,19958.291,1250,Washington
6/30/2020,9.8,1381.405868,229465.2,WA,3.1625,0.08,257.042,19958.291,1334,Washington
7/31/2020,8.5,1476.415765,229465.2,WA,3.016,0.09,258.352,21704.437,1546,Washington
8/31/2020,7.4,1314.777776,229465.2,WA,2.935,0.1,259.316,21704.437,1533,Washington
9/30/2020,7.1,1525.576407,229465.2,WA,2.89,0.09,259.997,21704.437,1636,Washington
10/31/2020,6.45,1469.288006,229465.2,WA,2.834,0.09,260.319,22087.16,1613,Washington
11/30/2020,6.3,1600.002112,229465.2,WA,2.765,0.09,260.911,22087.16,1703,Washington
12/31/2020,6.25,1578.583834,229465.2,WA,2.684,0.09,262.045,22087.16,1752,Washington
1/31/2021,5.95,1442.356658,244197.05,WA,2.735,0.09,262.639,22680.693,1855,Washington
2/28/2021,6,1590.586187,244197.05,WA,2.81,0.08,263.573,22680.693,1711,Washington
3/31/2021,5.95,1765.985333,244197.05,WA,3.0825,0.07,264.847,22680.693,1756,Washington
4/30/2021,5.85,1723.152859,244197.05,WA,3.06,0.07,266.625,23425.91,1721,Washington
5/31/2021,5.6,1480.416519,244197.05,WA,2.9625,0.06,268.404,23425.91,1703,Washington
6/30/2021,5.35,1581.24158,244197.05,WA,2.975,0.08,270.71,23425.91,1654,Washington
7/31/2021,5,1498.283567,244197.05,WA,2.868,0.1,271.965,23982.379,1658,Washington
8/31/2021,4.7,1470.798757,244197.05,WA,2.8425,0.09,272.752,23982.379,1736,Washington
9/30/2021,4.45,1589.968726,244197.05,WA,2.9,0.08,273.942,23982.379,1640,Washington
10/31/2021,4.25,1446.34853,244197.05,WA,3.0675,0.08,276.528,24813.6,1707,Washington
11/30/2021,4.05,1523.07433,244197.05,WA,3.0675,0.08,278.824,24813.6,1765,Washington
12/31/2021,3.8,1692.128556,244197.05,WA,3.098,0.08,280.806,24813.6,1919,Washington
1/31/2022,3.65,1649.20631,247140.25,WA,3.445,0.08,282.542,25250.347,1920,Washington
2/28/2022,3.45,1716.198558,247140.25,WA,3.7625,0.08,284.525,25250.347,1857,Washington
3/31/2022,3.25,1654.647657,247140.25,WA,4.172,0.2,287.467,25250.347,1868,Washington
4/30/2022,3.25,1826.257035,247140.25,WA,4.9825,0.33,288.582,25861.292,1859,Washington
5/31/2022,3.25,1501.951031,247140.25,WA,5.23,0.77,291.299,25861.292,1704,Washington
6/30/2022,3.25,1687.429454,247140.25,WA,5.522,1.21,295.072,25861.292,1737,Washington
7/31/2022,3.3,1471.852946,247140.25,WA,5.4125,1.68,294.94,26336.304,1703,Washington
8/31/2022,3.25,1351.704048,247140.25,WA,5.2225,2.33,295.162,26336.304,1557,Washington
9/30/2022,3.3,1500.85975,247140.25,WA,6.112,2.56,296.421,26336.304,1600,Washington
10/31/2022,3.3,1258.406926,247140.25,WA,6.9,3.08,297.979,26770.514,1594,Washington
11/30/2022,3.3,1178.79923,247140.25,WA,6.805,3.78,298.708,26770.514,1401,Washington
12/31/2022,3.3,1226.314187,247140.25,WA,6.364,4.1,298.808,26770.514,1410,Washington
1/31/2023,3.3,1250.780745,253486.4,WA,6.2725,4.33,300.456,27216.445,1410,Washington
2/28/2023,3.3,1302.023951,253486.4,WA,6.2575,4.57,301.476,27216.445,1618,Washington
3/31/2023,3.2,1272.514423,253486.4,WA,6.544,4.65,301.643,27216.445,1480,Washington
4/30/2023,3.1,1291.546743,253486.4,WA,6.3425,4.83,302.858,27530.055,1474,Washington
5/31/2023,3.15,1482.584697,253486.4,WA,6.425,5.06,303.316,27530.055,1575,Washington
6/30/2023,3.2,1294.540265,253486.4,WA,6.714,5.08,304.099,27530.055,1464,Washington
7/31/2023,3.25,1379.229405,253486.4,WA,6.84,5.12,304.615,28074.846,1522,Washington
8/31/2023,3.3,1328.345044,253486.4,WA,7.072,5.33,306.138,28074.846,1561,Washington
9/30/2023,3.4,1282.042936,253486.4,WA,7.2,5.33,307.374,28074.846,1537,Washington
10/31/2023,3.4,1255.585444,253486.4,WA,7.62,5.33,307.653,28424.722,1528,Washington
11/30/2023,3.55,1389.205899,253486.4,WA,7.442,5.33,308.087,28424.722,1503,Washington
12/31/2023,3.55,1325.617412,253486.4,WA,6.815,5.33,308.735,28424.722,1519,Washington
1/31/2024,3.5,1363.15034,260201.8,WA,6.6425,5.33,309.794,28708.161,1545,Washington
2/29/2024,3.5,1416.826634,260201.8,WA,6.776,5.33,311.022,28708.161,1577,Washington
3/31/2024,3.55,1292.951903,260201.8,WA,6.82,5.33,312.107,28708.161,1476,Washington
4/30/2024,3.6,1283.745514,260201.8,WA,6.9925,5.33,313.016,29147.044,1459,Washington
5/31/2024,3.6,1316.718797,260201.8,WA,7.06,5.33,313.14,29147.044,1407,Washington
6/30/2024,3.65,1312.826292,260201.8,WA,6.9175,5.33,313.131,29147.044,1461,Washington
7/31/2024,3.7,1358.046786,260201.8,WA,6.8475,5.33,313.566,29511.664,1436,Washington
8/31/2024,3.7,1492.984046,260201.8,WA,6.5,5.33,314.131,29511.664,1476,Washington
9/30/2024,3.75,1296.556872,260201.8,WA,6.18,5.13,314.851,29511.664,1434,Washington
10/31/2024,3.75,1328.763232,260201.8,WA,6.428,4.83,315.564,29825.182,1428,Washington
11/30/2024,3.75,1248.913287,260201.8,WA,6.805,4.64,316.449,29825.182,1508,Washington
12/31/2024,3.75,1269.969383,260201.8,WA,6.715,4.48,317.603,29825.182,1480,Washington
1/31/2025,3.8,1337.422505,260201.8,WA,6.958,4.33,319.086,30042.113,1460,Washington
2/28/2025,3.8,1337.822022,260201.8,WA,6.8425,4.33,319.775,30042.113,1454,Washington
3/31/2025,3.8,1206.603998,260201.8,WA,6.65,4.33,319.615,30042.113,1481,Washington
4/30/2025,3.9,1400.80925,260201.8,WA,6.725,4.33,320.321,30485.729,1422,Washington
5/31/2025,3.95,1297.098311,260201.8,WA,6.816,4.33,320.58,30485.729,1394,Washington
6/30/2025,4,1242.885615,260201.8,WA,6.8175,4.33,321.5,30485.729,1393,Washington
7/31/2025,3.95,1234.287131,260201.8,WA,6.72,4.33,322.132,30485.729,1362,Washington
8/31/2025,3.95,1322.321914,260201.8,WA,6.5875,4.33,323.364,30485.729,1330,Washington
9/30/2025,4.4,1258.406926,260201.8,WA,6.3525,4.22,323.364,30485.729,1330,Washington
1/31/2012,7.8,770.8373715,199540.8,WV,3.915,0.08,227.842,16068.805,712,West Virginia
2/29/2012,7.7,807.912776,199540.8,WV,3.89,0.1,228.329,16068.805,738,West Virginia
3/31/2012,7.6,788.1770759,199540.8,WV,3.954,0.13,228.807,16068.805,806,West Virginia
4/30/2012,7.55,763.7433888,199540.8,WV,3.91,0.14,229.187,16207.115,732,West Virginia
5/31/2012,7.65,955.6021729,199540.8,WV,3.798,0.16,228.713,16207.115,796,West Virginia
6/30/2012,7.7,766.3690878,199540.8,WV,3.675,0.16,228.524,16207.115,794,West Virginia
7/31/2012,7.65,763.0131929,199540.8,WV,3.55,0.16,228.59,16319.541,849,West Virginia
8/31/2012,7.6,989.1819617,199540.8,WV,3.602,0.13,229.918,16319.541,840,West Virginia
9/30/2012,7.45,976.5440169,199540.8,WV,3.4975,0.14,231.015,16319.541,930,West Virginia
10/31/2012,7.45,986.0678376,199540.8,WV,3.3825,0.16,231.638,16420.419,887,West Virginia
11/30/2012,7.4,1017.992439,199540.8,WV,3.352,0.16,231.249,16420.419,917,West Virginia
12/31/2012,7.4,884.896888,199540.8,WV,3.345,0.16,231.221,16420.419,941,West Virginia
1/31/2013,7.4,1057.460702,203555.1,WV,3.414,0.14,231.679,16648.189,940,West Virginia
2/28/2013,7.3,1057.275823,203555.1,WV,3.5325,0.15,232.937,16648.189,980,West Virginia
3/31/2013,7.25,1049.012188,203555.1,WV,3.565,0.14,232.282,16648.189,936,West Virginia
4/30/2013,7.2,1091.462577,203555.1,WV,3.445,0.15,231.797,16728.687,1012,West Virginia
5/31/2013,7.15,1055.705253,203555.1,WV,3.536,0.11,231.893,16728.687,1003,West Virginia
6/30/2013,7.1,952.5250941,203555.1,WV,4.07,0.09,232.445,16728.687,942,West Virginia
7/31/2013,7.1,1123.854863,203555.1,WV,4.37,0.09,232.9,16953.838,997,West Virginia
8/31/2013,7.05,1105.30175,203555.1,WV,4.456,0.08,233.456,16953.838,964,West Virginia
9/30/2013,6.95,1048.513301,203555.1,WV,4.49,0.08,233.544,16953.838,1004,West Virginia
10/31/2013,6.85,1035.549375,203555.1,WV,4.192,0.09,233.669,17192.019,1044,West Virginia
11/30/2013,6.7,994.0667857,203555.1,WV,4.255,0.08,234.1,17192.019,1029,West Virginia
12/31/2013,6.6,968.7848964,203555.1,WV,4.4575,0.09,234.719,17192.019,1005,West Virginia
1/31/2014,6.45,1184.295795,206073.95,WV,4.432,0.07,235.288,17197.738,976,West Virginia
2/28/2014,6.35,1033.097412,206073.95,WV,4.3025,0.07,235.547,17197.738,1039,West Virginia
3/31/2014,6.25,1056.902816,206073.95,WV,4.3425,0.08,236.028,17197.738,1067,West Virginia
4/30/2014,6.15,1104.70702,206073.95,WV,4.3375,0.09,236.468,17518.508,1090,West Virginia
5/31/2014,6.1,1106.132476,206073.95,WV,4.192,0.09,236.918,17518.508,1018,West Virginia
6/30/2014,6.2,1140.411397,206073.95,WV,4.1625,0.1,237.231,17518.508,1010,West Virginia
7/31/2014,6.1,1203.593038,206073.95,WV,4.13,0.09,237.498,17804.228,1076,West Virginia
8/31/2014,6.05,1021.924831,206073.95,WV,4.115,0.09,237.46,17804.228,1047,West Virginia
9/30/2014,5.9,1262.815376,206073.95,WV,4.1625,0.09,237.477,17804.228,1077,West Virginia
10/31/2014,5.75,1283.484284,206073.95,WV,4.036,0.09,237.43,17912.079,1094,West Virginia
11/30/2014,5.65,998.4800824,206073.95,WV,3.9975,0.09,236.983,17912.079,1059,West Virginia
12/31/2014,5.6,1194.73778,206073.95,WV,3.864,0.12,236.252,17912.079,1072,West Virginia
1/31/2015,5.55,1015.967511,211081.35,WV,3.67,0.11,234.747,18063.529,1049,West Virginia
2/28/2015,5.6,1080.359105,211081.35,WV,3.71,0.11,235.342,18063.529,1127,West Virginia
3/31/2015,5.55,983.2187761,211081.35,WV,3.77,0.11,235.976,18063.529,1072,West Virginia
4/30/2015,5.5,1071.225361,211081.35,WV,3.672,0.12,236.222,18279.784,1166,West Virginia
5/31/2015,5.35,1118.562121,211081.35,WV,3.84,0.12,237.001,18279.784,1272,West Virginia
6/30/2015,5.25,1178.828793,211081.35,WV,3.9825,0.13,237.657,18279.784,1379,West Virginia
7/31/2015,5.15,1230.957428,211081.35,WV,4.046,0.13,238.034,18401.626,1140,West Virginia
8/31/2015,5.1,1276.596037,211081.35,WV,3.905,0.14,238.033,18401.626,1165,West Virginia
9/30/2015,5,1161.541954,211081.35,WV,3.89,0.14,237.498,18401.626,1144,West Virginia
10/31/2015,4.95,1294.096538,211081.35,WV,3.796,0.12,237.733,18435.137,1160,West Virginia
11/30/2015,4.9,1186.267891,211081.35,WV,3.9425,0.12,238.017,18435.137,1244,West Virginia
12/31/2015,4.9,1301.692609,211081.35,WV,3.964,0.24,237.761,18435.137,1211,West Virginia
1/31/2016,4.9,1202.756665,217664.3,WV,3.8725,0.34,237.652,18525.933,1171,West Virginia
2/29/2016,4.9,1210.550369,217664.3,WV,3.66,0.38,237.336,18525.933,1172,West Virginia
3/31/2016,4.9,1170.136778,217664.3,WV,3.694,0.36,238.08,18525.933,1118,West Virginia
4/30/2016,4.9,1232.27603,217664.3,WV,3.605,0.37,238.992,18711.702,1160,West Virginia
5/31/2016,4.9,1166.487075,217664.3,WV,3.6,0.37,239.557,18711.702,1205,West Virginia
6/30/2016,4.9,1286.868976,217664.3,WV,3.568,0.38,240.222,18711.702,1208,West Virginia
7/31/2016,4.9,1073.062299,217664.3,WV,3.44,0.39,240.101,18892.639,1198,West Virginia
8/31/2016,4.8,1327.012607,217664.3,WV,3.435,0.4,240.545,18892.639,1201,West Virginia
9/30/2016,4.7,1330.227411,217664.3,WV,3.46,0.4,241.176,18892.639,1303,West Virginia
10/31/2016,4.65,1116.781137,217664.3,WV,3.47,0.4,241.741,19089.379,1254,West Virginia
11/30/2016,4.6,1146.387016,217664.3,WV,3.77,0.41,242.026,19089.379,1230,West Virginia
12/31/2016,4.6,1148.49765,217664.3,WV,4.198,0.54,242.637,19089.379,1248,West Virginia
1/31/2017,4.6,1113.027287,225236.05,WV,4.15,0.65,243.618,19280.084,1303,West Virginia
2/28/2017,4.5,1199.682064,225236.05,WV,4.1675,0.66,244.006,19280.084,1234,West Virginia
3/31/2017,4.45,1324.544488,225236.05,WV,4.196,0.79,243.892,19280.084,1272,West Virginia
4/30/2017,4.4,1088.068897,225236.05,WV,4.045,0.9,244.193,19438.643,1251,West Virginia
5/31/2017,4.3,1378.764859,225236.05,WV,4.01,0.91,244.004,19438.643,1208,West Virginia
6/30/2017,4.3,1234.142193,225236.05,WV,3.904,1.04,244.163,19438.643,1353,West Virginia
7/31/2017,4.25,1187.437912,225236.05,WV,3.9675,1.15,244.243,19692.595,1256,West Virginia
8/31/2017,4.2,1387.511433,225236.05,WV,3.88,1.16,245.183,19692.595,1319,West Virginia
9/30/2017,4.15,1297.123935,225236.05,WV,3.805,1.15,246.435,19692.595,1273,West Virginia
10/31/2017,4.2,1269.097485,225236.05,WV,3.895,1.15,246.626,20037.088,1356,West Virginia
11/30/2017,4.2,1291.991671,225236.05,WV,3.922,1.16,247.284,20037.088,1299,West Virginia
12/31/2017,4.1,1348.43109,225236.05,WV,3.95,1.3,247.805,20037.088,1311,West Virginia
1/31/2018,4.1,1296.291245,232985.8,WV,4.0325,1.41,248.859,20328.553,1317,West Virginia
2/28/2018,4,1278.229389,232985.8,WV,4.33,1.42,249.529,20328.553,1321,West Virginia
3/31/2018,4,1375.658009,232985.8,WV,4.444,1.51,249.577,20328.553,1385,West Virginia
4/30/2018,3.9,1420.851893,232985.8,WV,4.4675,1.69,250.227,20580.912,1378,West Virginia
5/31/2018,3.85,1423.550752,232985.8,WV,4.586,1.7,250.792,20580.912,1338,West Virginia
6/30/2018,3.8,1197.333337,232985.8,WV,4.57,1.82,251.018,20580.912,1345,West Virginia
7/31/2018,3.75,1151.242076,232985.8,WV,4.5275,1.91,251.214,20798.73,1334,West Virginia
8/31/2018,3.75,1327.21545,232985.8,WV,4.55,1.91,251.663,20798.73,1273,West Virginia
9/30/2018,3.75,1284.69425,232985.8,WV,4.6275,1.95,252.182,20798.73,1314,West Virginia
10/31/2018,3.7,1271.388444,232985.8,WV,4.83,2.19,252.772,20917.867,1272,West Virginia
11/30/2018,3.7,1301.260492,232985.8,WV,4.866,2.2,252.594,20917.867,1340,West Virginia
12/31/2018,3.65,1126.900837,232985.8,WV,4.6375,2.27,252.767,20917.867,1317,West Virginia
1/31/2019,3.65,1223.369901,239408.05,WV,4.464,2.4,252.561,21111.6,1254,West Virginia
2/28/2019,3.6,1170.745641,239408.05,WV,4.37,2.4,253.319,21111.6,1286,West Virginia
3/31/2019,3.5,1088.366248,239408.05,WV,4.265,2.41,254.277,21111.6,1295,West Virginia
4/30/2019,3.45,1315.153053,239408.05,WV,4.1425,2.42,255.233,21397.938,1322,West Virginia
5/31/2019,3.4,1297.468494,239408.05,WV,4.072,2.39,255.296,21397.938,1347,West Virginia
6/30/2019,3.4,1083.190939,239408.05,WV,3.8025,2.38,255.213,21397.938,1299,West Virginia
7/31/2019,3.45,1424.481144,239408.05,WV,3.765,2.4,255.802,21717.171,1379,West Virginia
8/31/2019,3.5,1400.132793,239408.05,WV,3.616,2.13,256.036,21717.171,1482,West Virginia
9/30/2019,3.5,1253.875438,239408.05,WV,3.605,2.04,256.43,21717.171,1469,West Virginia
10/31/2019,3.4,1522.005571,239408.05,WV,3.688,1.83,257.155,21933.217,1523,West Virginia
11/30/2019,3.4,1278.827325,239408.05,WV,3.695,1.55,257.879,21933.217,1535,West Virginia
12/31/2019,3.45,1443.936238,239408.05,WV,3.72,1.55,258.63,21933.217,1443,West Virginia
1/31/2020,3.5,1496.232908,229465.2,WV,3.624,1.55,259.127,21751.238,1495,West Virginia
2/29/2020,3.6,1343.136325,229465.2,WV,3.465,1.58,259.25,21751.238,1455,West Virginia
3/31/2020,3.7,1264.407414,229465.2,WV,3.45,0.65,258.076,21751.238,1346,West Virginia
4/30/2020,13.4,1022.93096,229465.2,WV,3.306,0.05,256.032,19958.291,1076,West Virginia
5/31/2020,11.7,1181.980891,229465.2,WV,3.2325,0.05,255.802,19958.291,1250,West Virginia
6/30/2020,9.8,1381.405868,229465.2,WV,3.1625,0.08,257.042,19958.291,1334,West Virginia
7/31/2020,8.5,1476.415765,229465.2,WV,3.016,0.09,258.352,21704.437,1546,West Virginia
8/31/2020,7.4,1314.777776,229465.2,WV,2.935,0.1,259.316,21704.437,1533,West Virginia
9/30/2020,7.1,1525.576407,229465.2,WV,2.89,0.09,259.997,21704.437,1636,West Virginia
10/31/2020,6.45,1469.288006,229465.2,WV,2.834,0.09,260.319,22087.16,1613,West Virginia
11/30/2020,6.3,1600.002112,229465.2,WV,2.765,0.09,260.911,22087.16,1703,West Virginia
12/31/2020,6.25,1578.583834,229465.2,WV,2.684,0.09,262.045,22087.16,1752,West Virginia
1/31/2021,5.95,1442.356658,244197.05,WV,2.735,0.09,262.639,22680.693,1855,West Virginia
2/28/2021,6,1590.586187,244197.05,WV,2.81,0.08,263.573,22680.693,1711,West Virginia
3/31/2021,5.95,1765.985333,244197.05,WV,3.0825,0.07,264.847,22680.693,1756,West Virginia
4/30/2021,5.85,1723.152859,244197.05,WV,3.06,0.07,266.625,23425.91,1721,West Virginia
5/31/2021,5.6,1480.416519,244197.05,WV,2.9625,0.06,268.404,23425.91,1703,West Virginia
6/30/2021,5.35,1581.24158,244197.05,WV,2.975,0.08,270.71,23425.91,1654,West Virginia
7/31/2021,5,1498.283567,244197.05,WV,2.868,0.1,271.965,23982.379,1658,West Virginia
8/31/2021,4.7,1470.798757,244197.05,WV,2.8425,0.09,272.752,23982.379,1736,West Virginia
9/30/2021,4.45,1589.968726,244197.05,WV,2.9,0.08,273.942,23982.379,1640,West Virginia
10/31/2021,4.25,1446.34853,244197.05,WV,3.0675,0.08,276.528,24813.6,1707,West Virginia
11/30/2021,4.05,1523.07433,244197.05,WV,3.0675,0.08,278.824,24813.6,1765,West Virginia
12/31/2021,3.8,1692.128556,244197.05,WV,3.098,0.08,280.806,24813.6,1919,West Virginia
1/31/2022,3.65,1649.20631,247140.25,WV,3.445,0.08,282.542,25250.347,1920,West Virginia
2/28/2022,3.45,1716.198558,247140.25,WV,3.7625,0.08,284.525,25250.347,1857,West Virginia
3/31/2022,3.25,1654.647657,247140.25,WV,4.172,0.2,287.467,25250.347,1868,West Virginia
4/30/2022,3.25,1826.257035,247140.25,WV,4.9825,0.33,288.582,25861.292,1859,West Virginia
5/31/2022,3.25,1501.951031,247140.25,WV,5.23,0.77,291.299,25861.292,1704,West Virginia
6/30/2022,3.25,1687.429454,247140.25,WV,5.522,1.21,295.072,25861.292,1737,West Virginia
7/31/2022,3.3,1471.852946,247140.25,WV,5.4125,1.68,294.94,26336.304,1703,West Virginia
8/31/2022,3.25,1351.704048,247140.25,WV,5.2225,2.33,295.162,26336.304,1557,West Virginia
9/30/2022,3.3,1500.85975,247140.25,WV,6.112,2.56,296.421,26336.304,1600,West Virginia
10/31/2022,3.3,1258.406926,247140.25,WV,6.9,3.08,297.979,26770.514,1594,West Virginia
11/30/2022,3.3,1178.79923,247140.25,WV,6.805,3.78,298.708,26770.514,1401,West Virginia
12/31/2022,3.3,1226.314187,247140.25,WV,6.364,4.1,298.808,26770.514,1410,West Virginia
1/31/2023,3.3,1250.780745,253486.4,WV,6.2725,4.33,300.456,27216.445,1410,West Virginia
2/28/2023,3.3,1302.023951,253486.4,WV,6.2575,4.57,301.476,27216.445,1618,West Virginia
3/31/2023,3.2,1272.514423,253486.4,WV,6.544,4.65,301.643,27216.445,1480,West Virginia
4/30/2023,3.1,1291.546743,253486.4,WV,6.3425,4.83,302.858,27530.055,1474,West Virginia
5/31/2023,3.15,1482.584697,253486.4,WV,6.425,5.06,303.316,27530.055,1575,West Virginia
6/30/2023,3.2,1294.540265,253486.4,WV,6.714,5.08,304.099,27530.055,1464,West Virginia
7/31/2023,3.25,1379.229405,253486.4,WV,6.84,5.12,304.615,28074.846,1522,West Virginia
8/31/2023,3.3,1328.345044,253486.4,WV,7.072,5.33,306.138,28074.846,1561,West Virginia
9/30/2023,3.4,1282.042936,253486.4,WV,7.2,5.33,307.374,28074.846,1537,West Virginia
10/31/2023,3.4,1255.585444,253486.4,WV,7.62,5.33,307.653,28424.722,1528,West Virginia
11/30/2023,3.55,1389.205899,253486.4,WV,7.442,5.33,308.087,28424.722,1503,West Virginia
12/31/2023,3.55,1325.617412,253486.4,WV,6.815,5.33,308.735,28424.722,1519,West Virginia
1/31/2024,3.5,1363.15034,260201.8,WV,6.6425,5.33,309.794,28708.161,1545,West Virginia
2/29/2024,3.5,1416.826634,260201.8,WV,6.776,5.33,311.022,28708.161,1577,West Virginia
3/31/2024,3.55,1292.951903,260201.8,WV,6.82,5.33,312.107,28708.161,1476,West Virginia
4/30/2024,3.6,1283.745514,260201.8,WV,6.9925,5.33,313.016,29147.044,1459,West Virginia
5/31/2024,3.6,1316.718797,260201.8,WV,7.06,5.33,313.14,29147.044,1407,West Virginia
6/30/2024,3.65,1312.826292,260201.8,WV,6.9175,5.33,313.131,29147.044,1461,West Virginia
7/31/2024,3.7,1358.046786,260201.8,WV,6.8475,5.33,313.566,29511.664,1436,West Virginia
8/31/2024,3.7,1492.984046,260201.8,WV,6.5,5.33,314.131,29511.664,1476,West Virginia
9/30/2024,3.75,1296.556872,260201.8,WV,6.18,5.13,314.851,29511.664,1434,West Virginia
10/31/2024,3.75,1328.763232,260201.8,WV,6.428,4.83,315.564,29825.182,1428,West Virginia
11/30/2024,3.75,1248.913287,260201.8,WV,6.805,4.64,316.449,29825.182,1508,West Virginia
12/31/2024,3.75,1269.969383,260201.8,WV,6.715,4.48,317.603,29825.182,1480,West Virginia
1/31/2025,3.8,1337.422505,260201.8,WV,6.958,4.33,319.086,30042.113,1460,West Virginia
2/28/2025,3.8,1337.822022,260201.8,WV,6.8425,4.33,319.775,30042.113,1454,West Virginia
3/31/2025,3.8,1206.603998,260201.8,WV,6.65,4.33,319.615,30042.113,1481,West Virginia
4/30/2025,3.9,1400.80925,260201.8,WV,6.725,4.33,320.321,30485.729,1422,West Virginia
5/31/2025,3.95,1297.098311,260201.8,WV,6.816,4.33,320.58,30485.729,1394,West Virginia
6/30/2025,4,1242.885615,260201.8,WV,6.8175,4.33,321.5,30485.729,1393,West Virginia
7/31/2025,3.95,1234.287131,260201.8,WV,6.72,4.33,322.132,30485.729,1362,West Virginia
8/31/2025,3.95,1322.321914,260201.8,WV,6.5875,4.33,323.364,30485.729,1330,West Virginia
9/30/2025,4.4,1258.406926,260201.8,WV,6.3525,4.22,323.364,30485.729,1330,West Virginia
1/31/2012,7.8,770.8373715,199540.8,WI,3.915,0.08,227.842,16068.805,712,Wisconsin
2/29/2012,7.7,807.912776,199540.8,WI,3.89,0.1,228.329,16068.805,738,Wisconsin
3/31/2012,7.6,788.1770759,199540.8,WI,3.954,0.13,228.807,16068.805,806,Wisconsin
4/30/2012,7.55,763.7433888,199540.8,WI,3.91,0.14,229.187,16207.115,732,Wisconsin
5/31/2012,7.65,955.6021729,199540.8,WI,3.798,0.16,228.713,16207.115,796,Wisconsin
6/30/2012,7.7,766.3690878,199540.8,WI,3.675,0.16,228.524,16207.115,794,Wisconsin
7/31/2012,7.65,763.0131929,199540.8,WI,3.55,0.16,228.59,16319.541,849,Wisconsin
8/31/2012,7.6,989.1819617,199540.8,WI,3.602,0.13,229.918,16319.541,840,Wisconsin
9/30/2012,7.45,976.5440169,199540.8,WI,3.4975,0.14,231.015,16319.541,930,Wisconsin
10/31/2012,7.45,986.0678376,199540.8,WI,3.3825,0.16,231.638,16420.419,887,Wisconsin
11/30/2012,7.4,1017.992439,199540.8,WI,3.352,0.16,231.249,16420.419,917,Wisconsin
12/31/2012,7.4,884.896888,199540.8,WI,3.345,0.16,231.221,16420.419,941,Wisconsin
1/31/2013,7.4,1057.460702,203555.1,WI,3.414,0.14,231.679,16648.189,940,Wisconsin
2/28/2013,7.3,1057.275823,203555.1,WI,3.5325,0.15,232.937,16648.189,980,Wisconsin
3/31/2013,7.25,1049.012188,203555.1,WI,3.565,0.14,232.282,16648.189,936,Wisconsin
4/30/2013,7.2,1091.462577,203555.1,WI,3.445,0.15,231.797,16728.687,1012,Wisconsin
5/31/2013,7.15,1055.705253,203555.1,WI,3.536,0.11,231.893,16728.687,1003,Wisconsin
6/30/2013,7.1,952.5250941,203555.1,WI,4.07,0.09,232.445,16728.687,942,Wisconsin
7/31/2013,7.1,1123.854863,203555.1,WI,4.37,0.09,232.9,16953.838,997,Wisconsin
8/31/2013,7.05,1105.30175,203555.1,WI,4.456,0.08,233.456,16953.838,964,Wisconsin
9/30/2013,6.95,1048.513301,203555.1,WI,4.49,0.08,233.544,16953.838,1004,Wisconsin
10/31/2013,6.85,1035.549375,203555.1,WI,4.192,0.09,233.669,17192.019,1044,Wisconsin
11/30/2013,6.7,994.0667857,203555.1,WI,4.255,0.08,234.1,17192.019,1029,Wisconsin
12/31/2013,6.6,968.7848964,203555.1,WI,4.4575,0.09,234.719,17192.019,1005,Wisconsin
1/31/2014,6.45,1184.295795,206073.95,WI,4.432,0.07,235.288,17197.738,976,Wisconsin
2/28/2014,6.35,1033.097412,206073.95,WI,4.3025,0.07,235.547,17197.738,1039,Wisconsin
3/31/2014,6.25,1056.902816,206073.95,WI,4.3425,0.08,236.028,17197.738,1067,Wisconsin
4/30/2014,6.15,1104.70702,206073.95,WI,4.3375,0.09,236.468,17518.508,1090,Wisconsin
5/31/2014,6.1,1106.132476,206073.95,WI,4.192,0.09,236.918,17518.508,1018,Wisconsin
6/30/2014,6.2,1140.411397,206073.95,WI,4.1625,0.1,237.231,17518.508,1010,Wisconsin
7/31/2014,6.1,1203.593038,206073.95,WI,4.13,0.09,237.498,17804.228,1076,Wisconsin
8/31/2014,6.05,1021.924831,206073.95,WI,4.115,0.09,237.46,17804.228,1047,Wisconsin
9/30/2014,5.9,1262.815376,206073.95,WI,4.1625,0.09,237.477,17804.228,1077,Wisconsin
10/31/2014,5.75,1283.484284,206073.95,WI,4.036,0.09,237.43,17912.079,1094,Wisconsin
11/30/2014,5.65,998.4800824,206073.95,WI,3.9975,0.09,236.983,17912.079,1059,Wisconsin
12/31/2014,5.6,1194.73778,206073.95,WI,3.864,0.12,236.252,17912.079,1072,Wisconsin
1/31/2015,5.55,1015.967511,211081.35,WI,3.67,0.11,234.747,18063.529,1049,Wisconsin
2/28/2015,5.6,1080.359105,211081.35,WI,3.71,0.11,235.342,18063.529,1127,Wisconsin
3/31/2015,5.55,983.2187761,211081.35,WI,3.77,0.11,235.976,18063.529,1072,Wisconsin
4/30/2015,5.5,1071.225361,211081.35,WI,3.672,0.12,236.222,18279.784,1166,Wisconsin
5/31/2015,5.35,1118.562121,211081.35,WI,3.84,0.12,237.001,18279.784,1272,Wisconsin
6/30/2015,5.25,1178.828793,211081.35,WI,3.9825,0.13,237.657,18279.784,1379,Wisconsin
7/31/2015,5.15,1230.957428,211081.35,WI,4.046,0.13,238.034,18401.626,1140,Wisconsin
8/31/2015,5.1,1276.596037,211081.35,WI,3.905,0.14,238.033,18401.626,1165,Wisconsin
9/30/2015,5,1161.541954,211081.35,WI,3.89,0.14,237.498,18401.626,1144,Wisconsin
10/31/2015,4.95,1294.096538,211081.35,WI,3.796,0.12,237.733,18435.137,1160,Wisconsin
11/30/2015,4.9,1186.267891,211081.35,WI,3.9425,0.12,238.017,18435.137,1244,Wisconsin
12/31/2015,4.9,1301.692609,211081.35,WI,3.964,0.24,237.761,18435.137,1211,Wisconsin
1/31/2016,4.9,1202.756665,217664.3,WI,3.8725,0.34,237.652,18525.933,1171,Wisconsin
2/29/2016,4.9,1210.550369,217664.3,WI,3.66,0.38,237.336,18525.933,1172,Wisconsin
3/31/2016,4.9,1170.136778,217664.3,WI,3.694,0.36,238.08,18525.933,1118,Wisconsin
4/30/2016,4.9,1232.27603,217664.3,WI,3.605,0.37,238.992,18711.702,1160,Wisconsin
5/31/2016,4.9,1166.487075,217664.3,WI,3.6,0.37,239.557,18711.702,1205,Wisconsin
6/30/2016,4.9,1286.868976,217664.3,WI,3.568,0.38,240.222,18711.702,1208,Wisconsin
7/31/2016,4.9,1073.062299,217664.3,WI,3.44,0.39,240.101,18892.639,1198,Wisconsin
8/31/2016,4.8,1327.012607,217664.3,WI,3.435,0.4,240.545,18892.639,1201,Wisconsin
9/30/2016,4.7,1330.227411,217664.3,WI,3.46,0.4,241.176,18892.639,1303,Wisconsin
10/31/2016,4.65,1116.781137,217664.3,WI,3.47,0.4,241.741,19089.379,1254,Wisconsin
11/30/2016,4.6,1146.387016,217664.3,WI,3.77,0.41,242.026,19089.379,1230,Wisconsin
12/31/2016,4.6,1148.49765,217664.3,WI,4.198,0.54,242.637,19089.379,1248,Wisconsin
1/31/2017,4.6,1113.027287,225236.05,WI,4.15,0.65,243.618,19280.084,1303,Wisconsin
2/28/2017,4.5,1199.682064,225236.05,WI,4.1675,0.66,244.006,19280.084,1234,Wisconsin
3/31/2017,4.45,1324.544488,225236.05,WI,4.196,0.79,243.892,19280.084,1272,Wisconsin
4/30/2017,4.4,1088.068897,225236.05,WI,4.045,0.9,244.193,19438.643,1251,Wisconsin
5/31/2017,4.3,1378.764859,225236.05,WI,4.01,0.91,244.004,19438.643,1208,Wisconsin
6/30/2017,4.3,1234.142193,225236.05,WI,3.904,1.04,244.163,19438.643,1353,Wisconsin
7/31/2017,4.25,1187.437912,225236.05,WI,3.9675,1.15,244.243,19692.595,1256,Wisconsin
8/31/2017,4.2,1387.511433,225236.05,WI,3.88,1.16,245.183,19692.595,1319,Wisconsin
9/30/2017,4.15,1297.123935,225236.05,WI,3.805,1.15,246.435,19692.595,1273,Wisconsin
10/31/2017,4.2,1269.097485,225236.05,WI,3.895,1.15,246.626,20037.088,1356,Wisconsin
11/30/2017,4.2,1291.991671,225236.05,WI,3.922,1.16,247.284,20037.088,1299,Wisconsin
12/31/2017,4.1,1348.43109,225236.05,WI,3.95,1.3,247.805,20037.088,1311,Wisconsin
1/31/2018,4.1,1296.291245,232985.8,WI,4.0325,1.41,248.859,20328.553,1317,Wisconsin
2/28/2018,4,1278.229389,232985.8,WI,4.33,1.42,249.529,20328.553,1321,Wisconsin
3/31/2018,4,1375.658009,232985.8,WI,4.444,1.51,249.577,20328.553,1385,Wisconsin
4/30/2018,3.9,1420.851893,232985.8,WI,4.4675,1.69,250.227,20580.912,1378,Wisconsin
5/31/2018,3.85,1423.550752,232985.8,WI,4.586,1.7,250.792,20580.912,1338,Wisconsin
6/30/2018,3.8,1197.333337,232985.8,WI,4.57,1.82,251.018,20580.912,1345,Wisconsin
7/31/2018,3.75,1151.242076,232985.8,WI,4.5275,1.91,251.214,20798.73,1334,Wisconsin
8/31/2018,3.75,1327.21545,232985.8,WI,4.55,1.91,251.663,20798.73,1273,Wisconsin
9/30/2018,3.75,1284.69425,232985.8,WI,4.6275,1.95,252.182,20798.73,1314,Wisconsin
10/31/2018,3.7,1271.388444,232985.8,WI,4.83,2.19,252.772,20917.867,1272,Wisconsin
11/30/2018,3.7,1301.260492,232985.8,WI,4.866,2.2,252.594,20917.867,1340,Wisconsin
12/31/2018,3.65,1126.900837,232985.8,WI,4.6375,2.27,252.767,20917.867,1317,Wisconsin
1/31/2019,3.65,1223.369901,239408.05,WI,4.464,2.4,252.561,21111.6,1254,Wisconsin
2/28/2019,3.6,1170.745641,239408.05,WI,4.37,2.4,253.319,21111.6,1286,Wisconsin
3/31/2019,3.5,1088.366248,239408.05,WI,4.265,2.41,254.277,21111.6,1295,Wisconsin
4/30/2019,3.45,1315.153053,239408.05,WI,4.1425,2.42,255.233,21397.938,1322,Wisconsin
5/31/2019,3.4,1297.468494,239408.05,WI,4.072,2.39,255.296,21397.938,1347,Wisconsin
6/30/2019,3.4,1083.190939,239408.05,WI,3.8025,2.38,255.213,21397.938,1299,Wisconsin
7/31/2019,3.45,1424.481144,239408.05,WI,3.765,2.4,255.802,21717.171,1379,Wisconsin
8/31/2019,3.5,1400.132793,239408.05,WI,3.616,2.13,256.036,21717.171,1482,Wisconsin
9/30/2019,3.5,1253.875438,239408.05,WI,3.605,2.04,256.43,21717.171,1469,Wisconsin
10/31/2019,3.4,1522.005571,239408.05,WI,3.688,1.83,257.155,21933.217,1523,Wisconsin
11/30/2019,3.4,1278.827325,239408.05,WI,3.695,1.55,257.879,21933.217,1535,Wisconsin
12/31/2019,3.45,1443.936238,239408.05,WI,3.72,1.55,258.63,21933.217,1443,Wisconsin
1/31/2020,3.5,1496.232908,229465.2,WI,3.624,1.55,259.127,21751.238,1495,Wisconsin
2/29/2020,3.6,1343.136325,229465.2,WI,3.465,1.58,259.25,21751.238,1455,Wisconsin
3/31/2020,3.7,1264.407414,229465.2,WI,3.45,0.65,258.076,21751.238,1346,Wisconsin
4/30/2020,13.4,1022.93096,229465.2,WI,3.306,0.05,256.032,19958.291,1076,Wisconsin
5/31/2020,11.7,1181.980891,229465.2,WI,3.2325,0.05,255.802,19958.291,1250,Wisconsin
6/30/2020,9.8,1381.405868,229465.2,WI,3.1625,0.08,257.042,19958.291,1334,Wisconsin
7/31/2020,8.5,1476.415765,229465.2,WI,3.016,0.09,258.352,21704.437,1546,Wisconsin
8/31/2020,7.4,1314.777776,229465.2,WI,2.935,0.1,259.316,21704.437,1533,Wisconsin
9/30/2020,7.1,1525.576407,229465.2,WI,2.89,0.09,259.997,21704.437,1636,Wisconsin
10/31/2020,6.45,1469.288006,229465.2,WI,2.834,0.09,260.319,22087.16,1613,Wisconsin
11/30/2020,6.3,1600.002112,229465.2,WI,2.765,0.09,260.911,22087.16,1703,Wisconsin
12/31/2020,6.25,1578.583834,229465.2,WI,2.684,0.09,262.045,22087.16,1752,Wisconsin
1/31/2021,5.95,1442.356658,244197.05,WI,2.735,0.09,262.639,22680.693,1855,Wisconsin
2/28/2021,6,1590.586187,244197.05,WI,2.81,0.08,263.573,22680.693,1711,Wisconsin
3/31/2021,5.95,1765.985333,244197.05,WI,3.0825,0.07,264.847,22680.693,1756,Wisconsin
4/30/2021,5.85,1723.152859,244197.05,WI,3.06,0.07,266.625,23425.91,1721,Wisconsin
5/31/2021,5.6,1480.416519,244197.05,WI,2.9625,0.06,268.404,23425.91,1703,Wisconsin
6/30/2021,5.35,1581.24158,244197.05,WI,2.975,0.08,270.71,23425.91,1654,Wisconsin
7/31/2021,5,1498.283567,244197.05,WI,2.868,0.1,271.965,23982.379,1658,Wisconsin
8/31/2021,4.7,1470.798757,244197.05,WI,2.8425,0.09,272.752,23982.379,1736,Wisconsin
9/30/2021,4.45,1589.968726,244197.05,WI,2.9,0.08,273.942,23982.379,1640,Wisconsin
10/31/2021,4.25,1446.34853,244197.05,WI,3.0675,0.08,276.528,24813.6,1707,Wisconsin
11/30/2021,4.05,1523.07433,244197.05,WI,3.0675,0.08,278.824,24813.6,1765,Wisconsin
12/31/2021,3.8,1692.128556,244197.05,WI,3.098,0.08,280.806,24813.6,1919,Wisconsin
1/31/2022,3.65,1649.20631,247140.25,WI,3.445,0.08,282.542,25250.347,1920,Wisconsin
2/28/2022,3.45,1716.198558,247140.25,WI,3.7625,0.08,284.525,25250.347,1857,Wisconsin
3/31/2022,3.25,1654.647657,247140.25,WI,4.172,0.2,287.467,25250.347,1868,Wisconsin
4/30/2022,3.25,1826.257035,247140.25,WI,4.9825,0.33,288.582,25861.292,1859,Wisconsin
5/31/2022,3.25,1501.951031,247140.25,WI,5.23,0.77,291.299,25861.292,1704,Wisconsin
6/30/2022,3.25,1687.429454,247140.25,WI,5.522,1.21,295.072,25861.292,1737,Wisconsin
7/31/2022,3.3,1471.852946,247140.25,WI,5.4125,1.68,294.94,26336.304,1703,Wisconsin
8/31/2022,3.25,1351.704048,247140.25,WI,5.2225,2.33,295.162,26336.304,1557,Wisconsin
9/30/2022,3.3,1500.85975,247140.25,WI,6.112,2.56,296.421,26336.304,1600,Wisconsin
10/31/2022,3.3,1258.406926,247140.25,WI,6.9,3.08,297.979,26770.514,1594,Wisconsin
11/30/2022,3.3,1178.79923,247140.25,WI,6.805,3.78,298.708,26770.514,1401,Wisconsin
12/31/2022,3.3,1226.314187,247140.25,WI,6.364,4.1,298.808,26770.514,1410,Wisconsin
1/31/2023,3.3,1250.780745,253486.4,WI,6.2725,4.33,300.456,27216.445,1410,Wisconsin
2/28/2023,3.3,1302.023951,253486.4,WI,6.2575,4.57,301.476,27216.445,1618,Wisconsin
3/31/2023,3.2,1272.514423,253486.4,WI,6.544,4.65,301.643,27216.445,1480,Wisconsin
4/30/2023,3.1,1291.546743,253486.4,WI,6.3425,4.83,302.858,27530.055,1474,Wisconsin
5/31/2023,3.15,1482.584697,253486.4,WI,6.425,5.06,303.316,27530.055,1575,Wisconsin
6/30/2023,3.2,1294.540265,253486.4,WI,6.714,5.08,304.099,27530.055,1464,Wisconsin
7/31/2023,3.25,1379.229405,253486.4,WI,6.84,5.12,304.615,28074.846,1522,Wisconsin
8/31/2023,3.3,1328.345044,253486.4,WI,7.072,5.33,306.138,28074.846,1561,Wisconsin
9/30/2023,3.4,1282.042936,253486.4,WI,7.2,5.33,307.374,28074.846,1537,Wisconsin
10/31/2023,3.4,1255.585444,253486.4,WI,7.62,5.33,307.653,28424.722,1528,Wisconsin
11/30/2023,3.55,1389.205899,253486.4,WI,7.442,5.33,308.087,28424.722,1503,Wisconsin
12/31/2023,3.55,1325.617412,253486.4,WI,6.815,5.33,308.735,28424.722,1519,Wisconsin
1/31/2024,3.5,1363.15034,260201.8,WI,6.6425,5.33,309.794,28708.161,1545,Wisconsin
2/29/2024,3.5,1416.826634,260201.8,WI,6.776,5.33,311.022,28708.161,1577,Wisconsin
3/31/2024,3.55,1292.951903,260201.8,WI,6.82,5.33,312.107,28708.161,1476,Wisconsin
4/30/2024,3.6,1283.745514,260201.8,WI,6.9925,5.33,313.016,29147.044,1459,Wisconsin
5/31/2024,3.6,1316.718797,260201.8,WI,7.06,5.33,313.14,29147.044,1407,Wisconsin
6/30/2024,3.65,1312.826292,260201.8,WI,6.9175,5.33,313.131,29147.044,1461,Wisconsin
7/31/2024,3.7,1358.046786,260201.8,WI,6.8475,5.33,313.566,29511.664,1436,Wisconsin
8/31/2024,3.7,1492.984046,260201.8,WI,6.5,5.33,314.131,29511.664,1476,Wisconsin
9/30/2024,3.75,1296.556872,260201.8,WI,6.18,5.13,314.851,29511.664,1434,Wisconsin
10/31/2024,3.75,1328.763232,260201.8,WI,6.428,4.83,315.564,29825.182,1428,Wisconsin
11/30/2024,3.75,1248.913287,260201.8,WI,6.805,4.64,316.449,29825.182,1508,Wisconsin
12/31/2024,3.75,1269.969383,260201.8,WI,6.715,4.48,317.603,29825.182,1480,Wisconsin
1/31/2025,3.8,1337.422505,260201.8,WI,6.958,4.33,319.086,30042.113,1460,Wisconsin
2/28/2025,3.8,1337.822022,260201.8,WI,6.8425,4.33,319.775,30042.113,1454,Wisconsin
3/31/2025,3.8,1206.603998,260201.8,WI,6.65,4.33,319.615,30042.113,1481,Wisconsin
4/30/2025,3.9,1400.80925,260201.8,WI,6.725,4.33,320.321,30485.729,1422,Wisconsin
5/31/2025,3.95,1297.098311,260201.8,WI,6.816,4.33,320.58,30485.729,1394,Wisconsin
6/30/2025,4,1242.885615,260201.8,WI,6.8175,4.33,321.5,30485.729,1393,Wisconsin
7/31/2025,3.95,1234.287131,260201.8,WI,6.72,4.33,322.132,30485.729,1362,Wisconsin
8/31/2025,3.95,1322.321914,260201.8,WI,6.5875,4.33,323.364,30485.729,1330,Wisconsin
9/30/2025,4.4,1258.406926,260201.8,WI,6.3525,4.22,323.364,30485.729,1330,Wisconsin
1/31/2012,7.8,770.8373715,199540.8,WY,3.915,0.08,227.842,16068.805,712,Wyoming
2/29/2012,7.7,807.912776,199540.8,WY,3.89,0.1,228.329,16068.805,738,Wyoming
3/31/2012,7.6,788.1770759,199540.8,WY,3.954,0.13,228.807,16068.805,806,Wyoming
4/30/2012,7.55,763.7433888,199540.8,WY,3.91,0.14,229.187,16207.115,732,Wyoming
5/31/2012,7.65,955.6021729,199540.8,WY,3.798,0.16,228.713,16207.115,796,Wyoming
6/30/2012,7.7,766.3690878,199540.8,WY,3.675,0.16,228.524,16207.115,794,Wyoming
7/31/2012,7.65,763.0131929,199540.8,WY,3.55,0.16,228.59,16319.541,849,Wyoming
8/31/2012,7.6,989.1819617,199540.8,WY,3.602,0.13,229.918,16319.541,840,Wyoming
9/30/2012,7.45,976.5440169,199540.8,WY,3.4975,0.14,231.015,16319.541,930,Wyoming
10/31/2012,7.45,986.0678376,199540.8,WY,3.3825,0.16,231.638,16420.419,887,Wyoming
11/30/2012,7.4,1017.992439,199540.8,WY,3.352,0.16,231.249,16420.419,917,Wyoming
12/31/2012,7.4,884.896888,199540.8,WY,3.345,0.16,231.221,16420.419,941,Wyoming
1/31/2013,7.4,1057.460702,203555.1,WY,3.414,0.14,231.679,16648.189,940,Wyoming
2/28/2013,7.3,1057.275823,203555.1,WY,3.5325,0.15,232.937,16648.189,980,Wyoming
3/31/2013,7.25,1049.012188,203555.1,WY,3.565,0.14,232.282,16648.189,936,Wyoming
4/30/2013,7.2,1091.462577,203555.1,WY,3.445,0.15,231.797,16728.687,1012,Wyoming
5/31/2013,7.15,1055.705253,203555.1,WY,3.536,0.11,231.893,16728.687,1003,Wyoming
6/30/2013,7.1,952.5250941,203555.1,WY,4.07,0.09,232.445,16728.687,942,Wyoming
7/31/2013,7.1,1123.854863,203555.1,WY,4.37,0.09,232.9,16953.838,997,Wyoming
8/31/2013,7.05,1105.30175,203555.1,WY,4.456,0.08,233.456,16953.838,964,Wyoming
9/30/2013,6.95,1048.513301,203555.1,WY,4.49,0.08,233.544,16953.838,1004,Wyoming
10/31/2013,6.85,1035.549375,203555.1,WY,4.192,0.09,233.669,17192.019,1044,Wyoming
11/30/2013,6.7,994.0667857,203555.1,WY,4.255,0.08,234.1,17192.019,1029,Wyoming
12/31/2013,6.6,968.7848964,203555.1,WY,4.4575,0.09,234.719,17192.019,1005,Wyoming
1/31/2014,6.45,1184.295795,206073.95,WY,4.432,0.07,235.288,17197.738,976,Wyoming
2/28/2014,6.35,1033.097412,206073.95,WY,4.3025,0.07,235.547,17197.738,1039,Wyoming
3/31/2014,6.25,1056.902816,206073.95,WY,4.3425,0.08,236.028,17197.738,1067,Wyoming
4/30/2014,6.15,1104.70702,206073.95,WY,4.3375,0.09,236.468,17518.508,1090,Wyoming
5/31/2014,6.1,1106.132476,206073.95,WY,4.192,0.09,236.918,17518.508,1018,Wyoming
6/30/2014,6.2,1140.411397,206073.95,WY,4.1625,0.1,237.231,17518.508,1010,Wyoming
7/31/2014,6.1,1203.593038,206073.95,WY,4.13,0.09,237.498,17804.228,1076,Wyoming
8/31/2014,6.05,1021.924831,206073.95,WY,4.115,0.09,237.46,17804.228,1047,Wyoming
9/30/2014,5.9,1262.815376,206073.95,WY,4.1625,0.09,237.477,17804.228,1077,Wyoming
10/31/2014,5.75,1283.484284,206073.95,WY,4.036,0.09,237.43,17912.079,1094,Wyoming
11/30/2014,5.65,998.4800824,206073.95,WY,3.9975,0.09,236.983,17912.079,1059,Wyoming
12/31/2014,5.6,1194.73778,206073.95,WY,3.864,0.12,236.252,17912.079,1072,Wyoming
1/31/2015,5.55,1015.967511,211081.35,WY,3.67,0.11,234.747,18063.529,1049,Wyoming
2/28/2015,5.6,1080.359105,211081.35,WY,3.71,0.11,235.342,18063.529,1127,Wyoming
3/31/2015,5.55,983.2187761,211081.35,WY,3.77,0.11,235.976,18063.529,1072,Wyoming
4/30/2015,5.5,1071.225361,211081.35,WY,3.672,0.12,236.222,18279.784,1166,Wyoming
5/31/2015,5.35,1118.562121,211081.35,WY,3.84,0.12,237.001,18279.784,1272,Wyoming
6/30/2015,5.25,1178.828793,211081.35,WY,3.9825,0.13,237.657,18279.784,1379,Wyoming
7/31/2015,5.15,1230.957428,211081.35,WY,4.046,0.13,238.034,18401.626,1140,Wyoming
8/31/2015,5.1,1276.596037,211081.35,WY,3.905,0.14,238.033,18401.626,1165,Wyoming
9/30/2015,5,1161.541954,211081.35,WY,3.89,0.14,237.498,18401.626,1144,Wyoming
10/31/2015,4.95,1294.096538,211081.35,WY,3.796,0.12,237.733,18435.137,1160,Wyoming
11/30/2015,4.9,1186.267891,211081.35,WY,3.9425,0.12,238.017,18435.137,1244,Wyoming
12/31/2015,4.9,1301.692609,211081.35,WY,3.964,0.24,237.761,18435.137,1211,Wyoming
1/31/2016,4.9,1202.756665,217664.3,WY,3.8725,0.34,237.652,18525.933,1171,Wyoming
2/29/2016,4.9,1210.550369,217664.3,WY,3.66,0.38,237.336,18525.933,1172,Wyoming
3/31/2016,4.9,1170.136778,217664.3,WY,3.694,0.36,238.08,18525.933,1118,Wyoming
4/30/2016,4.9,1232.27603,217664.3,WY,3.605,0.37,238.992,18711.702,1160,Wyoming
5/31/2016,4.9,1166.487075,217664.3,WY,3.6,0.37,239.557,18711.702,1205,Wyoming
6/30/2016,4.9,1286.868976,217664.3,WY,3.568,0.38,240.222,18711.702,1208,Wyoming
7/31/2016,4.9,1073.062299,217664.3,WY,3.44,0.39,240.101,18892.639,1198,Wyoming
8/31/2016,4.8,1327.012607,217664.3,WY,3.435,0.4,240.545,18892.639,1201,Wyoming
9/30/2016,4.7,1330.227411,217664.3,WY,3.46,0.4,241.176,18892.639,1303,Wyoming
10/31/2016,4.65,1116.781137,217664.3,WY,3.47,0.4,241.741,19089.379,1254,Wyoming
11/30/2016,4.6,1146.387016,217664.3,WY,3.77,0.41,242.026,19089.379,1230,Wyoming
12/31/2016,4.6,1148.49765,217664.3,WY,4.198,0.54,242.637,19089.379,1248,Wyoming
1/31/2017,4.6,1113.027287,225236.05,WY,4.15,0.65,243.618,19280.084,1303,Wyoming
2/28/2017,4.5,1199.682064,225236.05,WY,4.1675,0.66,244.006,19280.084,1234,Wyoming
3/31/2017,4.45,1324.544488,225236.05,WY,4.196,0.79,243.892,19280.084,1272,Wyoming
4/30/2017,4.4,1088.068897,225236.05,WY,4.045,0.9,244.193,19438.643,1251,Wyoming
5/31/2017,4.3,1378.764859,225236.05,WY,4.01,0.91,244.004,19438.643,1208,Wyoming
6/30/2017,4.3,1234.142193,225236.05,WY,3.904,1.04,244.163,19438.643,1353,Wyoming
7/31/2017,4.25,1187.437912,225236.05,WY,3.9675,1.15,244.243,19692.595,1256,Wyoming
8/31/2017,4.2,1387.511433,225236.05,WY,3.88,1.16,245.183,19692.595,1319,Wyoming
9/30/2017,4.15,1297.123935,225236.05,WY,3.805,1.15,246.435,19692.595,1273,Wyoming
10/31/2017,4.2,1269.097485,225236.05,WY,3.895,1.15,246.626,20037.088,1356,Wyoming
11/30/2017,4.2,1291.991671,225236.05,WY,3.922,1.16,247.284,20037.088,1299,Wyoming
12/31/2017,4.1,1348.43109,225236.05,WY,3.95,1.3,247.805,20037.088,1311,Wyoming
1/31/2018,4.1,1296.291245,232985.8,WY,4.0325,1.41,248.859,20328.553,1317,Wyoming
2/28/2018,4,1278.229389,232985.8,WY,4.33,1.42,249.529,20328.553,1321,Wyoming
3/31/2018,4,1375.658009,232985.8,WY,4.444,1.51,249.577,20328.553,1385,Wyoming
4/30/2018,3.9,1420.851893,232985.8,WY,4.4675,1.69,250.227,20580.912,1378,Wyoming
5/31/2018,3.85,1423.550752,232985.8,WY,4.586,1.7,250.792,20580.912,1338,Wyoming
6/30/2018,3.8,1197.333337,232985.8,WY,4.57,1.82,251.018,20580.912,1345,Wyoming
7/31/2018,3.75,1151.242076,232985.8,WY,4.5275,1.91,251.214,20798.73,1334,Wyoming
8/31/2018,3.75,1327.21545,232985.8,WY,4.55,1.91,251.663,20798.73,1273,Wyoming
9/30/2018,3.75,1284.69425,232985.8,WY,4.6275,1.95,252.182,20798.73,1314,Wyoming
10/31/2018,3.7,1271.388444,232985.8,WY,4.83,2.19,252.772,20917.867,1272,Wyoming
11/30/2018,3.7,1301.260492,232985.8,WY,4.866,2.2,252.594,20917.867,1340,Wyoming
12/31/2018,3.65,1126.900837,232985.8,WY,4.6375,2.27,252.767,20917.867,1317,Wyoming
1/31/2019,3.65,1223.369901,239408.05,WY,4.464,2.4,252.561,21111.6,1254,Wyoming
2/28/2019,3.6,1170.745641,239408.05,WY,4.37,2.4,253.319,21111.6,1286,Wyoming
3/31/2019,3.5,1088.366248,239408.05,WY,4.265,2.41,254.277,21111.6,1295,Wyoming
4/30/2019,3.45,1315.153053,239408.05,WY,4.1425,2.42,255.233,21397.938,1322,Wyoming
5/31/2019,3.4,1297.468494,239408.05,WY,4.072,2.39,255.296,21397.938,1347,Wyoming
6/30/2019,3.4,1083.190939,239408.05,WY,3.8025,2.38,255.213,21397.938,1299,Wyoming
7/31/2019,3.45,1424.481144,239408.05,WY,3.765,2.4,255.802,21717.171,1379,Wyoming
8/31/2019,3.5,1400.132793,239408.05,WY,3.616,2.13,256.036,21717.171,1482,Wyoming
9/30/2019,3.5,1253.875438,239408.05,WY,3.605,2.04,256.43,21717.171,1469,Wyoming
10/31/2019,3.4,1522.005571,239408.05,WY,3.688,1.83,257.155,21933.217,1523,Wyoming
11/30/2019,3.4,1278.827325,239408.05,WY,3.695,1.55,257.879,21933.217,1535,Wyoming
12/31/2019,3.45,1443.936238,239408.05,WY,3.72,1.55,258.63,21933.217,1443,Wyoming
1/31/2020,3.5,1496.232908,229465.2,WY,3.624,1.55,259.127,21751.238,1495,Wyoming
2/29/2020,3.6,1343.136325,229465.2,WY,3.465,1.58,259.25,21751.238,1455,Wyoming
3/31/2020,3.7,1264.407414,229465.2,WY,3.45,0.65,258.076,21751.238,1346,Wyoming
4/30/2020,13.4,1022.93096,229465.2,WY,3.306,0.05,256.032,19958.291,1076,Wyoming
5/31/2020,11.7,1181.980891,229465.2,WY,3.2325,0.05,255.802,19958.291,1250,Wyoming
6/30/2020,9.8,1381.405868,229465.2,WY,3.1625,0.08,257.042,19958.291,1334,Wyoming
7/31/2020,8.5,1476.415765,229465.2,WY,3.016,0.09,258.352,21704.437,1546,Wyoming
8/31/2020,7.4,1314.777776,229465.2,WY,2.935,0.1,259.316,21704.437,1533,Wyoming
9/30/2020,7.1,1525.576407,229465.2,WY,2.89,0.09,259.997,21704.437,1636,Wyoming
10/31/2020,6.45,1469.288006,229465.2,WY,2.834,0.09,260.319,22087.16,1613,Wyoming
11/30/2020,6.3,1600.002112,229465.2,WY,2.765,0.09,260.911,22087.16,1703,Wyoming
12/31/2020,6.25,1578.583834,229465.2,WY,2.684,0.09,262.045,22087.16,1752,Wyoming
1/31/2021,5.95,1442.356658,244197.05,WY,2.735,0.09,262.639,22680.693,1855,Wyoming
2/28/2021,6,1590.586187,244197.05,WY,2.81,0.08,263.573,22680.693,1711,Wyoming
3/31/2021,5.95,1765.985333,244197.05,WY,3.0825,0.07,264.847,22680.693,1756,Wyoming
4/30/2021,5.85,1723.152859,244197.05,WY,3.06,0.07,266.625,23425.91,1721,Wyoming
5/31/2021,5.6,1480.416519,244197.05,WY,2.9625,0.06,268.404,23425.91,1703,Wyoming
6/30/2021,5.35,1581.24158,244197.05,WY,2.975,0.08,270.71,23425.91,1654,Wyoming
7/31/2021,5,1498.283567,244197.05,WY,2.868,0.1,271.965,23982.379,1658,Wyoming
8/31/2021,4.7,1470.798757,244197.05,WY,2.8425,0.09,272.752,23982.379,1736,Wyoming
9/30/2021,4.45,1589.968726,244197.05,WY,2.9,0.08,273.942,23982.379,1640,Wyoming
10/31/2021,4.25,1446.34853,244197.05,WY,3.0675,0.08,276.528,24813.6,1707,Wyoming
11/30/2021,4.05,1523.07433,244197.05,WY,3.0675,0.08,278.824,24813.6,1765,Wyoming
12/31/2021,3.8,1692.128556,244197.05,WY,3.098,0.08,280.806,24813.6,1919,Wyoming
1/31/2022,3.65,1649.20631,247140.25,WY,3.445,0.08,282.542,25250.347,1920,Wyoming
2/28/2022,3.45,1716.198558,247140.25,WY,3.7625,0.08,284.525,25250.347,1857,Wyoming
3/31/2022,3.25,1654.647657,247140.25,WY,4.172,0.2,287.467,25250.347,1868,Wyoming
4/30/2022,3.25,1826.257035,247140.25,WY,4.9825,0.33,288.582,25861.292,1859,Wyoming
5/31/2022,3.25,1501.951031,247140.25,WY,5.23,0.77,291.299,25861.292,1704,Wyoming
6/30/2022,3.25,1687.429454,247140.25,WY,5.522,1.21,295.072,25861.292,1737,Wyoming
7/31/2022,3.3,1471.852946,247140.25,WY,5.4125,1.68,294.94,26336.304,1703,Wyoming
8/31/2022,3.25,1351.704048,247140.25,WY,5.2225,2.33,295.162,26336.304,1557,Wyoming
9/30/2022,3.3,1500.85975,247140.25,WY,6.112,2.56,296.421,26336.304,1600,Wyoming
10/31/2022,3.3,1258.406926,247140.25,WY,6.9,3.08,297.979,26770.514,1594,Wyoming
11/30/2022,3.3,1178.79923,247140.25,WY,6.805,3.78,298.708,26770.514,1401,Wyoming
12/31/2022,3.3,1226.314187,247140.25,WY,6.364,4.1,298.808,26770.514,1410,Wyoming
1/31/2023,3.3,1250.780745,253486.4,WY,6.2725,4.33,300.456,27216.445,1410,Wyoming
2/28/2023,3.3,1302.023951,253486.4,WY,6.2575,4.57,301.476,27216.445,1618,Wyoming
3/31/2023,3.2,1272.514423,253486.4,WY,6.544,4.65,301.643,27216.445,1480,Wyoming
4/30/2023,3.1,1291.546743,253486.4,WY,6.3425,4.83,302.858,27530.055,1474,Wyoming
5/31/2023,3.15,1482.584697,253486.4,WY,6.425,5.06,303.316,27530.055,1575,Wyoming
6/30/2023,3.2,1294.540265,253486.4,WY,6.714,5.08,304.099,27530.055,1464,Wyoming
7/31/2023,3.25,1379.229405,253486.4,WY,6.84,5.12,304.615,28074.846,1522,Wyoming
8/31/2023,3.3,1328.345044,253486.4,WY,7.072,5.33,306.138,28074.846,1561,Wyoming
9/30/2023,3.4,1282.042936,253486.4,WY,7.2,5.33,307.374,28074.846,1537,Wyoming
10/31/2023,3.4,1255.585444,253486.4,WY,7.62,5.33,307.653,28424.722,1528,Wyoming
11/30/2023,3.55,1389.205899,253486.4,WY,7.442,5.33,308.087,28424.722,1503,Wyoming
12/31/2023,3.55,1325.617412,253486.4,WY,6.815,5.33,308.735,28424.722,1519,Wyoming
1/31/2024,3.5,1363.15034,260201.8,WY,6.6425,5.33,309.794,28708.161,1545,Wyoming
2/29/2024,3.5,1416.826634,260201.8,WY,6.776,5.33,311.022,28708.161,1577,Wyoming
3/31/2024,3.55,1292.951903,260201.8,WY,6.82,5.33,312.107,28708.161,1476,Wyoming
4/30/2024,3.6,1283.745514,260201.8,WY,6.9925,5.33,313.016,29147.044,1459,Wyoming
5/31/2024,3.6,1316.718797,260201.8,WY,7.06,5.33,313.14,29147.044,1407,Wyoming
6/30/2024,3.65,1312.826292,260201.8,WY,6.9175,5.33,313.131,29147.044,1461,Wyoming
7/31/2024,3.7,1358.046786,260201.8,WY,6.8475,5.33,313.566,29511.664,1436,Wyoming
8/31/2024,3.7,1492.984046,260201.8,WY,6.5,5.33,314.131,29511.664,1476,Wyoming
9/30/2024,3.75,1296.556872,260201.8,WY,6.18,5.13,314.851,29511.664,1434,Wyoming
10/31/2024,3.75,1328.763232,260201.8,WY,6.428,4.83,315.564,29825.182,1428,Wyoming
11/30/2024,3.75,1248.913287,260201.8,WY,6.805,4.64,316.449,29825.182,1508,Wyoming
12/31/2024,3.75,1269.969383,260201.8,WY,6.715,4.48,317.603,29825.182,1480,Wyoming
1/31/2025,3.8,1337.422505,260201.8,WY,6.958,4.33,319.086,30042.113,1460,Wyoming
2/28/2025,3.8,1337.822022,260201.8,WY,6.8425,4.33,319.775,30042.113,1454,Wyoming
3/31/2025,3.8,1206.603998,260201.8,WY,6.65,4.33,319.615,30042.113,1481,Wyoming
4/30/2025,3.9,1400.80925,260201.8,WY,6.725,4.33,320.321,30485.729,1422,Wyoming
5/31/2025,3.95,1297.098311,260201.8,WY,6.816,4.33,320.58,30485.729,1394,Wyoming
6/30/2025,4,1242.885615,260201.8,WY,6.8175,4.33,321.5,30485.729,1393,Wyoming
7/31/2025,3.95,1234.287131,260201.8,WY,6.72,4.33,322.132,30485.729,1362,Wyoming
8/31/2025,3.95,1322.321914,260201.8,WY,6.5875,4.33,323.364,30485.729,1330,Wyoming
9/30/2025,4.4,1258.406926,260201.8,WY,6.3525,4.22,323.364,30485.729,1330,Wyoming
